BHK,Rent,Size,AreaType,City,FurnishingStatus,Preferred,Bathroom,Contact
2,10000,1100,Super Area,Kolkata,Unfurnished,Bachelors/Family,2,Contact Owner
2,20000,800,Super Area,Kolkata,Semi-Furnished,Bachelors/Family,1,Contact Owner
2,17000,1000,Super Area,Kolkata,Semi-Furnished,Bachelors/Family,1,Contact Owner
2,10000,800,Super Area,Kolkata,Unfurnished,Bachelors/Family,1,Contact Owner
2,7500,850,Carpet Area,Kolkata,Unfurnished,Bachelors,1,Contact Owner
2,7000,600,Super Area,Kolkata,Unfurnished,Bachelors/Family,2,Contact Owner
2,10000,700,Super Area,Kolkata,Unfurnished,Bachelors,2,Contact Agent
1,5000,250,Super Area,Kolkata,Unfurnished,Bachelors,1,Contact Agent
2,26000,800,Carpet Area,Kolkata,Unfurnished,Bachelors,2,Contact Agent
2,10000,1000,Carpet Area,Kolkata,Semi-Furnished,Bachelors/Family,2,Contact Owner
3,25000,1200,Carpet Area,Kolkata,Semi-Furnished,Bachelors/Family,2,Contact Agent
1,5000,400,Carpet Area,Kolkata,Unfurnished,Bachelors/Family,1,Contact Agent
1,6500,250,Carpet Area,Kolkata,Furnished,Bachelors,1,Contact Owner
1,5500,375,Carpet Area,Kolkata,Unfurnished,Bachelors/Family,1,Contact Agent
3,8500,900,Carpet Area,Kolkata,Unfurnished,Bachelors,2,Contact Owner
3,40000,1286,Carpet Area,Kolkata,Furnished,Bachelors/Family,2,Contact Owner
2,6000,600,Super Area,Kolkata,Semi-Furnished,Bachelors/Family,1,Contact Owner
2,10000,800,Super Area,Kolkata,Unfurnished,Bachelors/Family,1,Contact Owner
2,11000,2000,Carpet Area,Kolkata,Unfurnished,Bachelors/Family,1,Contact Owner
2,6000,660,Super Area,Kolkata,Unfurnished,Bachelors/Family,1,Contact Owner
2,7900,650,Carpet Area,Kolkata,Unfurnished,Family,1,Contact Owner
2,9000,400,Carpet Area,Kolkata,Unfurnished,Bachelors,2,Contact Owner
1,4000,300,Carpet Area,Kolkata,Unfurnished,Bachelors/Family,1,Contact Owner
3,6500,1600,Super Area,Kolkata,Unfurnished,Bachelors/Family,1,Contact Owner
1,8000,400,Super Area,Kolkata,Semi-Furnished,Bachelors,1,Contact Agent
2,7000,1000,Super Area,Kolkata,Unfurnished,Bachelors/Family,1,Contact Owner
1,5300,355,Carpet Area,Kolkata,Semi-Furnished,Bachelors/Family,1,Contact Agent
2,6000,1000,Super Area,Kolkata,Semi-Furnished,Bachelors/Family,1,Contact Owner
2,8500,800,Super Area,Kolkata,Unfurnished,Bachelors/Family,1,Contact Owner
2,12500,850,Super Area,Kolkata,Unfurnished,Bachelors/Family,2,Contact Owner
1,7500,350,Carpet Area,Kolkata,Unfurnished,Bachelors/Family,1,Contact Owner
2,15000,900,Carpet Area,Kolkata,Unfurnished,Bachelors/Family,2,Contact Owner
2,6000,550,Super Area,Kolkata,Semi-Furnished,Bachelors/Family,1,Contact Owner
2,5000,500,Carpet Area,Kolkata,Unfurnished,Bachelors/Family,2,Contact Owner
3,22000,1100,Carpet Area,Kolkata,Unfurnished,Bachelors/Family,1,Contact Owner
2,15000,850,Carpet Area,Kolkata,Semi-Furnished,Bachelors/Family,1,Contact Owner
2,12500,800,Carpet Area,Kolkata,Unfurnished,Bachelors,1,Contact Agent
2,7000,630,Carpet Area,Kolkata,Unfurnished,Bachelors,1,Contact Owner
2,21000,900,Carpet Area,Kolkata,Semi-Furnished,Bachelors,2,Contact Owner
1,10000,270,Carpet Area,Kolkata,Semi-Furnished,Bachelors/Family,1,Contact Owner
2,7200,630,Carpet Area,Kolkata,Semi-Furnished,Bachelors/Family,1,Contact Owner
3,12000,1500,Carpet Area,Kolkata,Furnished,Bachelors,2,Contact Owner
1,5000,600,Super Area,Kolkata,Unfurnished,Bachelors/Family,1,Contact Owner
2,8500,700,Carpet Area,Kolkata,Semi-Furnished,Bachelors/Family,1,Contact Owner
1,6000,300,Super Area,Kolkata,Semi-Furnished,Bachelors/Family,1,Contact Owner
2,10000,1300,Super Area,Kolkata,Semi-Furnished,Family,2,Contact Owner
2,4600,400,Carpet Area,Kolkata,Semi-Furnished,Bachelors,1,Contact Owner
2,12000,650,Super Area,Kolkata,Unfurnished,Family,2,Contact Owner
3,30000,2000,Super Area,Kolkata,Semi-Furnished,Bachelors/Family,2,Contact Owner
3,15000,1068,Super Area,Kolkata,Semi-Furnished,Bachelors/Family,2,Contact Owner
1,7500,150,Super Area,Kolkata,Furnished,Bachelors/Family,1,Contact Owner
1,7500,450,Carpet Area,Kolkata,Unfurnished,Bachelors,1,Contact Owner
2,5000,800,Carpet Area,Kolkata,Unfurnished,Bachelors/Family,1,Contact Owner
2,15000,1000,Super Area,Kolkata,Unfurnished,Bachelors/Family,2,Contact Owner
2,11000,900,Super Area,Kolkata,Semi-Furnished,Bachelors,1,Contact Owner
1,7000,600,Carpet Area,Kolkata,Unfurnished,Bachelors/Family,1,Contact Owner
2,6000,1200,Super Area,Kolkata,Unfurnished,Bachelors/Family,1,Contact Owner
2,6000,1200,Super Area,Kolkata,Semi-Furnished,Bachelors,2,Contact Owner
2,7000,650,Super Area,Kolkata,Semi-Furnished,Bachelors/Family,2,Contact Owner
2,8500,720,Carpet Area,Kolkata,Semi-Furnished,Bachelors/Family,2,Contact Owner
1,5000,300,Carpet Area,Kolkata,Unfurnished,Bachelors,1,Contact Owner
3,30000,1200,Carpet Area,Kolkata,Unfurnished,Bachelors/Family,3,Contact Agent
2,10000,700,Carpet Area,Kolkata,Unfurnished,Bachelors/Family,2,Contact Owner
3,30000,2000,Super Area,Kolkata,Semi-Furnished,Bachelors/Family,2,Contact Owner
1,3500,250,Super Area,Kolkata,Semi-Furnished,Bachelors/Family,1,Contact Owner
2,8000,1100,Carpet Area,Kolkata,Unfurnished,Bachelors,1,Contact Owner
1,5000,300,Carpet Area,Kolkata,Unfurnished,Bachelors/Family,1,Contact Owner
2,7500,600,Super Area,Kolkata,Semi-Furnished,Bachelors/Family,1,Contact Owner
2,6500,800,Carpet Area,Kolkata,Unfurnished,Bachelors/Family,1,Contact Owner
1,7500,680,Super Area,Kolkata,Unfurnished,Bachelors/Family,1,Contact Owner
1,7500,680,Super Area,Kolkata,Unfurnished,Bachelors/Family,1,Contact Owner
2,16000,850,Carpet Area,Kolkata,Semi-Furnished,Bachelors,1,Contact Agent
2,16000,850,Carpet Area,Kolkata,Semi-Furnished,Bachelors,1,Contact Agent
2,6500,700,Super Area,Kolkata,Unfurnished,Bachelors,1,Contact Owner
3,40000,1500,Super Area,Kolkata,Unfurnished,Bachelors/Family,2,Contact Owner
2,12500,950,Super Area,Kolkata,Semi-Furnished,Bachelors/Family,2,Contact Owner
2,5500,500,Super Area,Kolkata,Unfurnished,Bachelors/Family,1,Contact Owner
1,5000,450,Carpet Area,Kolkata,Semi-Furnished,Bachelors/Family,1,Contact Owner
2,6500,700,Super Area,Kolkata,Unfurnished,Bachelors,1,Contact Owner
1,8000,500,Super Area,Kolkata,Unfurnished,Bachelors/Family,1,Contact Owner
3,14500,1800,Super Area,Kolkata,Semi-Furnished,Bachelors/Family,2,Contact Owner
1,8200,500,Carpet Area,Kolkata,Semi-Furnished,Bachelors/Family,1,Contact Owner
2,15000,480,Carpet Area,Kolkata,Furnished,Bachelors/Family,2,Contact Owner
6,20000,1000,Super Area,Kolkata,Semi-Furnished,Bachelors/Family,2,Contact Owner
2,6700,800,Super Area,Kolkata,Furnished,Bachelors/Family,1,Contact Owner
1,10000,435,Super Area,Kolkata,Unfurnished,Bachelors/Family,1,Contact Owner
2,7000,700,Carpet Area,Kolkata,Semi-Furnished,Bachelors/Family,2,Contact Agent
2,22000,800,Super Area,Kolkata,Furnished,Bachelors/Family,1,Contact Agent
2,6500,450,Super Area,Kolkata,Unfurnished,Bachelors/Family,1,Contact Owner
2,8500,550,Carpet Area,Kolkata,Semi-Furnished,Bachelors/Family,1,Contact Agent
2,18000,800,Carpet Area,Kolkata,Unfurnished,Bachelors,2,Contact Agent
2,12000,550,Carpet Area,Kolkata,Semi-Furnished,Family,2,Contact Owner
1,9000,600,Super Area,Kolkata,Furnished,Bachelors/Family,1,Contact Owner
1,6000,500,Super Area,Kolkata,Unfurnished,Bachelors/Family,1,Contact Owner
2,20000,1000,Super Area,Kolkata,Furnished,Bachelors/Family,2,Contact Owner
1,5000,300,Carpet Area,Kolkata,Unfurnished,Bachelors/Family,1,Contact Owner
2,12000,1200,Super Area,Kolkata,Furnished,Bachelors/Family,2,Contact Owner
2,10000,500,Carpet Area,Kolkata,Semi-Furnished,Bachelors/Family,1,Contact Owner
4,18000,1200,Super Area,Kolkata,Unfurnished,Family,2,Contact Owner
2,15000,900,Carpet Area,Kolkata,Semi-Furnished,Bachelors/Family,2,Contact Agent
3,22000,1300,Carpet Area,Kolkata,Unfurnished,Bachelors/Family,3,Contact Agent
4,35000,1600,Carpet Area,Kolkata,Unfurnished,Bachelors/Family,3,Contact Agent
3,21000,1450,Super Area,Kolkata,Unfurnished,Family,2,Contact Owner
2,25000,1100,Super Area,Kolkata,Furnished,Bachelors,2,Contact Agent
2,180000,950,Carpet Area,Kolkata,Unfurnished,Bachelors/Family,2,Contact Owner
1,6000,600,Carpet Area,Kolkata,Unfurnished,Bachelors/Family,1,Contact Owner
2,14000,700,Carpet Area,Kolkata,Unfurnished,Bachelors/Family,2,Contact Owner
3,8000,750,Super Area,Kolkata,Unfurnished,Family,1,Contact Owner
2,8000,1000,Super Area,Kolkata,Unfurnished,Bachelors/Family,1,Contact Owner
1,6000,220,Super Area,Kolkata,Furnished,Bachelors/Family,1,Contact Owner
1,8000,300,Carpet Area,Kolkata,Semi-Furnished,Bachelors,1,Contact Agent
1,6000,300,Carpet Area,Kolkata,Unfurnished,Bachelors/Family,1,Contact Agent
1,20000,700,Super Area,Kolkata,Semi-Furnished,Bachelors/Family,1,Contact Owner
3,12000,800,Super Area,Kolkata,Unfurnished,Bachelors/Family,2,Contact Owner
3,15000,1600,Super Area,Kolkata,Unfurnished,Bachelors/Family,2,Contact Owner
2,14000,1000,Carpet Area,Kolkata,Unfurnished,Bachelors/Family,2,Contact Owner
1,5000,20,Super Area,Kolkata,Unfurnished,Bachelors/Family,1,Contact Owner
2,7000,400,Carpet Area,Kolkata,Unfurnished,Bachelors/Family,1,Contact Owner
1,3900,200,Super Area,Kolkata,Furnished,Bachelors/Family,1,Contact Owner
3,14000,840,Carpet Area,Kolkata,Unfurnished,Bachelors,2,Contact Owner
1,6300,300,Carpet Area,Kolkata,Unfurnished,Bachelors/Family,1,Contact Agent
2,13000,550,Carpet Area,Kolkata,Furnished,Bachelors/Family,2,Contact Agent
1,6800,300,Carpet Area,Kolkata,Unfurnished,Bachelors/Family,1,Contact Agent
2,8000,800,Super Area,Kolkata,Unfurnished,Bachelors/Family,2,Contact Owner
2,10000,740,Carpet Area,Kolkata,Unfurnished,Bachelors,1,Contact Owner
2,18000,1300,Super Area,Kolkata,Unfurnished,Bachelors/Family,2,Contact Owner
2,8000,650,Super Area,Kolkata,Semi-Furnished,Bachelors/Family,1,Contact Owner
2,8000,490,Super Area,Kolkata,Semi-Furnished,Bachelors/Family,1,Contact Owner
1,4700,250,Super Area,Kolkata,Furnished,Bachelors/Family,1,Contact Owner
1,4700,250,Super Area,Kolkata,Furnished,Bachelors/Family,1,Contact Owner
1,4500,450,Super Area,Kolkata,Unfurnished,Bachelors/Family,1,Contact Owner
1,6000,300,Carpet Area,Kolkata,Semi-Furnished,Bachelors/Family,1,Contact Owner
2,16000,750,Super Area,Kolkata,Unfurnished,Bachelors/Family,2,Contact Owner
1,4700,250,Super Area,Kolkata,Furnished,Bachelors/Family,1,Contact Owner
2,14000,751,Carpet Area,Kolkata,Unfurnished,Bachelors,1,Contact Owner
2,9000,900,Carpet Area,Kolkata,Semi-Furnished,Bachelors,1,Contact Owner
2,5000,400,Carpet Area,Kolkata,Semi-Furnished,Bachelors/Family,1,Contact Owner
2,17500,1000,Carpet Area,Kolkata,Semi-Furnished,Bachelors/Family,2,Contact Agent
2,8500,1000,Carpet Area,Kolkata,Unfurnished,Bachelors/Family,1,Contact Owner
3,15000,1500,Carpet Area,Kolkata,Semi-Furnished,Family,2,Contact Owner
2,12500,750,Carpet Area,Kolkata,Unfurnished,Bachelors/Family,2,Contact Owner
1,13000,1200,Super Area,Kolkata,Semi-Furnished,Bachelors/Family,1,Contact Owner
2,8000,700,Super Area,Kolkata,Unfurnished,Bachelors/Family,1,Contact Owner
2,8000,700,Carpet Area,Kolkata,Furnished,Bachelors/Family,1,Contact Owner
2,8000,1000,Super Area,Kolkata,Semi-Furnished,Bachelors/Family,1,Contact Owner
2,7000,1200,Super Area,Kolkata,Unfurnished,Bachelors/Family,2,Contact Owner
2,2200,550,Super Area,Kolkata,Furnished,Bachelors/Family,1,Contact Owner
2,8000,800,Carpet Area,Kolkata,Unfurnished,Bachelors,1,Contact Owner
2,5500,280,Super Area,Kolkata,Unfurnished,Bachelors,1,Contact Owner
3,20000,1100,Super Area,Kolkata,Unfurnished,Bachelors/Family,3,Contact Owner
2,7000,950,Super Area,Kolkata,Unfurnished,Bachelors/Family,1,Contact Agent
1,3500,250,Super Area,Kolkata,Furnished,Bachelors/Family,1,Contact Owner
2,5000,1000,Carpet Area,Kolkata,Unfurnished,Bachelors,1,Contact Owner
3,20000,1000,Carpet Area,Kolkata,Semi-Furnished,Bachelors/Family,2,Contact Owner
2,7000,650,Super Area,Kolkata,Unfurnished,Bachelors/Family,1,Contact Owner
2,10000,700,Super Area,Kolkata,Unfurnished,Bachelors/Family,2,Contact Owner
2,7000,700,Carpet Area,Kolkata,Unfurnished,Bachelors,1,Contact Owner
3,12000,1000,Super Area,Kolkata,Semi-Furnished,Bachelors/Family,2,Contact Owner
2,14500,900,Carpet Area,Kolkata,Unfurnished,Bachelors,2,Contact Owner
1,6000,700,Super Area,Kolkata,Unfurnished,Bachelors/Family,1,Contact Owner
2,9500,700,Super Area,Kolkata,Unfurnished,Bachelors/Family,2,Contact Owner
2,10000,450,Carpet Area,Kolkata,Semi-Furnished,Bachelors/Family,2,Contact Owner
1,3500,120,Super Area,Kolkata,Unfurnished,Bachelors/Family,1,Contact Owner
2,9000,800,Super Area,Kolkata,Semi-Furnished,Bachelors/Family,2,Contact Owner
3,40000,1220,Carpet Area,Kolkata,Unfurnished,Bachelors/Family,2,Contact Owner
3,16500,1100,Super Area,Kolkata,Unfurnished,Bachelors/Family,1,Contact Owner
3,8000,700,Carpet Area,Kolkata,Unfurnished,Family,2,Contact Owner
2,12000,800,Super Area,Kolkata,Furnished,Bachelors/Family,1,Contact Owner
2,6500,670,Super Area,Kolkata,Unfurnished,Family,1,Contact Owner
4,40000,1300,Super Area,Kolkata,Unfurnished,Bachelors/Family,3,Contact Owner
1,5000,190,Super Area,Kolkata,Semi-Furnished,Bachelors/Family,1,Contact Owner
2,9000,700,Super Area,Kolkata,Semi-Furnished,Bachelors/Family,1,Contact Owner
1,7000,240,Carpet Area,Kolkata,Unfurnished,Bachelors,1,Contact Owner
2,18000,850,Carpet Area,Kolkata,Semi-Furnished,Family,1,Contact Owner
1,9000,950,Super Area,Kolkata,Unfurnished,Bachelors/Family,2,Contact Owner
1,5500,450,Carpet Area,Kolkata,Furnished,Bachelors/Family,1,Contact Owner
2,7500,800,Carpet Area,Kolkata,Unfurnished,Bachelors,1,Contact Owner
2,4000,600,Carpet Area,Kolkata,Unfurnished,Bachelors/Family,1,Contact Owner
3,10500,800,Carpet Area,Kolkata,Unfurnished,Bachelors,2,Contact Owner
3,15000,1100,Carpet Area,Kolkata,Unfurnished,Bachelors/Family,2,Contact Owner
2,15000,800,Carpet Area,Kolkata,Furnished,Bachelors/Family,1,Contact Owner
1,50000,2200,Super Area,Kolkata,Furnished,Bachelors/Family,3,Contact Owner
2,12000,950,Carpet Area,Kolkata,Unfurnished,Bachelors,2,Contact Owner
2,11000,550,Carpet Area,Kolkata,Unfurnished,Bachelors/Family,1,Contact Owner
2,12000,1800,Carpet Area,Kolkata,Unfurnished,Bachelors,2,Contact Owner
2,8000,1000,Super Area,Kolkata,Furnished,Bachelors/Family,1,Contact Owner
2,18000,600,Super Area,Kolkata,Semi-Furnished,Bachelors/Family,2,Contact Owner
2,8000,750,Carpet Area,Kolkata,Semi-Furnished,Bachelors/Family,2,Contact Owner
2,7000,685,Super Area,Kolkata,Unfurnished,Bachelors/Family,1,Contact Agent
1,6500,44,Carpet Area,Kolkata,Furnished,Bachelors/Family,1,Contact Owner
4,13000,1200,Carpet Area,Kolkata,Unfurnished,Bachelors/Family,1,Contact Owner
2,9000,500,Carpet Area,Kolkata,Unfurnished,Bachelors,1,Contact Owner
4,10000,1110,Carpet Area,Kolkata,Unfurnished,Bachelors/Family,2,Contact Owner
2,12000,1000,Super Area,Kolkata,Unfurnished,Bachelors/Family,2,Contact Owner
2,5000,392,Super Area,Kolkata,Unfurnished,Bachelors/Family,1,Contact Owner
2,6000,700,Super Area,Kolkata,Unfurnished,Bachelors/Family,1,Contact Owner
1,5200,750,Super Area,Kolkata,Unfurnished,Bachelors/Family,1,Contact Owner
3,15000,1500,Super Area,Kolkata,Unfurnished,Family,2,Contact Owner
2,9000,900,Super Area,Kolkata,Unfurnished,Bachelors/Family,2,Contact Owner
1,24000,710,Super Area,Kolkata,Furnished,Bachelors,1,Contact Agent
1,5500,400,Carpet Area,Kolkata,Unfurnished,Bachelors/Family,1,Contact Owner
1,10000,700,Carpet Area,Kolkata,Unfurnished,Bachelors,1,Contact Owner
2,15000,1000,Carpet Area,Kolkata,Semi-Furnished,Bachelors/Family,1,Contact Owner
1,4700,250,Super Area,Kolkata,Furnished,Bachelors/Family,1,Contact Owner
1,5000,500,Carpet Area,Kolkata,Semi-Furnished,Bachelors/Family,1,Contact Owner
2,5000,450,Carpet Area,Kolkata,Semi-Furnished,Bachelors/Family,1,Contact Owner
3,15000,1400,Super Area,Kolkata,Unfurnished,Bachelors/Family,1,Contact Owner
1,5000,500,Carpet Area,Kolkata,Semi-Furnished,Bachelors/Family,1,Contact Owner
2,6000,700,Carpet Area,Kolkata,Unfurnished,Bachelors/Family,1,Contact Owner
3,18000,1200,Carpet Area,Kolkata,Semi-Furnished,Bachelors/Family,1,Contact Owner
2,8000,450,Carpet Area,Kolkata,Unfurnished,Bachelors,1,Contact Owner
1,13000,500,Carpet Area,Kolkata,Furnished,Bachelors,1,Contact Agent
2,7500,400,Carpet Area,Kolkata,Unfurnished,Bachelors/Family,1,Contact Owner
3,12000,1000,Super Area,Kolkata,Unfurnished,Bachelors/Family,2,Contact Owner
2,11000,750,Carpet Area,Kolkata,Unfurnished,Bachelors,1,Contact Owner
1,6000,450,Super Area,Kolkata,Unfurnished,Family,1,Contact Owner
3,20000,1000,Carpet Area,Kolkata,Unfurnished,Bachelors,2,Contact Agent
2,7000,500,Carpet Area,Kolkata,Unfurnished,Bachelors,2,Contact Owner
4,30000,1600,Carpet Area,Kolkata,Unfurnished,Bachelors,2,Contact Agent
2,7500,550,Carpet Area,Kolkata,Unfurnished,Bachelors,1,Contact Owner
1,6500,550,Super Area,Kolkata,Unfurnished,Bachelors/Family,2,Contact Owner
1,3000,200,Super Area,Kolkata,Unfurnished,Bachelors/Family,1,Contact Owner
2,5200,650,Carpet Area,Kolkata,Unfurnished,Bachelors,1,Contact Owner
2,25000,1000,Super Area,Kolkata,Furnished,Bachelors/Family,2,Contact Owner
2,12500,680,Carpet Area,Kolkata,Unfurnished,Bachelors/Family,2,Contact Owner
2,8500,720,Carpet Area,Kolkata,Unfurnished,Bachelors/Family,2,Contact Owner
2,3500,500,Carpet Area,Kolkata,Unfurnished,Bachelors,1,Contact Owner
2,7000,800,Super Area,Kolkata,Unfurnished,Bachelors/Family,1,Contact Owner
1,3000,160,Super Area,Kolkata,Unfurnished,Bachelors/Family,1,Contact Owner
2,14000,1200,Carpet Area,Kolkata,Unfurnished,Bachelors/Family,2,Contact Agent
1,18000,700,Super Area,Kolkata,Furnished,Bachelors/Family,1,Contact Owner
1,3500,1000,Super Area,Kolkata,Semi-Furnished,Bachelors/Family,1,Contact Owner
2,16000,1250,Super Area,Kolkata,Unfurnished,Bachelors/Family,2,Contact Agent
4,35000,1600,Super Area,Kolkata,Unfurnished,Bachelors/Family,3,Contact Owner
2,21000,700,Super Area,Kolkata,Semi-Furnished,Bachelors/Family,1,Contact Owner
1,4500,450,Super Area,Kolkata,Unfurnished,Bachelors/Family,1,Contact Owner
2,15000,839,Super Area,Kolkata,Semi-Furnished,Bachelors/Family,2,Contact Owner
1,4500,230,Super Area,Kolkata,Unfurnished,Bachelors/Family,1,Contact Owner
1,5500,1800,Super Area,Kolkata,Unfurnished,Bachelors/Family,1,Contact Owner
2,8500,800,Super Area,Kolkata,Unfurnished,Bachelors/Family,2,Contact Owner
1,5000,500,Carpet Area,Kolkata,Semi-Furnished,Bachelors/Family,1,Contact Owner
2,8500,620,Carpet Area,Kolkata,Unfurnished,Bachelors,1,Contact Owner
2,9000,650,Carpet Area,Kolkata,Unfurnished,Bachelors/Family,1,Contact Owner
1,7500,550,Super Area,Kolkata,Semi-Furnished,Bachelors/Family,1,Contact Agent
2,7000,450,Carpet Area,Kolkata,Furnished,Bachelors,2,Contact Owner
3,15000,1350,Carpet Area,Kolkata,Unfurnished,Family,2,Contact Owner
2,7000,600,Super Area,Kolkata,Semi-Furnished,Bachelors/Family,2,Contact Owner
3,10000,1200,Super Area,Kolkata,Furnished,Bachelors/Family,1,Contact Owner
2,7000,700,Super Area,Kolkata,Unfurnished,Bachelors/Family,1,Contact Agent
3,3200,800,Carpet Area,Kolkata,Furnished,Bachelors/Family,2,Contact Owner
2,6000,600,Carpet Area,Kolkata,Semi-Furnished,Bachelors/Family,1,Contact Owner
2,12000,900,Super Area,Kolkata,Unfurnished,Bachelors/Family,2,Contact Owner
2,6000,750,Super Area,Kolkata,Unfurnished,Bachelors/Family,1,Contact Owner
3,10000,1250,Super Area,Kolkata,Unfurnished,Bachelors/Family,2,Contact Owner
3,12000,1000,Super Area,Kolkata,Semi-Furnished,Bachelors/Family,3,Contact Owner
2,8000,600,Super Area,Kolkata,Semi-Furnished,Bachelors/Family,1,Contact Owner
2,5300,650,Carpet Area,Kolkata,Unfurnished,Bachelors/Family,1,Contact Owner
2,5000,450,Carpet Area,Kolkata,Unfurnished,Bachelors,1,Contact Owner
3,8500,800,Super Area,Kolkata,Unfurnished,Bachelors/Family,2,Contact Owner
3,22000,1000,Carpet Area,Kolkata,Semi-Furnished,Bachelors/Family,2,Contact Owner
2,7000,1000,Super Area,Kolkata,Unfurnished,Bachelors/Family,1,Contact Owner
3,25000,1400,Carpet Area,Kolkata,Furnished,Bachelors,3,Contact Agent
2,7000,600,Carpet Area,Kolkata,Semi-Furnished,Bachelors,1,Contact Owner
2,15000,723,Carpet Area,Kolkata,Furnished,Family,1,Contact Owner
1,6000,320,Carpet Area,Kolkata,Unfurnished,Bachelors/Family,1,Contact Owner
2,8000,900,Super Area,Kolkata,Semi-Furnished,Bachelors/Family,1,Contact Owner
3,40000,1400,Carpet Area,Kolkata,Furnished,Bachelors/Family,2,Contact Agent
1,6000,2160,Super Area,Kolkata,Semi-Furnished,Bachelors,1,Contact Owner
2,15000,650,Carpet Area,Kolkata,Semi-Furnished,Bachelors/Family,1,Contact Owner
2,6500,800,Super Area,Kolkata,Semi-Furnished,Bachelors/Family,1,Contact Owner
3,8000,800,Super Area,Kolkata,Semi-Furnished,Bachelors/Family,1,Contact Owner
1,5500,500,Carpet Area,Kolkata,Unfurnished,Bachelors/Family,1,Contact Owner
3,9000,1700,Super Area,Kolkata,Semi-Furnished,Bachelors/Family,2,Contact Owner
1,6000,130,Carpet Area,Kolkata,Semi-Furnished,Bachelors/Family,1,Contact Owner
1,15000,505,Super Area,Kolkata,Furnished,Bachelors/Family,1,Contact Owner
4,30000,4000,Super Area,Kolkata,Furnished,Bachelors/Family,3,Contact Agent
3,30000,1250,Super Area,Kolkata,Unfurnished,Bachelors/Family,2,Contact Owner
1,5000,700,Carpet Area,Kolkata,Unfurnished,Bachelors/Family,1,Contact Owner
2,15000,900,Super Area,Kolkata,Unfurnished,Bachelors,1,Contact Owner
1,6500,650,Super Area,Kolkata,Semi-Furnished,Bachelors/Family,1,Contact Owner
2,4500,750,Super Area,Kolkata,Furnished,Bachelors/Family,1,Contact Owner
2,7000,450,Carpet Area,Kolkata,Unfurnished,Bachelors/Family,1,Contact Owner
1,6500,350,Carpet Area,Kolkata,Semi-Furnished,Bachelors/Family,1,Contact Owner
1,17500,480,Carpet Area,Kolkata,Furnished,Bachelors,2,Contact Owner
2,10000,900,Super Area,Kolkata,Unfurnished,Bachelors/Family,1,Contact Owner
1,1500,200,Super Area,Kolkata,Semi-Furnished,Bachelors/Family,1,Contact Owner
3,25000,1100,Super Area,Kolkata,Unfurnished,Bachelors/Family,3,Contact Owner
2,12000,800,Carpet Area,Kolkata,Unfurnished,Bachelors/Family,1,Contact Owner
3,7500,1000,Carpet Area,Kolkata,Furnished,Bachelors/Family,2,Contact Owner
1,7000,800,Carpet Area,Kolkata,Unfurnished,Bachelors/Family,1,Contact Owner
1,3500,200,Super Area,Kolkata,Semi-Furnished,Bachelors/Family,1,Contact Owner
3,10000,1190,Carpet Area,Kolkata,Unfurnished,Bachelors/Family,2,Contact Owner
2,14000,900,Carpet Area,Kolkata,Unfurnished,Bachelors,2,Contact Agent
2,15000,1500,Super Area,Kolkata,Unfurnished,Bachelors/Family,2,Contact Owner
2,6500,600,Super Area,Kolkata,Unfurnished,Bachelors/Family,1,Contact Owner
3,10000,800,Super Area,Kolkata,Unfurnished,Bachelors/Family,1,Contact Owner
2,10500,800,Carpet Area,Kolkata,Unfurnished,Family,2,Contact Owner
3,10000,900,Carpet Area,Kolkata,Semi-Furnished,Bachelors/Family,2,Contact Owner
1,5000,350,Carpet Area,Kolkata,Semi-Furnished,Bachelors/Family,1,Contact Owner
2,9000,800,Carpet Area,Kolkata,Unfurnished,Bachelors/Family,1,Contact Owner
2,20000,1600,Carpet Area,Kolkata,Unfurnished,Bachelors,2,Contact Owner
3,35000,1012,Carpet Area,Kolkata,Semi-Furnished,Bachelors/Family,2,Contact Owner
3,15000,1200,Carpet Area,Kolkata,Unfurnished,Bachelors,2,Contact Owner
2,20000,700,Super Area,Kolkata,Furnished,Bachelors/Family,1,Contact Owner
2,12000,1000,Super Area,Kolkata,Semi-Furnished,Bachelors/Family,1,Contact Owner
2,8000,800,Carpet Area,Kolkata,Unfurnished,Bachelors,1,Contact Owner
1,3000,500,Super Area,Kolkata,Semi-Furnished,Bachelors/Family,1,Contact Owner
3,20000,1200,Carpet Area,Kolkata,Semi-Furnished,Bachelors,2,Contact Owner
1,9000,450,Carpet Area,Kolkata,Unfurnished,Bachelors,1,Contact Agent
3,13000,950,Carpet Area,Kolkata,Unfurnished,Bachelors/Family,2,Contact Owner
1,7000,350,Carpet Area,Kolkata,Unfurnished,Bachelors/Family,1,Contact Agent
1,9000,450,Carpet Area,Kolkata,Unfurnished,Bachelors/Family,1,Contact Agent
1,9000,550,Carpet Area,Kolkata,Semi-Furnished,Bachelors,1,Contact Owner
2,10000,300,Carpet Area,Kolkata,Unfurnished,Bachelors,1,Contact Owner
3,15000,1250,Super Area,Kolkata,Semi-Furnished,Bachelors/Family,2,Contact Owner
2,7000,700,Super Area,Kolkata,Unfurnished,Bachelors/Family,1,Contact Owner
3,8000,812,Super Area,Kolkata,Unfurnished,Bachelors/Family,2,Contact Owner
2,8000,550,Super Area,Kolkata,Unfurnished,Bachelors/Family,1,Contact Owner
1,5000,500,Super Area,Kolkata,Semi-Furnished,Bachelors/Family,1,Contact Owner
1,14000,320,Carpet Area,Kolkata,Furnished,Bachelors,1,Contact Owner
2,5000,600,Super Area,Kolkata,Unfurnished,Bachelors/Family,1,Contact Owner
2,5000,420,Carpet Area,Kolkata,Unfurnished,Bachelors,1,Contact Owner
3,12000,1100,Super Area,Kolkata,Unfurnished,Bachelors,1,Contact Owner
1,3200,220,Super Area,Kolkata,Unfurnished,Bachelors/Family,1,Contact Owner
2,8500,700,Carpet Area,Kolkata,Semi-Furnished,Bachelors/Family,2,Contact Owner
3,16000,1200,Carpet Area,Kolkata,Unfurnished,Bachelors/Family,2,Contact Agent
2,14000,800,Carpet Area,Kolkata,Unfurnished,Bachelors/Family,2,Contact Owner
1,8000,300,Carpet Area,Kolkata,Furnished,Bachelors,1,Contact Agent
2,7000,650,Carpet Area,Kolkata,Unfurnished,Bachelors/Family,1,Contact Owner
1,8000,600,Super Area,Kolkata,Furnished,Bachelors/Family,1,Contact Owner
1,3000,350,Super Area,Kolkata,Unfurnished,Bachelors/Family,1,Contact Owner
1,3800,500,Carpet Area,Kolkata,Unfurnished,Bachelors,1,Contact Owner
1,6500,400,Super Area,Kolkata,Unfurnished,Bachelors/Family,1,Contact Owner
3,20000,1750,Super Area,Kolkata,Semi-Furnished,Bachelors/Family,3,Contact Owner
3,30000,1600,Super Area,Kolkata,Unfurnished,Bachelors/Family,2,Contact Owner
1,8000,300,Carpet Area,Kolkata,Semi-Furnished,Bachelors/Family,1,Contact Agent
2,14000,1100,Super Area,Kolkata,Semi-Furnished,Bachelors/Family,2,Contact Owner
2,7200,830,Super Area,Kolkata,Unfurnished,Bachelors/Family,1,Contact Owner
2,7000,600,Carpet Area,Kolkata,Semi-Furnished,Bachelors/Family,2,Contact Owner
1,7000,500,Super Area,Kolkata,Unfurnished,Bachelors,2,Contact Owner
2,7500,900,Carpet Area,Kolkata,Unfurnished,Bachelors/Family,1,Contact Owner
2,8500,1250,Carpet Area,Kolkata,Unfurnished,Family,2,Contact Owner
2,12000,700,Carpet Area,Kolkata,Unfurnished,Bachelors,1,Contact Agent
1,8500,850,Carpet Area,Kolkata,Unfurnished,Bachelors,2,Contact Owner
2,9500,550,Carpet Area,Kolkata,Unfurnished,Bachelors/Family,1,Contact Owner
2,7500,550,Carpet Area,Kolkata,Furnished,Bachelors/Family,2,Contact Owner
2,12000,1200,Super Area,Kolkata,Unfurnished,Bachelors/Family,1,Contact Owner
3,20000,1100,Carpet Area,Kolkata,Unfurnished,Bachelors,2,Contact Agent
2,8500,650,Super Area,Kolkata,Semi-Furnished,Bachelors/Family,1,Contact Owner
3,20000,1050,Carpet Area,Kolkata,Unfurnished,Bachelors,2,Contact Agent
2,6000,960,Super Area,Kolkata,Semi-Furnished,Bachelors/Family,2,Contact Owner
2,5500,650,Carpet Area,Kolkata,Unfurnished,Bachelors/Family,2,Contact Owner
1,7000,550,Super Area,Kolkata,Semi-Furnished,Bachelors/Family,1,Contact Owner
2,7000,500,Super Area,Kolkata,Semi-Furnished,Bachelors/Family,2,Contact Owner
1,6500,450,Super Area,Kolkata,Unfurnished,Family,1,Contact Owner
2,10000,850,Super Area,Kolkata,Unfurnished,Bachelors,2,Contact Owner
1,5200,300,Carpet Area,Kolkata,Unfurnished,Bachelors/Family,1,Contact Agent
2,13000,1000,Carpet Area,Kolkata,Semi-Furnished,Bachelors/Family,3,Contact Owner
2,7000,500,Carpet Area,Kolkata,Unfurnished,Bachelors/Family,1,Contact Owner
2,12000,756,Carpet Area,Kolkata,Semi-Furnished,Bachelors/Family,1,Contact Owner
1,15000,1000,Super Area,Kolkata,Unfurnished,Bachelors/Family,1,Contact Owner
1,5000,150,Carpet Area,Kolkata,Unfurnished,Bachelors/Family,1,Contact Owner
1,8000,800,Carpet Area,Kolkata,Unfurnished,Bachelors,1,Contact Owner
2,8000,700,Super Area,Kolkata,Unfurnished,Bachelors,2,Contact Agent
1,5000,420,Super Area,Kolkata,Unfurnished,Bachelors,1,Contact Owner
2,10000,800,Super Area,Kolkata,Unfurnished,Bachelors,1,Contact Agent
2,12000,288,Carpet Area,Kolkata,Unfurnished,Bachelors,1,Contact Owner
2,8000,900,Super Area,Kolkata,Unfurnished,Bachelors/Family,2,Contact Owner
2,21000,850,Carpet Area,Kolkata,Unfurnished,Bachelors,2,Contact Agent
1,5000,350,Carpet Area,Kolkata,Unfurnished,Bachelors,1,Contact Owner
2,9000,600,Super Area,Kolkata,Unfurnished,Bachelors/Family,1,Contact Owner
2,8000,1600,Carpet Area,Kolkata,Semi-Furnished,Bachelors,1,Contact Owner
2,7000,986,Carpet Area,Kolkata,Unfurnished,Bachelors,1,Contact Owner
3,35000,1330,Carpet Area,Kolkata,Unfurnished,Bachelors,2,Contact Agent
3,15000,1300,Super Area,Kolkata,Semi-Furnished,Bachelors/Family,2,Contact Owner
2,6200,800,Carpet Area,Kolkata,Unfurnished,Bachelors,1,Contact Owner
2,9900,800,Carpet Area,Kolkata,Unfurnished,Bachelors/Family,1,Contact Owner
2,7000,850,Super Area,Kolkata,Unfurnished,Bachelors,1,Contact Owner
1,5000,322,Carpet Area,Kolkata,Unfurnished,Bachelors/Family,1,Contact Agent
2,6500,800,Carpet Area,Kolkata,Furnished,Bachelors/Family,1,Contact Owner
4,40000,1500,Carpet Area,Kolkata,Unfurnished,Bachelors,2,Contact Agent
3,40000,3500,Super Area,Kolkata,Semi-Furnished,Bachelors/Family,2,Contact Owner
2,12000,957,Carpet Area,Kolkata,Furnished,Bachelors,2,Contact Owner
1,6500,850,Carpet Area,Kolkata,Unfurnished,Bachelors,1,Contact Owner
2,10000,900,Carpet Area,Kolkata,Unfurnished,Bachelors,2,Contact Owner
2,15000,600,Super Area,Kolkata,Semi-Furnished,Bachelors/Family,1,Contact Owner
1,5000,350,Carpet Area,Kolkata,Semi-Furnished,Bachelors/Family,1,Contact Owner
2,7000,800,Super Area,Kolkata,Unfurnished,Bachelors/Family,1,Contact Owner
2,6000,320,Carpet Area,Kolkata,Unfurnished,Bachelors/Family,1,Contact Owner
3,15000,800,Carpet Area,Kolkata,Unfurnished,Bachelors/Family,1,Contact Owner
2,10000,700,Carpet Area,Kolkata,Semi-Furnished,Bachelors,2,Contact Owner
2,22000,1200,Super Area,Kolkata,Semi-Furnished,Bachelors/Family,2,Contact Agent
2,8500,750,Carpet Area,Kolkata,Semi-Furnished,Bachelors/Family,1,Contact Owner
3,35000,1200,Super Area,Kolkata,Semi-Furnished,Bachelors/Family,3,Contact Agent
2,7000,450,Carpet Area,Kolkata,Unfurnished,Bachelors/Family,1,Contact Owner
3,8500,1430,Super Area,Kolkata,Semi-Furnished,Bachelors/Family,1,Contact Owner
2,6000,450,Super Area,Kolkata,Unfurnished,Bachelors/Family,1,Contact Agent
4,35000,800,Super Area,Kolkata,Semi-Furnished,Bachelors/Family,3,Contact Owner
1,6000,400,Super Area,Kolkata,Unfurnished,Bachelors/Family,1,Contact Owner
2,8000,650,Super Area,Kolkata,Unfurnished,Bachelors/Family,1,Contact Owner
1,5000,450,Carpet Area,Kolkata,Unfurnished,Bachelors/Family,1,Contact Owner
2,6000,600,Super Area,Kolkata,Unfurnished,Bachelors/Family,1,Contact Owner
3,15000,1200,Carpet Area,Kolkata,Unfurnished,Family,2,Contact Owner
2,9000,700,Carpet Area,Kolkata,Unfurnished,Bachelors,1,Contact Owner
1,5000,300,Carpet Area,Kolkata,Unfurnished,Bachelors,1,Contact Agent
3,8000,1200,Super Area,Kolkata,Unfurnished,Bachelors/Family,3,Contact Owner
3,35000,1300,Carpet Area,Kolkata,Unfurnished,Bachelors,2,Contact Agent
1,5500,400,Super Area,Kolkata,Unfurnished,Bachelors/Family,1,Contact Agent
3,35000,1320,Carpet Area,Kolkata,Unfurnished,Bachelors,2,Contact Agent
2,11000,1000,Super Area,Kolkata,Furnished,Bachelors/Family,2,Contact Owner
2,10000,700,Carpet Area,Kolkata,Unfurnished,Bachelors,1,Contact Owner
2,6500,800,Carpet Area,Kolkata,Unfurnished,Bachelors/Family,2,Contact Owner
2,6000,900,Super Area,Kolkata,Furnished,Bachelors/Family,1,Contact Owner
3,36125,1700,Super Area,Kolkata,Unfurnished,Bachelors/Family,2,Contact Owner
2,6800,600,Carpet Area,Kolkata,Unfurnished,Bachelors,1,Contact Owner
2,8500,850,Carpet Area,Kolkata,Unfurnished,Family,2,Contact Owner
2,5000,550,Carpet Area,Kolkata,Unfurnished,Bachelors,1,Contact Owner
1,6500,650,Carpet Area,Kolkata,Furnished,Bachelors/Family,1,Contact Owner
1,6500,800,Carpet Area,Kolkata,Unfurnished,Bachelors/Family,1,Contact Owner
2,4500,475,Super Area,Kolkata,Unfurnished,Bachelors/Family,1,Contact Owner
1,6000,200,Carpet Area,Kolkata,Unfurnished,Bachelors/Family,1,Contact Agent
1,10000,400,Carpet Area,Kolkata,Unfurnished,Bachelors/Family,1,Contact Agent
1,12000,500,Super Area,Kolkata,Furnished,Bachelors/Family,1,Contact Agent
2,12000,550,Carpet Area,Kolkata,Unfurnished,Bachelors/Family,1,Contact Agent
2,12000,800,Super Area,Kolkata,Unfurnished,Bachelors/Family,1,Contact Owner
2,9000,1000,Super Area,Kolkata,Furnished,Bachelors/Family,2,Contact Owner
1,5000,400,Carpet Area,Kolkata,Semi-Furnished,Bachelors,1,Contact Owner
1,6000,300,Carpet Area,Kolkata,Unfurnished,Bachelors/Family,1,Contact Agent
2,5500,450,Carpet Area,Kolkata,Unfurnished,Bachelors/Family,1,Contact Owner
2,5500,450,Carpet Area,Kolkata,Unfurnished,Bachelors/Family,1,Contact Owner
2,8500,1100,Carpet Area,Kolkata,Unfurnished,Bachelors/Family,2,Contact Owner
1,5000,450,Super Area,Kolkata,Unfurnished,Bachelors/Family,1,Contact Owner
2,23000,1100,Carpet Area,Kolkata,Unfurnished,Bachelors,2,Contact Owner
2,5500,650,Carpet Area,Kolkata,Unfurnished,Bachelors/Family,1,Contact Owner
2,8500,780,Carpet Area,Kolkata,Unfurnished,Bachelors,1,Contact Owner
3,22000,1100,Super Area,Kolkata,Semi-Furnished,Bachelors/Family,2,Contact Owner
1,5500,800,Super Area,Kolkata,Unfurnished,Bachelors/Family,1,Contact Owner
1,7000,500,Super Area,Kolkata,Semi-Furnished,Bachelors/Family,2,Contact Agent
1,5000,400,Carpet Area,Kolkata,Unfurnished,Bachelors,1,Contact Owner
1,5000,450,Carpet Area,Kolkata,Unfurnished,Bachelors/Family,1,Contact Owner
2,6500,550,Super Area,Kolkata,Unfurnished,Bachelors/Family,1,Contact Agent
2,8000,600,Carpet Area,Kolkata,Unfurnished,Bachelors/Family,1,Contact Owner
1,5500,200,Super Area,Kolkata,Unfurnished,Bachelors/Family,1,Contact Owner
2,6000,500,Carpet Area,Kolkata,Semi-Furnished,Bachelors/Family,1,Contact Owner
1,5500,450,Carpet Area,Kolkata,Unfurnished,Bachelors,1,Contact Owner
2,10000,1050,Super Area,Kolkata,Unfurnished,Bachelors/Family,2,Contact Owner
3,10000,1000,Carpet Area,Kolkata,Unfurnished,Bachelors,2,Contact Owner
2,10000,1200,Super Area,Kolkata,Semi-Furnished,Bachelors/Family,2,Contact Owner
3,12000,1100,Super Area,Kolkata,Semi-Furnished,Family,2,Contact Owner
1,5200,220,Super Area,Kolkata,Unfurnished,Bachelors/Family,1,Contact Owner
1,4000,350,Super Area,Kolkata,Unfurnished,Bachelors/Family,1,Contact Owner
3,30000,1100,Carpet Area,Kolkata,Unfurnished,Bachelors,1,Contact Owner
2,5146,800,Super Area,Kolkata,Unfurnished,Bachelors/Family,1,Contact Owner
2,12000,950,Super Area,Kolkata,Unfurnished,Bachelors/Family,1,Contact Owner
3,7000,1200,Super Area,Kolkata,Unfurnished,Bachelors/Family,1,Contact Owner
2,8500,700,Super Area,Kolkata,Semi-Furnished,Bachelors/Family,1,Contact Owner
1,7000,500,Super Area,Kolkata,Unfurnished,Bachelors/Family,1,Contact Owner
2,9500,570,Super Area,Kolkata,Unfurnished,Bachelors/Family,1,Contact Owner
2,8000,650,Super Area,Kolkata,Unfurnished,Bachelors/Family,1,Contact Owner
3,15000,1200,Super Area,Kolkata,Unfurnished,Bachelors/Family,3,Contact Owner
5,22500,960,Super Area,Kolkata,Unfurnished,Bachelors/Family,2,Contact Owner
2,12500,1250,Super Area,Kolkata,Semi-Furnished,Bachelors/Family,2,Contact Owner
3,34000,120,Super Area,Kolkata,Furnished,Bachelors/Family,2,Contact Owner
3,14000,950,Carpet Area,Kolkata,Semi-Furnished,Bachelors/Family,2,Contact Owner
1,9500,600,Carpet Area,Kolkata,Unfurnished,Bachelors/Family,1,Contact Agent
2,7000,750,Super Area,Kolkata,Unfurnished,Bachelors/Family,1,Contact Owner
3,20000,1200,Super Area,Kolkata,Unfurnished,Bachelors/Family,2,Contact Owner
1,6500,400,Carpet Area,Kolkata,Semi-Furnished,Bachelors/Family,1,Contact Agent
1,7500,600,Carpet Area,Kolkata,Furnished,Bachelors/Family,1,Contact Owner
2,6500,700,Super Area,Kolkata,Unfurnished,Bachelors/Family,1,Contact Owner
2,9500,850,Super Area,Kolkata,Semi-Furnished,Bachelors/Family,1,Contact Owner
1,1800,500,Super Area,Kolkata,Semi-Furnished,Bachelors/Family,1,Contact Owner
2,7500,650,Carpet Area,Kolkata,Unfurnished,Bachelors/Family,1,Contact Owner
2,10000,800,Super Area,Kolkata,Semi-Furnished,Bachelors/Family,2,Contact Owner
3,15000,830,Super Area,Kolkata,Unfurnished,Bachelors/Family,2,Contact Owner
2,7000,600,Super Area,Kolkata,Unfurnished,Bachelors,1,Contact Agent
2,6000,800,Super Area,Kolkata,Unfurnished,Bachelors/Family,1,Contact Owner
2,14000,1200,Super Area,Kolkata,Semi-Furnished,Family,2,Contact Owner
2,22000,1000,Super Area,Kolkata,Furnished,Bachelors/Family,2,Contact Owner
2,18000,750,Carpet Area,Kolkata,Unfurnished,Bachelors/Family,2,Contact Agent
2,10000,800,Carpet Area,Kolkata,Unfurnished,Bachelors,2,Contact Owner
2,6000,1200,Super Area,Kolkata,Unfurnished,Bachelors/Family,2,Contact Owner
2,10000,750,Carpet Area,Kolkata,Unfurnished,Bachelors/Family,1,Contact Owner
3,10000,1500,Super Area,Kolkata,Semi-Furnished,Bachelors/Family,2,Contact Owner
1,5000,300,Super Area,Kolkata,Unfurnished,Bachelors/Family,1,Contact Owner
3,10000,800,Carpet Area,Kolkata,Unfurnished,Bachelors,1,Contact Owner
2,7000,450,Super Area,Kolkata,Unfurnished,Bachelors/Family,2,Contact Owner
4,10000,1200,Super Area,Kolkata,Furnished,Bachelors/Family,2,Contact Owner
2,6000,500,Super Area,Kolkata,Semi-Furnished,Bachelors/Family,2,Contact Owner
2,18000,900,Carpet Area,Kolkata,Semi-Furnished,Bachelors/Family,2,Contact Owner
2,8000,460,Carpet Area,Kolkata,Unfurnished,Bachelors,1,Contact Owner
2,8000,530,Super Area,Kolkata,Semi-Furnished,Family,1,Contact Owner
2,13000,650,Carpet Area,Kolkata,Semi-Furnished,Bachelors/Family,2,Contact Owner
2,20000,700,Carpet Area,Kolkata,Semi-Furnished,Bachelors,2,Contact Owner
2,6000,400,Super Area,Kolkata,Unfurnished,Bachelors/Family,1,Contact Owner
2,12000,1000,Super Area,Kolkata,Unfurnished,Bachelors/Family,2,Contact Owner
1,10000,400,Carpet Area,Kolkata,Semi-Furnished,Bachelors,1,Contact Owner
2,14000,700,Carpet Area,Kolkata,Unfurnished,Bachelors,2,Contact Owner
2,10000,850,Carpet Area,Kolkata,Semi-Furnished,Bachelors,2,Contact Owner
2,10500,558,Carpet Area,Kolkata,Unfurnished,Bachelors/Family,2,Contact Agent
2,6000,800,Super Area,Kolkata,Unfurnished,Bachelors/Family,1,Contact Owner
2,12000,900,Carpet Area,Kolkata,Unfurnished,Bachelors/Family,2,Contact Owner
3,14000,1600,Super Area,Kolkata,Furnished,Bachelors/Family,2,Contact Owner
1,3700,150,Carpet Area,Kolkata,Unfurnished,Bachelors,1,Contact Owner
3,40000,1600,Carpet Area,Kolkata,Unfurnished,Bachelors,2,Contact Agent
3,25000,1000,Super Area,Kolkata,Unfurnished,Bachelors/Family,1,Contact Owner
1,2200,700,Super Area,Kolkata,Unfurnished,Bachelors/Family,1,Contact Owner
1,3300,175,Super Area,Kolkata,Unfurnished,Bachelors/Family,1,Contact Owner
1,5000,450,Super Area,Kolkata,Semi-Furnished,Bachelors/Family,1,Contact Owner
3,60000,1700,Carpet Area,Kolkata,Semi-Furnished,Bachelors,3,Contact Agent
2,6000,425,Carpet Area,Kolkata,Unfurnished,Bachelors/Family,1,Contact Owner
3,7000,900,Super Area,Kolkata,Semi-Furnished,Bachelors/Family,3,Contact Owner
1,5000,400,Carpet Area,Kolkata,Unfurnished,Bachelors/Family,1,Contact Agent
2,11000,600,Super Area,Kolkata,Unfurnished,Bachelors/Family,1,Contact Agent
2,10000,721,Super Area,Kolkata,Furnished,Bachelors/Family,2,Contact Owner
3,22000,1150,Carpet Area,Kolkata,Unfurnished,Bachelors/Family,2,Contact Agent
3,65000,2210,Carpet Area,Kolkata,Unfurnished,Bachelors/Family,3,Contact Owner
2,7500,675,Super Area,Kolkata,Unfurnished,Bachelors/Family,1,Contact Owner
2,45000,1320,Super Area,Kolkata,Furnished,Bachelors/Family,2,Contact Owner
1,5000,250,Carpet Area,Kolkata,Unfurnished,Bachelors/Family,1,Contact Agent
2,12000,720,Super Area,Kolkata,Unfurnished,Bachelors,2,Contact Owner
5,25000,1880,Carpet Area,Kolkata,Unfurnished,Bachelors,2,Contact Owner
3,18000,850,Carpet Area,Kolkata,Semi-Furnished,Bachelors/Family,3,Contact Owner
2,25000,1050,Carpet Area,Kolkata,Unfurnished,Bachelors/Family,2,Contact Owner
1,25000,320,Super Area,Mumbai,Semi-Furnished,Bachelors/Family,1,Contact Owner
2,70000,750,Carpet Area,Mumbai,Furnished,Bachelors/Family,2,Contact Agent
1,45000,450,Carpet Area,Mumbai,Furnished,Bachelors/Family,1,Contact Agent
3,75000,1100,Carpet Area,Mumbai,Unfurnished,Family,3,Contact Agent
1,14000,640,Super Area,Mumbai,Furnished,Bachelors/Family,1,Contact Owner
1,60000,650,Super Area,Mumbai,Unfurnished,Bachelors,1,Contact Agent
2,160000,800,Carpet Area,Mumbai,Unfurnished,Bachelors/Family,2,Contact Owner
4,300000,1600,Carpet Area,Mumbai,Semi-Furnished,Bachelors/Family,5,Contact Agent
1,22000,460,Super Area,Mumbai,Unfurnished,Bachelors/Family,1,Contact Owner
4,130000,1650,Carpet Area,Mumbai,Semi-Furnished,Bachelors/Family,4,Contact Agent
1,33000,480,Carpet Area,Mumbai,Semi-Furnished,Bachelors,2,Contact Agent
1,32000,500,Carpet Area,Mumbai,Furnished,Bachelors,2,Contact Agent
1,30000,490,Carpet Area,Mumbai,Semi-Furnished,Bachelors,2,Contact Agent
1,49000,620,Super Area,Mumbai,Furnished,Bachelors/Family,1,Contact Owner
2,28000,518,Carpet Area,Mumbai,Semi-Furnished,Bachelors/Family,2,Contact Owner
2,33500,700,Carpet Area,Mumbai,Semi-Furnished,Bachelors/Family,2,Contact Agent
2,85000,777,Carpet Area,Mumbai,Semi-Furnished,Bachelors/Family,2,Contact Agent
2,35000,650,Carpet Area,Mumbai,Unfurnished,Family,2,Contact Agent
3,270000,1800,Carpet Area,Mumbai,Semi-Furnished,Bachelors/Family,4,Contact Agent
5,400000,2308,Carpet Area,Mumbai,Furnished,Family,5,Contact Agent
1,21000,425,Carpet Area,Mumbai,Unfurnished,Bachelors/Family,2,Contact Agent
2,150000,890,Carpet Area,Mumbai,Unfurnished,Bachelors,2,Contact Owner
1,22000,270,Super Area,Mumbai,Unfurnished,Bachelors/Family,1,Contact Owner
2,100000,850,Carpet Area,Mumbai,Semi-Furnished,Bachelors,2,Contact Agent
2,60000,888,Carpet Area,Mumbai,Semi-Furnished,Bachelors/Family,2,Contact Agent
2,8000,650,Carpet Area,Mumbai,Semi-Furnished,Family,2,Contact Agent
1,20000,275,Carpet Area,Mumbai,Unfurnished,Bachelors,1,Contact Agent
2,20000,700,Carpet Area,Mumbai,Semi-Furnished,Family,2,Contact Agent
1,25000,375,Super Area,Mumbai,Unfurnished,Bachelors/Family,1,Contact Owner
1,14000,424,Super Area,Mumbai,Semi-Furnished,Bachelors/Family,1,Contact Owner
1,19411,400,Super Area,Mumbai,Furnished,Bachelors/Family,2,Contact Owner
1,23000,450,Carpet Area,Mumbai,Furnished,Bachelors/Family,1,Contact Agent
4,190000,2079,Carpet Area,Mumbai,Semi-Furnished,Bachelors/Family,5,Contact Agent
2,32000,586,Super Area,Mumbai,Semi-Furnished,Bachelors/Family,1,Contact Owner
2,68000,610,Carpet Area,Mumbai,Furnished,Bachelors/Family,2,Contact Owner
1,30000,488,Carpet Area,Mumbai,Semi-Furnished,Bachelors/Family,2,Contact Owner
3,110000,1200,Carpet Area,Mumbai,Semi-Furnished,Bachelors/Family,3,Contact Agent
2,44000,722,Carpet Area,Mumbai,Semi-Furnished,Bachelors/Family,2,Contact Agent
1,20000,450,Carpet Area,Mumbai,Unfurnished,Bachelors/Family,1,Contact Agent
1,25000,500,Super Area,Mumbai,Semi-Furnished,Bachelors/Family,2,Contact Owner
2,40000,680,Carpet Area,Mumbai,Furnished,Bachelors,2,Contact Agent
2,43000,1150,Carpet Area,Mumbai,Unfurnished,Bachelors/Family,2,Contact Agent
2,44000,830,Carpet Area,Mumbai,Furnished,Bachelors,2,Contact Agent
1,75000,550,Carpet Area,Mumbai,Furnished,Bachelors/Family,1,Contact Agent
1,32000,470,Carpet Area,Mumbai,Semi-Furnished,Family,2,Contact Agent
1,16000,410,Carpet Area,Mumbai,Semi-Furnished,Family,2,Contact Agent
2,65000,710,Carpet Area,Mumbai,Semi-Furnished,Bachelors/Family,2,Contact Agent
2,45000,750,Carpet Area,Mumbai,Semi-Furnished,Bachelors/Family,2,Contact Agent
2,57000,800,Carpet Area,Mumbai,Unfurnished,Bachelors/Family,2,Contact Agent
1,27000,435,Carpet Area,Mumbai,Unfurnished,Bachelors/Family,2,Contact Agent
1,57000,500,Carpet Area,Mumbai,Semi-Furnished,Bachelors/Family,1,Contact Agent
2,55000,800,Carpet Area,Mumbai,Furnished,Bachelors/Family,2,Contact Agent
1,40000,540,Carpet Area,Mumbai,Semi-Furnished,Family,2,Contact Agent
2,95000,1050,Carpet Area,Mumbai,Unfurnished,Bachelors/Family,2,Contact Agent
2,85000,700,Carpet Area,Mumbai,Semi-Furnished,Bachelors/Family,2,Contact Agent
4,300000,1600,Carpet Area,Mumbai,Semi-Furnished,Bachelors/Family,4,Contact Agent
2,80000,600,Carpet Area,Mumbai,Furnished,Bachelors/Family,1,Contact Agent
1,13000,300,Super Area,Mumbai,Unfurnished,Bachelors/Family,2,Contact Owner
1,28000,550,Carpet Area,Mumbai,Unfurnished,Bachelors,2,Contact Owner
3,89000,932,Carpet Area,Mumbai,Semi-Furnished,Bachelors/Family,3,Contact Agent
1,28000,450,Carpet Area,Mumbai,Unfurnished,Bachelors/Family,2,Contact Agent
2,13000,600,Carpet Area,Mumbai,Unfurnished,Bachelors/Family,2,Contact Owner
1,24000,424,Carpet Area,Mumbai,Unfurnished,Bachelors/Family,2,Contact Agent
2,38000,560,Carpet Area,Mumbai,Furnished,Bachelors,2,Contact Owner
1,32000,450,Carpet Area,Mumbai,Unfurnished,Bachelors,2,Contact Agent
4,350000,3000,Carpet Area,Mumbai,Semi-Furnished,Bachelors/Family,5,Contact Agent
1,40000,600,Carpet Area,Mumbai,Furnished,Family,2,Contact Agent
3,150000,1400,Carpet Area,Mumbai,Furnished,Bachelors,3,Contact Agent
2,45000,630,Carpet Area,Mumbai,Unfurnished,Bachelors,2,Contact Agent
3,170000,1400,Carpet Area,Mumbai,Unfurnished,Bachelors/Family,3,Contact Agent
1,30000,320,Super Area,Mumbai,Furnished,Family,1,Contact Owner
2,210000,1000,Carpet Area,Mumbai,Unfurnished,Bachelors,2,Contact Agent
3,75000,1150,Carpet Area,Mumbai,Unfurnished,Bachelors/Family,3,Contact Agent
2,47000,751,Carpet Area,Mumbai,Semi-Furnished,Family,2,Contact Agent
2,14000,570,Carpet Area,Mumbai,Furnished,Family,2,Contact Agent
2,55000,696,Carpet Area,Mumbai,Semi-Furnished,Bachelors/Family,2,Contact Agent
4,120000,1600,Carpet Area,Mumbai,Unfurnished,Family,4,Contact Agent
3,300000,2500,Carpet Area,Mumbai,Semi-Furnished,Bachelors,3,Contact Agent
3,70000,1150,Carpet Area,Mumbai,Unfurnished,Bachelors/Family,3,Contact Agent
3,150000,1500,Carpet Area,Mumbai,Semi-Furnished,Bachelors/Family,4,Contact Agent
3,62000,950,Carpet Area,Mumbai,Furnished,Bachelors/Family,3,Contact Agent
2,42000,750,Carpet Area,Mumbai,Unfurnished,Bachelors,2,Contact Agent
2,130000,715,Carpet Area,Mumbai,Furnished,Bachelors/Family,2,Contact Agent
3,170000,1337,Carpet Area,Mumbai,Furnished,Bachelors/Family,3,Contact Agent
3,20000,737,Carpet Area,Mumbai,Semi-Furnished,Bachelors,3,Contact Agent
2,41000,750,Carpet Area,Mumbai,Unfurnished,Bachelors,2,Contact Agent
2,65000,760,Carpet Area,Mumbai,Semi-Furnished,Bachelors/Family,2,Contact Agent
2,50000,750,Carpet Area,Mumbai,Semi-Furnished,Bachelors/Family,2,Contact Agent
2,85000,650,Carpet Area,Mumbai,Semi-Furnished,Bachelors,2,Contact Agent
2,50000,1000,Super Area,Mumbai,Semi-Furnished,Bachelors/Family,2,Contact Owner
1,30000,570,Carpet Area,Mumbai,Unfurnished,Bachelors/Family,1,Contact Owner
2,120000,900,Carpet Area,Mumbai,Semi-Furnished,Family,2,Contact Agent
2,60000,760,Carpet Area,Mumbai,Unfurnished,Family,2,Contact Agent
3,110000,1500,Carpet Area,Mumbai,Unfurnished,Bachelors/Family,4,Contact Agent
3,84500,1150,Carpet Area,Mumbai,Unfurnished,Family,3,Contact Agent
3,80000,1100,Carpet Area,Mumbai,Semi-Furnished,Family,3,Contact Agent
3,50000,1000,Carpet Area,Mumbai,Furnished,Bachelors/Family,3,Contact Agent
2,40000,720,Carpet Area,Mumbai,Unfurnished,Bachelors,2,Contact Agent
1,34000,365,Carpet Area,Mumbai,Furnished,Family,1,Contact Agent
4,220000,2000,Carpet Area,Mumbai,Furnished,Bachelors/Family,4,Contact Agent
1,25000,400,Carpet Area,Mumbai,Unfurnished,Bachelors/Family,1,Contact Agent
3,150000,1330,Carpet Area,Mumbai,Semi-Furnished,Bachelors/Family,4,Contact Agent
3,85000,850,Carpet Area,Mumbai,Semi-Furnished,Family,3,Contact Agent
4,180000,2000,Carpet Area,Mumbai,Furnished,Bachelors/Family,5,Contact Agent
2,40000,700,Carpet Area,Mumbai,Semi-Furnished,Bachelors/Family,2,Contact Agent
2,50000,900,Carpet Area,Mumbai,Semi-Furnished,Bachelors,2,Contact Agent
2,38000,650,Carpet Area,Mumbai,Furnished,Family,2,Contact Agent
4,310000,2600,Carpet Area,Mumbai,Unfurnished,Family,4,Contact Agent
2,50000,680,Carpet Area,Mumbai,Unfurnished,Bachelors/Family,2,Contact Agent
3,65000,950,Carpet Area,Mumbai,Semi-Furnished,Bachelors/Family,3,Contact Agent
4,210000,1783,Carpet Area,Mumbai,Semi-Furnished,Bachelors/Family,3,Contact Owner
3,150000,1330,Carpet Area,Mumbai,Unfurnished,Bachelors/Family,3,Contact Agent
1,32000,565,Super Area,Mumbai,Unfurnished,Bachelors/Family,2,Contact Owner
1,26000,450,Carpet Area,Mumbai,Unfurnished,Bachelors/Family,1,Contact Agent
2,60000,710,Carpet Area,Mumbai,Semi-Furnished,Bachelors/Family,2,Contact Agent
3,190000,1514,Carpet Area,Mumbai,Semi-Furnished,Bachelors/Family,4,Contact Agent
3,100000,1080,Carpet Area,Mumbai,Unfurnished,Bachelors/Family,3,Contact Agent
2,35000,700,Carpet Area,Mumbai,Unfurnished,Family,2,Contact Agent
3,68000,890,Carpet Area,Mumbai,Unfurnished,Bachelors/Family,2,Contact Agent
3,150000,1250,Carpet Area,Mumbai,Semi-Furnished,Bachelors/Family,3,Contact Agent
1,18000,300,Super Area,Mumbai,Semi-Furnished,Bachelors/Family,1,Contact Owner
2,55000,720,Carpet Area,Mumbai,Unfurnished,Bachelors/Family,2,Contact Agent
3,65000,825,Carpet Area,Mumbai,Furnished,Family,3,Contact Agent
2,80000,500,Carpet Area,Mumbai,Furnished,Bachelors/Family,2,Contact Owner
2,53000,750,Carpet Area,Mumbai,Semi-Furnished,Bachelors/Family,2,Contact Agent
2,80000,750,Carpet Area,Mumbai,Semi-Furnished,Bachelors/Family,2,Contact Agent
1,18000,360,Carpet Area,Mumbai,Furnished,Bachelors/Family,1,Contact Agent
4,250000,1545,Carpet Area,Mumbai,Semi-Furnished,Family,5,Contact Agent
1,17500,400,Carpet Area,Mumbai,Unfurnished,Bachelors/Family,1,Contact Agent
3,43000,750,Carpet Area,Mumbai,Unfurnished,Family,2,Contact Agent
1,13500,432,Carpet Area,Mumbai,Unfurnished,Family,2,Contact Agent
2,18000,780,Carpet Area,Mumbai,Unfurnished,Family,2,Contact Agent
2,75000,695,Carpet Area,Mumbai,Semi-Furnished,Bachelors/Family,1,Contact Agent
1,18000,375,Carpet Area,Mumbai,Unfurnished,Bachelors/Family,1,Contact Agent
3,160000,1095,Carpet Area,Mumbai,Semi-Furnished,Bachelors/Family,3,Contact Agent
1,32000,475,Carpet Area,Mumbai,Semi-Furnished,Family,2,Contact Agent
2,55000,790,Carpet Area,Mumbai,Unfurnished,Bachelors/Family,2,Contact Agent
2,47000,661,Carpet Area,Mumbai,Semi-Furnished,Bachelors/Family,2,Contact Agent
2,35000,700,Carpet Area,Mumbai,Semi-Furnished,Bachelors/Family,2,Contact Agent
1,15000,420,Carpet Area,Mumbai,Semi-Furnished,Family,1,Contact Agent
2,50000,750,Carpet Area,Mumbai,Unfurnished,Bachelors/Family,2,Contact Agent
2,25500,950,Super Area,Mumbai,Semi-Furnished,Bachelors/Family,3,Contact Owner
5,350000,1880,Carpet Area,Mumbai,Furnished,Family,5,Contact Agent
3,55000,1350,Carpet Area,Mumbai,Furnished,Bachelors/Family,3,Contact Agent
1,25000,330,Super Area,Mumbai,Semi-Furnished,Family,1,Contact Owner
2,50000,750,Carpet Area,Mumbai,Unfurnished,Bachelors/Family,2,Contact Agent
2,65000,925,Carpet Area,Mumbai,Furnished,Bachelors/Family,3,Contact Agent
3,50000,1150,Carpet Area,Mumbai,Semi-Furnished,Family,3,Contact Agent
3,65000,1105,Carpet Area,Mumbai,Unfurnished,Bachelors/Family,3,Contact Agent
3,160000,1050,Carpet Area,Mumbai,Furnished,Bachelors,3,Contact Agent
1,25000,410,Carpet Area,Mumbai,Semi-Furnished,Bachelors,1,Contact Agent
1,32000,460,Carpet Area,Mumbai,Unfurnished,Bachelors/Family,2,Contact Agent
1,21000,600,Super Area,Mumbai,Semi-Furnished,Bachelors/Family,1,Contact Owner
1,20000,570,Super Area,Mumbai,Furnished,Bachelors/Family,2,Contact Owner
2,55000,720,Carpet Area,Mumbai,Furnished,Bachelors/Family,2,Contact Agent
1,32000,500,Carpet Area,Mumbai,Semi-Furnished,Bachelors,2,Contact Owner
4,150000,1460,Carpet Area,Mumbai,Semi-Furnished,Bachelors/Family,4,Contact Agent
1,30000,415,Carpet Area,Mumbai,Unfurnished,Bachelors,2,Contact Agent
3,150000,1400,Carpet Area,Mumbai,Semi-Furnished,Bachelors/Family,3,Contact Agent
1,27000,270,Carpet Area,Mumbai,Unfurnished,Bachelors/Family,1,Contact Agent
2,47000,585,Carpet Area,Mumbai,Semi-Furnished,Bachelors/Family,2,Contact Agent
4,150000,1755,Carpet Area,Mumbai,Unfurnished,Family,4,Contact Agent
1,27000,550,Carpet Area,Mumbai,Furnished,Family,2,Contact Owner
3,160000,1300,Carpet Area,Mumbai,Semi-Furnished,Bachelors/Family,4,Contact Agent
2,100000,1200,Super Area,Mumbai,Furnished,Bachelors/Family,2,Contact Agent
2,45002,600,Carpet Area,Mumbai,Semi-Furnished,Bachelors/Family,2,Contact Agent
2,48000,700,Carpet Area,Mumbai,Semi-Furnished,Bachelors/Family,2,Contact Agent
1,18000,385,Carpet Area,Mumbai,Unfurnished,Bachelors/Family,1,Contact Agent
1,7500,500,Carpet Area,Mumbai,Semi-Furnished,Bachelors,1,Contact Owner
2,50000,850,Carpet Area,Mumbai,Semi-Furnished,Bachelors/Family,2,Contact Agent
3,55000,900,Carpet Area,Mumbai,Semi-Furnished,Family,2,Contact Agent
1,26000,400,Carpet Area,Mumbai,Unfurnished,Bachelors/Family,1,Contact Agent
2,17000,600,Carpet Area,Mumbai,Unfurnished,Bachelors,2,Contact Owner
2,40000,750,Carpet Area,Mumbai,Semi-Furnished,Family,2,Contact Agent
2,43000,628,Carpet Area,Mumbai,Unfurnished,Bachelors/Family,2,Contact Agent
3,140000,1330,Carpet Area,Mumbai,Unfurnished,Bachelors,4,Contact Agent
3,140000,1064,Carpet Area,Mumbai,Unfurnished,Bachelors/Family,3,Contact Agent
3,120000,1200,Carpet Area,Mumbai,Furnished,Family,3,Contact Agent
4,400000,2200,Carpet Area,Mumbai,Furnished,Bachelors/Family,4,Contact Agent
2,21000,630,Carpet Area,Mumbai,Semi-Furnished,Family,2,Contact Agent
2,40000,650,Carpet Area,Mumbai,Unfurnished,Bachelors/Family,2,Contact Agent
2,40000,845,Super Area,Mumbai,Furnished,Bachelors/Family,2,Contact Owner
3,230000,1915,Super Area,Mumbai,Semi-Furnished,Bachelors/Family,3,Contact Agent
2,20000,900,Super Area,Mumbai,Semi-Furnished,Bachelors/Family,2,Contact Owner
2,60000,807,Carpet Area,Mumbai,Unfurnished,Bachelors,2,Contact Agent
2,35000,1100,Super Area,Mumbai,Semi-Furnished,Bachelors/Family,2,Contact Owner
3,300000,1600,Super Area,Mumbai,Semi-Furnished,Bachelors/Family,5,Contact Owner
2,6500,790,Super Area,Mumbai,Unfurnished,Bachelors/Family,2,Contact Owner
1,15000,380,Carpet Area,Mumbai,Unfurnished,Bachelors/Family,1,Contact Owner
2,38000,650,Carpet Area,Mumbai,Unfurnished,Family,2,Contact Agent
2,35000,800,Carpet Area,Mumbai,Semi-Furnished,Family,2,Contact Agent
2,32000,830,Super Area,Mumbai,Semi-Furnished,Bachelors/Family,2,Contact Owner
1,16000,410,Carpet Area,Mumbai,Unfurnished,Bachelors,1,Contact Owner
1,33000,428,Carpet Area,Mumbai,Semi-Furnished,Bachelors/Family,2,Contact Agent
1,8500,550,Super Area,Mumbai,Semi-Furnished,Bachelors/Family,1,Contact Owner
2,60000,630,Carpet Area,Mumbai,Unfurnished,Bachelors,2,Contact Agent
1,20000,550,Super Area,Mumbai,Unfurnished,Bachelors,2,Contact Owner
1,38000,450,Carpet Area,Mumbai,Unfurnished,Bachelors/Family,2,Contact Agent
2,100000,750,Carpet Area,Mumbai,Unfurnished,Bachelors/Family,2,Contact Agent
2,65000,800,Carpet Area,Mumbai,Semi-Furnished,Bachelors/Family,2,Contact Agent
3,80000,1050,Carpet Area,Mumbai,Furnished,Family,3,Contact Agent
2,85000,850,Carpet Area,Mumbai,Furnished,Bachelors,2,Contact Agent
4,600000,2500,Carpet Area,Mumbai,Semi-Furnished,Bachelors/Family,4,Contact Agent
3,150000,2000,Carpet Area,Mumbai,Furnished,Bachelors/Family,3,Contact Agent
3,130000,1330,Carpet Area,Mumbai,Semi-Furnished,Bachelors/Family,4,Contact Agent
3,55000,950,Carpet Area,Mumbai,Unfurnished,Bachelors/Family,3,Contact Agent
1,23000,435,Carpet Area,Mumbai,Semi-Furnished,Bachelors,2,Contact Agent
3,95000,1300,Carpet Area,Mumbai,Semi-Furnished,Bachelors,4,Contact Agent
2,40000,650,Super Area,Mumbai,Unfurnished,Bachelors/Family,2,Contact Owner
3,180000,1550,Carpet Area,Mumbai,Semi-Furnished,Bachelors/Family,3,Contact Agent
1,25000,380,Carpet Area,Mumbai,Semi-Furnished,Bachelors/Family,1,Contact Agent
4,140000,1454,Carpet Area,Mumbai,Unfurnished,Bachelors/Family,4,Contact Agent
2,55000,860,Carpet Area,Mumbai,Semi-Furnished,Family,2,Contact Agent
2,46000,680,Carpet Area,Mumbai,Semi-Furnished,Bachelors/Family,2,Contact Agent
1,22000,433,Carpet Area,Mumbai,Unfurnished,Bachelors,2,Contact Agent
2,55100,710,Carpet Area,Mumbai,Semi-Furnished,Bachelors/Family,2,Contact Agent
2,65000,700,Carpet Area,Mumbai,Furnished,Bachelors,2,Contact Agent
1,33000,550,Carpet Area,Mumbai,Unfurnished,Bachelors/Family,1,Contact Agent
4,320000,2700,Carpet Area,Mumbai,Semi-Furnished,Bachelors/Family,5,Contact Agent
1,33000,350,Super Area,Mumbai,Unfurnished,Bachelors/Family,1,Contact Owner
1,25000,490,Super Area,Mumbai,Semi-Furnished,Bachelors/Family,1,Contact Owner
3,300000,1225,Carpet Area,Mumbai,Furnished,Bachelors/Family,3,Contact Agent
3,100000,1286,Carpet Area,Mumbai,Unfurnished,Bachelors/Family,5,Contact Agent
1,33000,425,Carpet Area,Mumbai,Unfurnished,Bachelors/Family,2,Contact Agent
2,35000,550,Carpet Area,Mumbai,Semi-Furnished,Bachelors,2,Contact Agent
3,130000,1224,Carpet Area,Mumbai,Unfurnished,Family,3,Contact Agent
3,80000,950,Carpet Area,Mumbai,Unfurnished,Bachelors/Family,3,Contact Agent
1,10000,425,Carpet Area,Mumbai,Semi-Furnished,Bachelors,2,Contact Owner
3,92500,1000,Carpet Area,Mumbai,Furnished,Bachelors/Family,3,Contact Agent
2,57000,710,Carpet Area,Mumbai,Semi-Furnished,Bachelors/Family,2,Contact Agent
3,170000,1300,Carpet Area,Mumbai,Semi-Furnished,Bachelors/Family,3,Contact Agent
1,29999,433,Carpet Area,Mumbai,Semi-Furnished,Bachelors/Family,2,Contact Agent
2,42000,650,Carpet Area,Mumbai,Furnished,Bachelors,2,Contact Agent
3,330000,1650,Carpet Area,Mumbai,Furnished,Bachelors,4,Contact Agent
2,24000,600,Super Area,Mumbai,Semi-Furnished,Bachelors/Family,1,Contact Owner
2,35000,850,Super Area,Mumbai,Semi-Furnished,Family,2,Contact Owner
1,14000,305,Carpet Area,Mumbai,Unfurnished,Bachelors,1,Contact Agent
2,45000,490,Carpet Area,Mumbai,Furnished,Bachelors/Family,2,Contact Agent
2,36000,690,Carpet Area,Mumbai,Semi-Furnished,Bachelors,2,Contact Agent
2,53500,635,Carpet Area,Mumbai,Unfurnished,Bachelors/Family,2,Contact Agent
3,80000,1100,Carpet Area,Mumbai,Furnished,Bachelors/Family,2,Contact Agent
1,7500,250,Super Area,Mumbai,Unfurnished,Bachelors/Family,1,Contact Owner
3,140000,1200,Carpet Area,Mumbai,Furnished,Bachelors/Family,3,Contact Agent
2,95000,750,Carpet Area,Mumbai,Unfurnished,Bachelors,2,Contact Agent
3,130000,1100,Carpet Area,Mumbai,Furnished,Bachelors/Family,3,Contact Agent
2,45000,700,Carpet Area,Mumbai,Semi-Furnished,Bachelors/Family,2,Contact Agent
2,110000,1150,Carpet Area,Mumbai,Unfurnished,Bachelors/Family,2,Contact Agent
3,120000,1379,Carpet Area,Mumbai,Unfurnished,Bachelors/Family,3,Contact Agent
1,60000,500,Carpet Area,Mumbai,Furnished,Bachelors/Family,1,Contact Agent
3,120000,1400,Super Area,Mumbai,Unfurnished,Bachelors/Family,3,Contact Agent
1,40000,390,Carpet Area,Mumbai,Unfurnished,Bachelors/Family,1,Contact Agent
2,50000,935,Super Area,Mumbai,Furnished,Bachelors/Family,2,Contact Owner
2,36000,535,Carpet Area,Mumbai,Unfurnished,Bachelors/Family,2,Contact Agent
3,150000,1250,Carpet Area,Mumbai,Semi-Furnished,Bachelors/Family,3,Contact Agent
4,230000,3700,Carpet Area,Mumbai,Furnished,Bachelors/Family,4,Contact Agent
1,25000,350,Carpet Area,Mumbai,Unfurnished,Bachelors,2,Contact Agent
3,190000,1350,Carpet Area,Mumbai,Semi-Furnished,Family,4,Contact Agent
3,61000,1550,Carpet Area,Mumbai,Semi-Furnished,Bachelors/Family,3,Contact Owner
3,70000,1100,Carpet Area,Mumbai,Furnished,Bachelors/Family,3,Contact Agent
3,42000,950,Carpet Area,Mumbai,Unfurnished,Bachelors/Family,3,Contact Agent
1,27000,400,Carpet Area,Mumbai,Unfurnished,Bachelors/Family,1,Contact Agent
2,60000,700,Carpet Area,Mumbai,Furnished,Bachelors,2,Contact Agent
3,85000,850,Super Area,Mumbai,Furnished,Bachelors/Family,2,Contact Owner
2,75000,900,Carpet Area,Mumbai,Furnished,Bachelors/Family,2,Contact Agent
3,200000,1208,Carpet Area,Mumbai,Unfurnished,Bachelors,3,Contact Agent
3,170000,1150,Carpet Area,Mumbai,Semi-Furnished,Bachelors/Family,3,Contact Agent
3,180000,1600,Carpet Area,Mumbai,Semi-Furnished,Bachelors/Family,4,Contact Agent
2,55000,700,Carpet Area,Mumbai,Furnished,Bachelors/Family,2,Contact Agent
5,600000,3200,Carpet Area,Mumbai,Semi-Furnished,Bachelors/Family,5,Contact Agent
1,18000,330,Super Area,Mumbai,Unfurnished,Bachelors/Family,1,Contact Owner
1,19000,225,Super Area,Mumbai,Unfurnished,Bachelors/Family,1,Contact Owner
3,150000,1050,Carpet Area,Mumbai,Furnished,Bachelors/Family,3,Contact Agent
1,18500,225,Carpet Area,Mumbai,Semi-Furnished,Bachelors,1,Contact Agent
1,35000,463,Carpet Area,Mumbai,Furnished,Bachelors/Family,2,Contact Agent
4,200000,1900,Carpet Area,Mumbai,Furnished,Bachelors/Family,3,Contact Agent
2,150000,1500,Super Area,Mumbai,Furnished,Bachelors/Family,4,Contact Owner
2,70000,1000,Carpet Area,Mumbai,Semi-Furnished,Bachelors/Family,2,Contact Agent
1,35000,450,Carpet Area,Mumbai,Semi-Furnished,Bachelors,2,Contact Agent
2,45000,700,Carpet Area,Mumbai,Unfurnished,Bachelors,2,Contact Owner
1,30000,355,Carpet Area,Mumbai,Unfurnished,Bachelors/Family,1,Contact Owner
3,50000,1325,Carpet Area,Mumbai,Furnished,Bachelors/Family,3,Contact Agent
2,50000,950,Super Area,Mumbai,Furnished,Bachelors/Family,2,Contact Owner
1,42000,600,Super Area,Mumbai,Semi-Furnished,Bachelors/Family,1,Contact Owner
2,19500,905,Carpet Area,Mumbai,Semi-Furnished,Bachelors/Family,2,Contact Owner
3,90000,1500,Carpet Area,Mumbai,Furnished,Bachelors/Family,3,Contact Agent
1,60000,455,Carpet Area,Mumbai,Unfurnished,Bachelors/Family,1,Contact Agent
2,55000,850,Carpet Area,Mumbai,Semi-Furnished,Bachelors,2,Contact Agent
3,40000,1100,Super Area,Mumbai,Unfurnished,Family,2,Contact Owner
1,40000,430,Carpet Area,Mumbai,Unfurnished,Bachelors/Family,2,Contact Agent
2,36000,650,Carpet Area,Mumbai,Semi-Furnished,Bachelors/Family,2,Contact Agent
2,45000,795,Carpet Area,Mumbai,Unfurnished,Bachelors/Family,2,Contact Agent
2,100000,800,Carpet Area,Mumbai,Furnished,Bachelors/Family,2,Contact Agent
1,42000,700,Super Area,Mumbai,Furnished,Bachelors/Family,1,Contact Agent
1,45000,450,Carpet Area,Mumbai,Furnished,Family,2,Contact Agent
2,40000,575,Carpet Area,Mumbai,Semi-Furnished,Bachelors/Family,2,Contact Agent
2,50000,650,Carpet Area,Mumbai,Furnished,Bachelors,3,Contact Agent
1,11000,200,Super Area,Mumbai,Furnished,Bachelors/Family,1,Contact Owner
2,50000,1200,Super Area,Mumbai,Semi-Furnished,Bachelors/Family,2,Contact Owner
1,34000,656,Super Area,Mumbai,Unfurnished,Bachelors/Family,2,Contact Owner
3,93000,1600,Carpet Area,Mumbai,Semi-Furnished,Family,3,Contact Agent
3,69999,950,Carpet Area,Mumbai,Unfurnished,Family,3,Contact Agent
2,48000,719,Carpet Area,Mumbai,Semi-Furnished,Family,2,Contact Agent
3,55000,1100,Carpet Area,Mumbai,Unfurnished,Bachelors,3,Contact Agent
4,1000000,3064,Carpet Area,Mumbai,Semi-Furnished,Family,4,Contact Agent
2,40000,650,Carpet Area,Mumbai,Semi-Furnished,Bachelors/Family,2,Contact Agent
3,130000,1450,Carpet Area,Mumbai,Semi-Furnished,Bachelors/Family,5,Contact Agent
2,75000,720,Carpet Area,Mumbai,Semi-Furnished,Bachelors/Family,2,Contact Agent
2,23000,670,Super Area,Mumbai,Semi-Furnished,Bachelors/Family,2,Contact Owner
3,200000,1350,Carpet Area,Mumbai,Furnished,Bachelors,3,Contact Agent
3,55000,925,Carpet Area,Mumbai,Unfurnished,Bachelors,2,Contact Agent
4,80000,1450,Carpet Area,Mumbai,Unfurnished,Bachelors/Family,4,Contact Agent
3,220000,1550,Carpet Area,Mumbai,Furnished,Bachelors/Family,3,Contact Agent
1,40000,420,Carpet Area,Mumbai,Semi-Furnished,Family,2,Contact Agent
2,35000,650,Carpet Area,Mumbai,Unfurnished,Bachelors/Family,2,Contact Agent
2,33003,700,Carpet Area,Mumbai,Furnished,Family,2,Contact Agent
5,450000,3400,Carpet Area,Mumbai,Semi-Furnished,Bachelors/Family,5,Contact Agent
2,65000,935,Super Area,Mumbai,Semi-Furnished,Bachelors/Family,2,Contact Owner
2,45000,980,Carpet Area,Mumbai,Semi-Furnished,Bachelors/Family,2,Contact Owner
4,280000,2800,Carpet Area,Mumbai,Furnished,Family,4,Contact Agent
2,55000,700,Carpet Area,Mumbai,Furnished,Bachelors,3,Contact Agent
2,56000,720,Carpet Area,Mumbai,Semi-Furnished,Bachelors/Family,2,Contact Agent
2,55000,750,Carpet Area,Mumbai,Semi-Furnished,Bachelors,2,Contact Agent
2,28000,700,Carpet Area,Mumbai,Furnished,Bachelors/Family,2,Contact Agent
2,150000,1000,Carpet Area,Mumbai,Semi-Furnished,Bachelors/Family,3,Contact Agent
5,300000,3000,Carpet Area,Mumbai,Furnished,Bachelors/Family,5,Contact Agent
1,50000,413,Carpet Area,Mumbai,Furnished,Bachelors/Family,1,Contact Owner
4,180000,1755,Carpet Area,Mumbai,Semi-Furnished,Family,4,Contact Agent
3,190000,1850,Carpet Area,Mumbai,Semi-Furnished,Bachelors,4,Contact Agent
2,8000,890,Carpet Area,Mumbai,Unfurnished,Bachelors/Family,2,Contact Owner
3,75000,1200,Carpet Area,Mumbai,Semi-Furnished,Bachelors/Family,3,Contact Agent
3,83000,1100,Carpet Area,Mumbai,Furnished,Bachelors,3,Contact Agent
1,32000,420,Carpet Area,Mumbai,Semi-Furnished,Family,2,Contact Agent
2,39000,630,Carpet Area,Mumbai,Unfurnished,Family,2,Contact Agent
4,150000,1705,Carpet Area,Mumbai,Semi-Furnished,Family,3,Contact Agent
3,190000,1300,Carpet Area,Mumbai,Furnished,Bachelors,3,Contact Agent
3,160000,1355,Carpet Area,Mumbai,Furnished,Bachelors/Family,3,Contact Agent
1,25000,450,Carpet Area,Mumbai,Semi-Furnished,Bachelors,2,Contact Agent
3,90000,1350,Carpet Area,Mumbai,Unfurnished,Family,3,Contact Agent
2,95000,825,Carpet Area,Mumbai,Furnished,Bachelors,2,Contact Agent
1,30000,550,Super Area,Mumbai,Semi-Furnished,Bachelors/Family,1,Contact Owner
1,18500,430,Carpet Area,Mumbai,Unfurnished,Family,1,Contact Agent
1,18000,320,Carpet Area,Mumbai,Furnished,Bachelors/Family,1,Contact Agent
3,75000,1100,Carpet Area,Mumbai,Semi-Furnished,Bachelors/Family,3,Contact Agent
4,150000,1460,Carpet Area,Mumbai,Semi-Furnished,Bachelors/Family,4,Contact Agent
3,100000,1250,Carpet Area,Mumbai,Furnished,Bachelors/Family,3,Contact Agent
2,170000,1000,Carpet Area,Mumbai,Furnished,Bachelors/Family,3,Contact Agent
2,45000,710,Carpet Area,Mumbai,Unfurnished,Bachelors/Family,2,Contact Agent
3,200000,1350,Carpet Area,Mumbai,Furnished,Bachelors,3,Contact Agent
2,20000,400,Carpet Area,Mumbai,Furnished,Bachelors/Family,1,Contact Owner
3,85000,1000,Carpet Area,Mumbai,Semi-Furnished,Bachelors/Family,4,Contact Agent
3,130000,1500,Carpet Area,Mumbai,Unfurnished,Family,3,Contact Agent
1,40000,500,Super Area,Mumbai,Semi-Furnished,Bachelors/Family,1,Contact Agent
4,250000,2000,Carpet Area,Mumbai,Furnished,Bachelors,4,Contact Agent
1,15000,225,Carpet Area,Mumbai,Unfurnished,Bachelors,1,Contact Owner
2,40000,650,Carpet Area,Mumbai,Furnished,Bachelors/Family,2,Contact Agent
2,48000,670,Carpet Area,Mumbai,Semi-Furnished,Family,2,Contact Owner
2,15000,610,Carpet Area,Mumbai,Semi-Furnished,Bachelors,1,Contact Owner
1,28000,400,Carpet Area,Mumbai,Furnished,Bachelors/Family,2,Contact Agent
1,25000,340,Carpet Area,Mumbai,Unfurnished,Bachelors/Family,1,Contact Agent
2,34000,471,Carpet Area,Mumbai,Semi-Furnished,Bachelors,2,Contact Agent
1,75000,550,Carpet Area,Mumbai,Furnished,Bachelors/Family,2,Contact Agent
2,45000,630,Carpet Area,Mumbai,Semi-Furnished,Bachelors/Family,1,Contact Agent
1,35000,500,Super Area,Mumbai,Semi-Furnished,Bachelors/Family,2,Contact Owner
1,32000,400,Carpet Area,Mumbai,Furnished,Bachelors/Family,1,Contact Agent
2,17000,1000,Super Area,Mumbai,Unfurnished,Bachelors/Family,2,Contact Owner
4,230000,1528,Carpet Area,Mumbai,Unfurnished,Family,4,Contact Agent
2,35000,650,Carpet Area,Mumbai,Semi-Furnished,Bachelors/Family,2,Contact Agent
1,8500,500,Carpet Area,Mumbai,Unfurnished,Bachelors,1,Contact Owner
3,80000,850,Carpet Area,Mumbai,Semi-Furnished,Bachelors/Family,2,Contact Agent
1,55000,550,Carpet Area,Mumbai,Semi-Furnished,Bachelors,1,Contact Agent
1,25000,430,Carpet Area,Mumbai,Unfurnished,Family,2,Contact Agent
3,40000,1030,Carpet Area,Mumbai,Furnished,Family,3,Contact Agent
1,15500,250,Carpet Area,Mumbai,Unfurnished,Bachelors/Family,1,Contact Agent
1,45000,500,Carpet Area,Mumbai,Unfurnished,Bachelors,2,Contact Agent
4,180000,1750,Carpet Area,Mumbai,Semi-Furnished,Bachelors,4,Contact Agent
2,51000,985,Carpet Area,Mumbai,Unfurnished,Bachelors/Family,2,Contact Agent
3,60000,1050,Carpet Area,Mumbai,Unfurnished,Bachelors,3,Contact Agent
2,36000,700,Carpet Area,Mumbai,Unfurnished,Bachelors/Family,2,Contact Agent
3,180000,1200,Carpet Area,Mumbai,Semi-Furnished,Bachelors/Family,3,Contact Agent
3,75000,1000,Carpet Area,Mumbai,Furnished,Bachelors/Family,3,Contact Agent
2,8000,550,Carpet Area,Mumbai,Unfurnished,Family,2,Contact Agent
3,50000,806,Super Area,Mumbai,Semi-Furnished,Bachelors/Family,2,Contact Owner
3,100000,1400,Carpet Area,Mumbai,Furnished,Bachelors/Family,3,Contact Agent
1,16500,470,Carpet Area,Mumbai,Semi-Furnished,Family,2,Contact Agent
1,4500,475,Super Area,Mumbai,Unfurnished,Bachelors/Family,1,Contact Owner
2,34000,583,Carpet Area,Mumbai,Unfurnished,Family,2,Contact Agent
2,32000,475,Carpet Area,Mumbai,Unfurnished,Bachelors,2,Contact Agent
2,50000,900,Carpet Area,Mumbai,Furnished,Family,2,Contact Agent
1,24000,500,Carpet Area,Mumbai,Semi-Furnished,Bachelors/Family,1,Contact Owner
2,62000,806,Carpet Area,Mumbai,Unfurnished,Bachelors/Family,3,Contact Agent
1,100000,400,Carpet Area,Mumbai,Furnished,Bachelors/Family,1,Contact Agent
1,21000,650,Super Area,Mumbai,Semi-Furnished,Bachelors/Family,2,Contact Owner
1,27000,550,Super Area,Mumbai,Semi-Furnished,Bachelors/Family,2,Contact Owner
1,10000,390,Carpet Area,Mumbai,Unfurnished,Bachelors/Family,1,Contact Agent
2,90000,994,Carpet Area,Mumbai,Semi-Furnished,Bachelors/Family,2,Contact Agent
1,8000,520,Super Area,Mumbai,Semi-Furnished,Bachelors/Family,2,Contact Owner
1,75000,575,Carpet Area,Mumbai,Semi-Furnished,Family,1,Contact Agent
3,230000,2750,Carpet Area,Mumbai,Unfurnished,Bachelors/Family,3,Contact Agent
1,15000,470,Carpet Area,Mumbai,Semi-Furnished,Family,2,Contact Agent
4,260000,2500,Carpet Area,Mumbai,Semi-Furnished,Bachelors/Family,4,Contact Agent
3,62000,1100,Carpet Area,Mumbai,Semi-Furnished,Family,3,Contact Agent
1,43500,480,Carpet Area,Mumbai,Furnished,Bachelors/Family,2,Contact Agent
2,62000,750,Carpet Area,Mumbai,Unfurnished,Bachelors/Family,2,Contact Agent
4,400000,2424,Carpet Area,Mumbai,Semi-Furnished,Bachelors/Family,5,Contact Agent
2,77500,724,Carpet Area,Mumbai,Semi-Furnished,Bachelors,2,Contact Agent
1,30000,600,Carpet Area,Mumbai,Furnished,Bachelors/Family,1,Contact Owner
3,110000,1076,Carpet Area,Mumbai,Semi-Furnished,Bachelors/Family,2,Contact Agent
1,20000,800,Super Area,Mumbai,Unfurnished,Bachelors/Family,2,Contact Owner
3,150000,1300,Carpet Area,Mumbai,Semi-Furnished,Bachelors/Family,3,Contact Agent
1,55000,500,Carpet Area,Mumbai,Unfurnished,Bachelors/Family,2,Contact Agent
2,70000,700,Carpet Area,Mumbai,Semi-Furnished,Bachelors,2,Contact Agent
2,65000,700,Carpet Area,Mumbai,Furnished,Bachelors,2,Contact Agent
3,310000,2170,Carpet Area,Mumbai,Semi-Furnished,Bachelors/Family,4,Contact Agent
1,18000,225,Carpet Area,Mumbai,Unfurnished,Bachelors,2,Contact Agent
1,48000,485,Carpet Area,Mumbai,Furnished,Bachelors/Family,2,Contact Agent
1,10000,225,Super Area,Mumbai,Unfurnished,Bachelors/Family,1,Contact Owner
1,32000,478,Carpet Area,Mumbai,Semi-Furnished,Bachelors/Family,2,Contact Agent
3,32000,1200,Super Area,Mumbai,Semi-Furnished,Bachelors/Family,3,Contact Owner
2,36000,620,Carpet Area,Mumbai,Semi-Furnished,Family,2,Contact Agent
1,22000,280,Carpet Area,Mumbai,Unfurnished,Bachelors/Family,1,Contact Agent
1,5500,385,Carpet Area,Mumbai,Unfurnished,Family,1,Contact Agent
3,15000,704,Carpet Area,Mumbai,Unfurnished,Bachelors/Family,2,Contact Owner
2,40000,710,Carpet Area,Mumbai,Unfurnished,Bachelors/Family,2,Contact Owner
1,28000,525,Super Area,Mumbai,Unfurnished,Bachelors/Family,1,Contact Owner
1,11000,390,Carpet Area,Mumbai,Semi-Furnished,Bachelors/Family,1,Contact Agent
2,40000,755,Carpet Area,Mumbai,Semi-Furnished,Bachelors,2,Contact Agent
2,45000,700,Carpet Area,Mumbai,Unfurnished,Bachelors/Family,2,Contact Agent
2,180000,1000,Carpet Area,Mumbai,Semi-Furnished,Bachelors,3,Contact Agent
3,160000,2000,Carpet Area,Mumbai,Furnished,Family,3,Contact Agent
2,36000,650,Carpet Area,Mumbai,Unfurnished,Family,2,Contact Agent
1,59000,470,Carpet Area,Mumbai,Semi-Furnished,Bachelors,1,Contact Agent
1,40000,450,Carpet Area,Mumbai,Semi-Furnished,Bachelors/Family,2,Contact Agent
2,40000,625,Super Area,Mumbai,Semi-Furnished,Bachelors/Family,2,Contact Owner
2,72000,700,Carpet Area,Mumbai,Furnished,Bachelors,2,Contact Agent
2,40000,600,Carpet Area,Mumbai,Unfurnished,Family,2,Contact Agent
2,16000,600,Carpet Area,Mumbai,Unfurnished,Family,1,Contact Owner
2,50000,1100,Super Area,Mumbai,Furnished,Bachelors/Family,4,Contact Agent
1,24000,370,Carpet Area,Mumbai,Semi-Furnished,Family,1,Contact Agent
2,65000,950,Carpet Area,Mumbai,Semi-Furnished,Bachelors/Family,2,Contact Agent
2,33000,825,Super Area,Mumbai,Unfurnished,Bachelors/Family,2,Contact Owner
2,27000,650,Carpet Area,Mumbai,Unfurnished,Bachelors,2,Contact Agent
2,52000,750,Carpet Area,Mumbai,Semi-Furnished,Bachelors/Family,2,Contact Agent
3,95000,900,Carpet Area,Mumbai,Semi-Furnished,Family,3,Contact Agent
2,68000,805,Carpet Area,Mumbai,Semi-Furnished,Bachelors/Family,3,Contact Agent
2,48000,742,Carpet Area,Mumbai,Unfurnished,Family,2,Contact Agent
2,32000,550,Carpet Area,Mumbai,Semi-Furnished,Bachelors/Family,2,Contact Agent
2,42000,745,Carpet Area,Mumbai,Semi-Furnished,Bachelors/Family,2,Contact Agent
2,60000,800,Carpet Area,Mumbai,Furnished,Family,2,Contact Agent
3,51500,1265,Carpet Area,Mumbai,Unfurnished,Family,3,Contact Agent
3,130000,1800,Super Area,Mumbai,Unfurnished,Bachelors/Family,3,Contact Agent
1,25000,325,Carpet Area,Mumbai,Furnished,Bachelors/Family,1,Contact Agent
2,85000,902,Carpet Area,Mumbai,Semi-Furnished,Bachelors/Family,2,Contact Agent
3,98000,1233,Carpet Area,Mumbai,Semi-Furnished,Bachelors/Family,4,Contact Agent
2,100000,750,Super Area,Mumbai,Furnished,Bachelors/Family,2,Contact Owner
2,65000,600,Carpet Area,Mumbai,Unfurnished,Bachelors,2,Contact Agent
1,23000,500,Super Area,Mumbai,Unfurnished,Bachelors/Family,1,Contact Agent
2,40000,600,Carpet Area,Mumbai,Unfurnished,Bachelors/Family,2,Contact Agent
3,45000,950,Carpet Area,Mumbai,Unfurnished,Bachelors/Family,3,Contact Agent
1,40000,680,Super Area,Mumbai,Furnished,Bachelors/Family,4,Contact Agent
1,23500,400,Carpet Area,Mumbai,Unfurnished,Bachelors/Family,1,Contact Agent
4,250000,2120,Carpet Area,Mumbai,Furnished,Bachelors/Family,5,Contact Agent
3,110000,1350,Carpet Area,Mumbai,Semi-Furnished,Bachelors,4,Contact Agent
3,150000,1600,Carpet Area,Mumbai,Semi-Furnished,Bachelors/Family,3,Contact Agent
1,22000,430,Carpet Area,Mumbai,Unfurnished,Family,1,Contact Agent
4,150000,1937,Carpet Area,Mumbai,Semi-Furnished,Bachelors/Family,5,Contact Agent
2,75000,700,Carpet Area,Mumbai,Semi-Furnished,Bachelors,3,Contact Agent
2,41000,780,Carpet Area,Mumbai,Unfurnished,Bachelors/Family,2,Contact Agent
4,150000,1300,Carpet Area,Mumbai,Semi-Furnished,Bachelors/Family,4,Contact Agent
3,150000,1350,Carpet Area,Mumbai,Semi-Furnished,Bachelors/Family,3,Contact Agent
2,53000,750,Carpet Area,Mumbai,Furnished,Bachelors/Family,2,Contact Agent
4,140000,1400,Carpet Area,Mumbai,Semi-Furnished,Bachelors/Family,3,Contact Agent
4,200000,2000,Carpet Area,Mumbai,Furnished,Bachelors/Family,5,Contact Agent
2,65000,850,Carpet Area,Mumbai,Furnished,Bachelors/Family,2,Contact Agent
1,48000,500,Carpet Area,Mumbai,Furnished,Bachelors,1,Contact Agent
2,75000,900,Super Area,Mumbai,Unfurnished,Bachelors/Family,2,Contact Agent
2,39000,750,Carpet Area,Mumbai,Semi-Furnished,Family,2,Contact Agent
3,70000,1100,Carpet Area,Mumbai,Semi-Furnished,Bachelors/Family,2,Contact Agent
4,1200000,5000,Carpet Area,Mumbai,Semi-Furnished,Bachelors/Family,4,Contact Agent
1,25000,596,Super Area,Mumbai,Semi-Furnished,Bachelors/Family,1,Contact Owner
2,45000,680,Carpet Area,Mumbai,Unfurnished,Bachelors,2,Contact Agent
4,190000,1950,Carpet Area,Mumbai,Unfurnished,Bachelors/Family,4,Contact Agent
3,140000,1350,Carpet Area,Mumbai,Semi-Furnished,Bachelors/Family,3,Contact Agent
1,35000,510,Carpet Area,Mumbai,Semi-Furnished,Bachelors/Family,1,Contact Owner
1,60000,500,Carpet Area,Mumbai,Furnished,Bachelors/Family,1,Contact Agent
1,15000,375,Super Area,Mumbai,Unfurnished,Bachelors/Family,1,Contact Owner
1,39000,500,Carpet Area,Mumbai,Furnished,Family,1,Contact Agent
3,190000,1500,Carpet Area,Mumbai,Semi-Furnished,Bachelors/Family,3,Contact Agent
3,84000,1000,Carpet Area,Mumbai,Furnished,Bachelors/Family,3,Contact Agent
3,68000,1260,Carpet Area,Mumbai,Unfurnished,Family,3,Contact Agent
1,26000,475,Carpet Area,Mumbai,Unfurnished,Bachelors/Family,2,Contact Agent
2,42000,620,Carpet Area,Mumbai,Semi-Furnished,Family,2,Contact Agent
1,35000,490,Carpet Area,Mumbai,Furnished,Bachelors/Family,1,Contact Agent
2,44000,710,Carpet Area,Mumbai,Semi-Furnished,Bachelors/Family,2,Contact Agent
2,60000,720,Carpet Area,Mumbai,Unfurnished,Bachelors/Family,2,Contact Agent
2,45000,770,Carpet Area,Mumbai,Semi-Furnished,Bachelors,2,Contact Agent
3,250000,1600,Super Area,Mumbai,Semi-Furnished,Bachelors/Family,3,Contact Agent
1,65000,500,Carpet Area,Mumbai,Furnished,Bachelors/Family,1,Contact Agent
1,20000,350,Super Area,Mumbai,Unfurnished,Bachelors/Family,1,Contact Owner
2,75000,1000,Super Area,Mumbai,Semi-Furnished,Bachelors/Family,2,Contact Agent
5,500000,3900,Carpet Area,Mumbai,Furnished,Bachelors/Family,5,Contact Agent
3,140000,1000,Carpet Area,Mumbai,Semi-Furnished,Family,3,Contact Agent
2,45000,660,Carpet Area,Mumbai,Semi-Furnished,Bachelors,2,Contact Agent
1,9400,600,Super Area,Mumbai,Semi-Furnished,Bachelors/Family,1,Contact Owner
2,100000,900,Carpet Area,Mumbai,Furnished,Bachelors/Family,2,Contact Agent
2,65000,750,Carpet Area,Mumbai,Furnished,Bachelors/Family,2,Contact Agent
2,230000,1000,Carpet Area,Mumbai,Furnished,Bachelors/Family,2,Contact Agent
3,180000,1500,Carpet Area,Mumbai,Semi-Furnished,Bachelors,3,Contact Agent
2,180000,1200,Carpet Area,Mumbai,Furnished,Bachelors/Family,3,Contact Agent
3,120000,1200,Carpet Area,Mumbai,Furnished,Bachelors/Family,3,Contact Agent
1,20000,280,Carpet Area,Mumbai,Semi-Furnished,Bachelors/Family,1,Contact Agent
2,130000,1000,Carpet Area,Mumbai,Furnished,Bachelors,2,Contact Agent
3,400000,1800,Carpet Area,Mumbai,Semi-Furnished,Bachelors,4,Contact Agent
2,75000,694,Carpet Area,Mumbai,Semi-Furnished,Bachelors/Family,2,Contact Agent
5,350000,3250,Carpet Area,Mumbai,Unfurnished,Family,5,Contact Agent
3,100000,1740,Super Area,Mumbai,Furnished,Bachelors/Family,4,Contact Owner
2,55000,750,Carpet Area,Mumbai,Furnished,Bachelors/Family,2,Contact Agent
3,70000,1000,Carpet Area,Mumbai,Semi-Furnished,Bachelors/Family,3,Contact Agent
1,30000,500,Super Area,Mumbai,Furnished,Bachelors/Family,1,Contact Owner
4,330000,2000,Carpet Area,Mumbai,Semi-Furnished,Bachelors,5,Contact Agent
1,75000,550,Carpet Area,Mumbai,Furnished,Bachelors/Family,2,Contact Agent
1,14000,270,Carpet Area,Mumbai,Unfurnished,Bachelors,1,Contact Owner
3,130000,960,Carpet Area,Mumbai,Semi-Furnished,Family,3,Contact Agent
3,40000,1200,Super Area,Mumbai,Semi-Furnished,Family,2,Contact Owner
2,46000,710,Carpet Area,Mumbai,Unfurnished,Bachelors/Family,2,Contact Agent
1,27000,472,Carpet Area,Mumbai,Semi-Furnished,Bachelors,2,Contact Owner
2,95000,1000,Carpet Area,Mumbai,Semi-Furnished,Bachelors/Family,2,Contact Agent
2,94000,800,Carpet Area,Mumbai,Semi-Furnished,Family,2,Contact Agent
2,40000,650,Carpet Area,Mumbai,Unfurnished,Bachelors,2,Contact Agent
3,150000,1300,Carpet Area,Mumbai,Semi-Furnished,Bachelors/Family,3,Contact Agent
2,30000,600,Carpet Area,Mumbai,Unfurnished,Bachelors/Family,2,Contact Agent
2,95000,750,Carpet Area,Mumbai,Furnished,Bachelors,2,Contact Agent
2,130000,890,Carpet Area,Mumbai,Semi-Furnished,Family,2,Contact Agent
1,14000,421,Carpet Area,Mumbai,Unfurnished,Bachelors/Family,1,Contact Agent
3,100000,1300,Carpet Area,Mumbai,Semi-Furnished,Family,3,Contact Agent
1,35000,350,Super Area,Mumbai,Unfurnished,Bachelors/Family,1,Contact Owner
2,57000,800,Carpet Area,Mumbai,Semi-Furnished,Bachelors/Family,2,Contact Agent
2,45000,650,Carpet Area,Mumbai,Semi-Furnished,Bachelors/Family,2,Contact Owner
1,11000,650,Super Area,Mumbai,Furnished,Bachelors/Family,2,Contact Owner
2,50000,650,Carpet Area,Mumbai,Semi-Furnished,Bachelors/Family,2,Contact Agent
2,35000,680,Carpet Area,Mumbai,Unfurnished,Bachelors/Family,2,Contact Agent
2,100000,800,Carpet Area,Mumbai,Furnished,Bachelors/Family,2,Contact Agent
3,130000,1250,Carpet Area,Mumbai,Semi-Furnished,Family,3,Contact Agent
1,52000,475,Carpet Area,Mumbai,Unfurnished,Bachelors/Family,1,Contact Agent
2,28000,600,Carpet Area,Mumbai,Unfurnished,Bachelors/Family,2,Contact Agent
1,18000,450,Super Area,Mumbai,Unfurnished,Bachelors/Family,1,Contact Owner
1,30000,400,Super Area,Mumbai,Unfurnished,Bachelors,1,Contact Owner
3,45000,985,Carpet Area,Mumbai,Unfurnished,Family,3,Contact Agent
3,130000,1450,Carpet Area,Mumbai,Unfurnished,Bachelors,3,Contact Agent
2,58000,650,Carpet Area,Mumbai,Semi-Furnished,Family,2,Contact Agent
2,65000,805,Carpet Area,Mumbai,Semi-Furnished,Bachelors/Family,3,Contact Agent
1,24000,650,Super Area,Mumbai,Semi-Furnished,Bachelors/Family,1,Contact Owner
1,54500,515,Carpet Area,Mumbai,Unfurnished,Bachelors/Family,1,Contact Agent
3,70000,1000,Carpet Area,Mumbai,Semi-Furnished,Bachelors/Family,2,Contact Agent
3,67000,1050,Carpet Area,Mumbai,Semi-Furnished,Family,3,Contact Agent
2,75000,777,Carpet Area,Mumbai,Furnished,Bachelors/Family,2,Contact Agent
2,45000,831,Carpet Area,Mumbai,Unfurnished,Family,2,Contact Agent
3,98000,1233,Carpet Area,Mumbai,Semi-Furnished,Bachelors/Family,4,Contact Agent
1,16000,250,Carpet Area,Mumbai,Unfurnished,Bachelors/Family,1,Contact Owner
2,95000,900,Carpet Area,Mumbai,Semi-Furnished,Bachelors,2,Contact Agent
2,40000,753,Carpet Area,Mumbai,Unfurnished,Bachelors/Family,2,Contact Agent
3,300000,1800,Carpet Area,Mumbai,Furnished,Bachelors,3,Contact Agent
2,80000,670,Carpet Area,Mumbai,Unfurnished,Bachelors,2,Contact Agent
4,380000,2800,Carpet Area,Mumbai,Semi-Furnished,Bachelors/Family,4,Contact Agent
3,160000,1197,Carpet Area,Mumbai,Semi-Furnished,Bachelors/Family,3,Contact Agent
2,44000,880,Carpet Area,Mumbai,Unfurnished,Bachelors,2,Contact Owner
2,200000,1000,Carpet Area,Mumbai,Furnished,Bachelors/Family,2,Contact Agent
2,65000,935,Super Area,Mumbai,Semi-Furnished,Bachelors/Family,2,Contact Owner
2,50000,751,Carpet Area,Mumbai,Semi-Furnished,Bachelors/Family,2,Contact Agent
1,6000,200,Super Area,Mumbai,Unfurnished,Bachelors/Family,1,Contact Owner
4,280000,2500,Carpet Area,Mumbai,Semi-Furnished,Bachelors/Family,6,Contact Agent
1,46000,500,Carpet Area,Mumbai,Furnished,Family,1,Contact Agent
1,35000,430,Carpet Area,Mumbai,Furnished,Bachelors/Family,1,Contact Agent
3,75000,1088,Carpet Area,Mumbai,Semi-Furnished,Bachelors/Family,3,Contact Agent
1,20000,330,Carpet Area,Mumbai,Semi-Furnished,Bachelors/Family,1,Contact Owner
1,25000,400,Carpet Area,Mumbai,Unfurnished,Bachelors/Family,1,Contact Owner
3,110000,1200,Carpet Area,Mumbai,Furnished,Bachelors/Family,3,Contact Agent
2,29500,700,Carpet Area,Mumbai,Unfurnished,Bachelors/Family,2,Contact Agent
3,53000,1000,Carpet Area,Mumbai,Semi-Furnished,Bachelors/Family,2,Contact Agent
2,85000,750,Carpet Area,Mumbai,Semi-Furnished,Bachelors/Family,2,Contact Agent
1,26000,450,Carpet Area,Mumbai,Unfurnished,Bachelors,2,Contact Agent
1,33000,640,Super Area,Mumbai,Furnished,Bachelors/Family,2,Contact Owner
3,180000,1190,Carpet Area,Mumbai,Semi-Furnished,Bachelors/Family,3,Contact Agent
3,70000,850,Super Area,Mumbai,Unfurnished,Bachelors,3,Contact Agent
1,17000,330,Carpet Area,Mumbai,Semi-Furnished,Bachelors/Family,1,Contact Agent
2,37000,685,Carpet Area,Mumbai,Semi-Furnished,Bachelors,2,Contact Agent
1,27000,400,Carpet Area,Mumbai,Unfurnished,Bachelors,2,Contact Agent
1,35500,500,Carpet Area,Mumbai,Furnished,Bachelors/Family,2,Contact Agent
1,24000,550,Carpet Area,Mumbai,Unfurnished,Bachelors,1,Contact Agent
4,250000,2500,Carpet Area,Mumbai,Unfurnished,Bachelors/Family,4,Contact Agent
3,180000,1100,Carpet Area,Mumbai,Furnished,Family,3,Contact Agent
2,18500,650,Carpet Area,Mumbai,Unfurnished,Family,2,Contact Agent
3,200000,1400,Carpet Area,Mumbai,Furnished,Bachelors/Family,3,Contact Agent
2,70000,1050,Carpet Area,Mumbai,Furnished,Bachelors/Family,2,Contact Agent
3,55000,850,Carpet Area,Mumbai,Unfurnished,Bachelors,3,Contact Agent
1,24000,550,Carpet Area,Mumbai,Unfurnished,Bachelors,1,Contact Agent
2,55000,750,Carpet Area,Mumbai,Furnished,Bachelors/Family,2,Contact Agent
3,150000,1350,Carpet Area,Mumbai,Semi-Furnished,Bachelors/Family,3,Contact Agent
2,50000,800,Carpet Area,Mumbai,Semi-Furnished,Bachelors/Family,2,Contact Agent
4,300000,2650,Carpet Area,Mumbai,Semi-Furnished,Bachelors/Family,3,Contact Agent
3,90100,975,Carpet Area,Mumbai,Semi-Furnished,Bachelors/Family,2,Contact Agent
3,57000,1325,Carpet Area,Mumbai,Furnished,Bachelors/Family,4,Contact Agent
2,40000,700,Super Area,Mumbai,Semi-Furnished,Bachelors/Family,2,Contact Owner
2,80000,700,Carpet Area,Mumbai,Furnished,Family,2,Contact Agent
2,95000,850,Carpet Area,Mumbai,Semi-Furnished,Bachelors/Family,2,Contact Agent
1,14000,305,Carpet Area,Mumbai,Unfurnished,Bachelors,1,Contact Agent
2,50000,850,Carpet Area,Mumbai,Unfurnished,Bachelors/Family,2,Contact Agent
2,43000,724,Carpet Area,Mumbai,Unfurnished,Bachelors/Family,2,Contact Agent
2,55000,650,Carpet Area,Mumbai,Furnished,Bachelors,2,Contact Agent
2,35000,650,Carpet Area,Mumbai,Unfurnished,Family,2,Contact Agent
2,33000,700,Carpet Area,Mumbai,Unfurnished,Bachelors,2,Contact Agent
2,47000,785,Carpet Area,Mumbai,Furnished,Bachelors/Family,2,Contact Agent
3,75000,1250,Carpet Area,Mumbai,Semi-Furnished,Family,3,Contact Agent
4,45000,1016,Carpet Area,Mumbai,Unfurnished,Bachelors/Family,3,Contact Agent
1,36000,380,Carpet Area,Mumbai,Unfurnished,Bachelors/Family,2,Contact Agent
1,40000,475,Carpet Area,Mumbai,Unfurnished,Bachelors,1,Contact Agent
1,40000,444,Carpet Area,Mumbai,Unfurnished,Bachelors,2,Contact Agent
2,32000,640,Carpet Area,Mumbai,Unfurnished,Bachelors/Family,2,Contact Agent
1,17000,320,Carpet Area,Mumbai,Unfurnished,Bachelors/Family,1,Contact Owner
3,77000,1100,Carpet Area,Mumbai,Unfurnished,Bachelors/Family,4,Contact Agent
4,290000,1500,Carpet Area,Mumbai,Furnished,Bachelors/Family,3,Contact Agent
2,35000,650,Carpet Area,Mumbai,Semi-Furnished,Bachelors/Family,2,Contact Agent
1,40000,508,Carpet Area,Mumbai,Semi-Furnished,Bachelors/Family,2,Contact Agent
4,250000,2500,Carpet Area,Mumbai,Furnished,Bachelors/Family,4,Contact Agent
2,47000,720,Carpet Area,Mumbai,Unfurnished,Bachelors,2,Contact Agent
2,50000,750,Super Area,Mumbai,Unfurnished,Bachelors/Family,2,Contact Owner
1,32000,430,Carpet Area,Mumbai,Unfurnished,Family,1,Contact Agent
2,8000,623,Carpet Area,Mumbai,Unfurnished,Family,2,Contact Agent
3,240000,1358,Carpet Area,Mumbai,Semi-Furnished,Family,4,Contact Agent
3,85000,1000,Carpet Area,Mumbai,Semi-Furnished,Bachelors/Family,3,Contact Agent
3,65000,1100,Carpet Area,Mumbai,Unfurnished,Bachelors,3,Contact Agent
3,75000,1255,Carpet Area,Mumbai,Furnished,Bachelors/Family,3,Contact Owner
1,26500,450,Carpet Area,Mumbai,Furnished,Family,2,Contact Agent
2,45000,650,Carpet Area,Mumbai,Furnished,Bachelors/Family,2,Contact Agent
2,95000,955,Carpet Area,Mumbai,Semi-Furnished,Bachelors,2,Contact Agent
2,38000,700,Carpet Area,Mumbai,Unfurnished,Bachelors/Family,2,Contact Agent
3,260000,1915,Super Area,Mumbai,Semi-Furnished,Family,4,Contact Agent
4,300000,2308,Carpet Area,Mumbai,Semi-Furnished,Bachelors/Family,6,Contact Agent
3,180000,1250,Carpet Area,Mumbai,Semi-Furnished,Family,3,Contact Agent
2,40000,625,Carpet Area,Mumbai,Semi-Furnished,Bachelors,2,Contact Agent
4,300000,2200,Carpet Area,Mumbai,Furnished,Family,4,Contact Agent
2,85000,870,Carpet Area,Mumbai,Furnished,Bachelors/Family,2,Contact Agent
3,110000,1300,Carpet Area,Mumbai,Semi-Furnished,Bachelors/Family,3,Contact Agent
2,40000,750,Carpet Area,Mumbai,Unfurnished,Family,2,Contact Agent
2,45000,750,Super Area,Mumbai,Furnished,Bachelors,2,Contact Owner
2,52000,550,Carpet Area,Mumbai,Furnished,Bachelors/Family,2,Contact Agent
4,90000,1250,Carpet Area,Mumbai,Furnished,Family,4,Contact Agent
3,140000,1400,Carpet Area,Mumbai,Semi-Furnished,Family,3,Contact Agent
3,150000,1330,Carpet Area,Mumbai,Semi-Furnished,Family,4,Contact Agent
3,65000,1000,Carpet Area,Mumbai,Semi-Furnished,Bachelors/Family,3,Contact Agent
2,50000,770,Carpet Area,Mumbai,Unfurnished,Bachelors/Family,2,Contact Agent
2,54000,800,Carpet Area,Mumbai,Unfurnished,Family,2,Contact Agent
4,180000,1691,Carpet Area,Mumbai,Semi-Furnished,Bachelors/Family,6,Contact Agent
1,60000,550,Carpet Area,Mumbai,Furnished,Bachelors,2,Contact Agent
2,65000,800,Carpet Area,Mumbai,Unfurnished,Family,2,Contact Agent
2,35000,615,Carpet Area,Mumbai,Unfurnished,Family,2,Contact Agent
2,43000,663,Carpet Area,Mumbai,Unfurnished,Bachelors/Family,2,Contact Agent
1,20000,400,Carpet Area,Mumbai,Semi-Furnished,Bachelors/Family,1,Contact Owner
2,57000,625,Carpet Area,Mumbai,Furnished,Bachelors,2,Contact Agent
4,130000,1432,Carpet Area,Mumbai,Unfurnished,Bachelors/Family,3,Contact Agent
1,25000,425,Carpet Area,Mumbai,Unfurnished,Bachelors,1,Contact Agent
2,56000,649,Carpet Area,Mumbai,Semi-Furnished,Bachelors,2,Contact Agent
2,55000,905,Carpet Area,Mumbai,Unfurnished,Bachelors,2,Contact Agent
2,18000,882,Super Area,Mumbai,Unfurnished,Bachelors,2,Contact Owner
3,100000,1200,Carpet Area,Mumbai,Furnished,Bachelors/Family,3,Contact Agent
2,76000,736,Carpet Area,Mumbai,Unfurnished,Family,2,Contact Agent
3,270000,1710,Carpet Area,Mumbai,Furnished,Bachelors/Family,3,Contact Agent
1,45000,225,Carpet Area,Mumbai,Unfurnished,Bachelors,1,Contact Owner
2,39000,720,Carpet Area,Mumbai,Unfurnished,Bachelors/Family,2,Contact Agent
1,12500,555,Super Area,Mumbai,Unfurnished,Bachelors,1,Contact Owner
1,35000,415,Super Area,Mumbai,Unfurnished,Bachelors/Family,1,Contact Owner
2,55000,649,Carpet Area,Mumbai,Semi-Furnished,Bachelors,2,Contact Agent
3,90000,1000,Carpet Area,Mumbai,Furnished,Bachelors,2,Contact Agent
2,250000,1300,Carpet Area,Mumbai,Furnished,Bachelors/Family,2,Contact Agent
2,25000,1065,Super Area,Mumbai,Furnished,Bachelors/Family,2,Contact Owner
2,90000,854,Carpet Area,Mumbai,Semi-Furnished,Bachelors/Family,2,Contact Agent
3,120000,1200,Carpet Area,Mumbai,Furnished,Bachelors/Family,3,Contact Agent
1,55000,500,Carpet Area,Mumbai,Unfurnished,Bachelors,1,Contact Agent
3,70000,906,Carpet Area,Mumbai,Semi-Furnished,Bachelors/Family,3,Contact Agent
3,300000,1800,Carpet Area,Mumbai,Furnished,Bachelors/Family,4,Contact Agent
2,25000,500,Carpet Area,Mumbai,Furnished,Bachelors/Family,1,Contact Owner
1,35000,450,Super Area,Mumbai,Unfurnished,Bachelors/Family,1,Contact Owner
3,120000,1130,Carpet Area,Mumbai,Semi-Furnished,Bachelors/Family,3,Contact Agent
1,27000,495,Super Area,Mumbai,Furnished,Bachelors/Family,2,Contact Owner
1,25000,407,Super Area,Mumbai,Unfurnished,Bachelors/Family,2,Contact Owner
3,150000,1092,Carpet Area,Mumbai,Semi-Furnished,Family,3,Contact Agent
2,32000,610,Carpet Area,Mumbai,Unfurnished,Family,2,Contact Agent
1,40000,500,Super Area,Mumbai,Furnished,Bachelors/Family,2,Contact Owner
2,52000,750,Carpet Area,Mumbai,Unfurnished,Bachelors/Family,2,Contact Agent
2,80000,750,Carpet Area,Mumbai,Furnished,Bachelors,2,Contact Agent
2,55000,850,Carpet Area,Mumbai,Furnished,Bachelors/Family,2,Contact Agent
1,30000,350,Carpet Area,Mumbai,Unfurnished,Bachelors/Family,1,Contact Agent
1,20000,300,Carpet Area,Mumbai,Semi-Furnished,Bachelors/Family,1,Contact Agent
1,85000,695,Carpet Area,Mumbai,Furnished,Bachelors/Family,2,Contact Agent
1,40000,415,Carpet Area,Mumbai,Semi-Furnished,Bachelors/Family,2,Contact Agent
1,21000,450,Carpet Area,Mumbai,Unfurnished,Bachelors,2,Contact Agent
3,43000,850,Carpet Area,Mumbai,Unfurnished,Family,3,Contact Agent
2,58000,805,Carpet Area,Mumbai,Semi-Furnished,Bachelors/Family,3,Contact Agent
2,130000,700,Carpet Area,Mumbai,Furnished,Bachelors/Family,2,Contact Agent
3,260000,1800,Carpet Area,Mumbai,Furnished,Family,4,Contact Agent
2,46000,669,Carpet Area,Mumbai,Unfurnished,Bachelors,2,Contact Agent
1,6500,325,Carpet Area,Mumbai,Unfurnished,Family,1,Contact Agent
1,21000,600,Super Area,Mumbai,Furnished,Bachelors/Family,1,Contact Owner
2,46000,725,Carpet Area,Mumbai,Unfurnished,Bachelors/Family,2,Contact Agent
2,60000,750,Carpet Area,Mumbai,Semi-Furnished,Bachelors/Family,2,Contact Agent
3,65000,1050,Carpet Area,Mumbai,Semi-Furnished,Bachelors,3,Contact Agent
2,15000,600,Carpet Area,Mumbai,Unfurnished,Bachelors/Family,2,Contact Owner
2,130000,1000,Carpet Area,Mumbai,Semi-Furnished,Bachelors/Family,2,Contact Agent
3,90000,1110,Carpet Area,Mumbai,Furnished,Bachelors/Family,3,Contact Agent
2,62000,650,Carpet Area,Mumbai,Unfurnished,Family,2,Contact Agent
3,160000,1100,Carpet Area,Mumbai,Semi-Furnished,Bachelors/Family,3,Contact Agent
3,80000,1100,Carpet Area,Mumbai,Unfurnished,Bachelors/Family,3,Contact Agent
3,80000,1110,Carpet Area,Mumbai,Semi-Furnished,Bachelors/Family,3,Contact Agent
3,55000,999,Carpet Area,Mumbai,Semi-Furnished,Family,2,Contact Agent
3,100000,1000,Carpet Area,Mumbai,Furnished,Bachelors/Family,3,Contact Agent
4,200000,2200,Carpet Area,Mumbai,Semi-Furnished,Bachelors/Family,5,Contact Agent
3,100000,1256,Carpet Area,Mumbai,Furnished,Family,3,Contact Agent
2,79500,750,Carpet Area,Mumbai,Semi-Furnished,Family,2,Contact Agent
3,84500,889,Carpet Area,Mumbai,Semi-Furnished,Bachelors/Family,2,Contact Agent
2,100000,750,Carpet Area,Mumbai,Semi-Furnished,Bachelors/Family,2,Contact Agent
1,13000,385,Carpet Area,Mumbai,Unfurnished,Family,1,Contact Agent
4,100000,1454,Carpet Area,Mumbai,Unfurnished,Bachelors/Family,4,Contact Agent
1,35000,480,Carpet Area,Mumbai,Semi-Furnished,Family,2,Contact Agent
2,72000,660,Carpet Area,Mumbai,Semi-Furnished,Bachelors/Family,2,Contact Agent
3,180000,1600,Carpet Area,Mumbai,Furnished,Bachelors/Family,3,Contact Agent
1,26000,434,Carpet Area,Mumbai,Semi-Furnished,Bachelors/Family,2,Contact Agent
3,72000,1121,Carpet Area,Mumbai,Unfurnished,Bachelors/Family,3,Contact Agent
1,8000,620,Super Area,Mumbai,Semi-Furnished,Bachelors/Family,2,Contact Owner
3,130000,937,Carpet Area,Mumbai,Furnished,Family,2,Contact Agent
1,52000,470,Carpet Area,Mumbai,Semi-Furnished,Bachelors/Family,2,Contact Agent
1,13000,410,Carpet Area,Mumbai,Unfurnished,Family,1,Contact Agent
3,45000,850,Carpet Area,Mumbai,Unfurnished,Family,3,Contact Agent
3,180000,1500,Carpet Area,Mumbai,Furnished,Bachelors/Family,4,Contact Agent
2,63000,888,Carpet Area,Mumbai,Furnished,Bachelors/Family,2,Contact Agent
1,7500,380,Carpet Area,Mumbai,Unfurnished,Bachelors,2,Contact Owner
1,30000,360,Carpet Area,Mumbai,Unfurnished,Bachelors/Family,1,Contact Agent
1,28500,565,Super Area,Mumbai,Furnished,Bachelors/Family,2,Contact Owner
3,100000,2000,Super Area,Mumbai,Semi-Furnished,Bachelors/Family,4,Contact Agent
4,270000,1358,Carpet Area,Mumbai,Semi-Furnished,Family,4,Contact Agent
2,38000,661,Carpet Area,Mumbai,Semi-Furnished,Bachelors/Family,2,Contact Agent
1,26000,450,Carpet Area,Mumbai,Unfurnished,Family,2,Contact Agent
3,70000,1300,Carpet Area,Mumbai,Unfurnished,Bachelors,3,Contact Agent
2,41000,600,Carpet Area,Mumbai,Furnished,Family,2,Contact Agent
2,27000,900,Super Area,Mumbai,Semi-Furnished,Bachelors/Family,3,Contact Owner
1,53000,379,Carpet Area,Mumbai,Semi-Furnished,Bachelors,1,Contact Agent
2,65000,805,Carpet Area,Mumbai,Semi-Furnished,Family,3,Contact Agent
1,85000,650,Super Area,Mumbai,Furnished,Bachelors/Family,2,Contact Owner
1,6000,500,Super Area,Mumbai,Semi-Furnished,Bachelors/Family,2,Contact Owner
1,43000,480,Carpet Area,Mumbai,Furnished,Family,2,Contact Agent
2,65000,550,Super Area,Mumbai,Semi-Furnished,Bachelors/Family,2,Contact Owner
3,280000,1600,Carpet Area,Mumbai,Furnished,Bachelors/Family,3,Contact Agent
3,98000,1400,Carpet Area,Mumbai,Semi-Furnished,Family,2,Contact Agent
3,330000,1500,Carpet Area,Mumbai,Semi-Furnished,Bachelors/Family,2,Contact Agent
3,65000,1050,Carpet Area,Mumbai,Unfurnished,Bachelors,3,Contact Agent
3,85000,920,Carpet Area,Mumbai,Unfurnished,Family,3,Contact Agent
1,40000,450,Carpet Area,Mumbai,Semi-Furnished,Bachelors/Family,1,Contact Agent
1,23000,440,Carpet Area,Mumbai,Semi-Furnished,Bachelors,1,Contact Agent
3,55000,932,Super Area,Mumbai,Unfurnished,Bachelors/Family,3,Contact Owner
1,15000,270,Carpet Area,Mumbai,Unfurnished,Bachelors,2,Contact Owner
1,52000,379,Carpet Area,Mumbai,Semi-Furnished,Bachelors,2,Contact Agent
2,13000,582,Carpet Area,Mumbai,Furnished,Family,2,Contact Owner
2,95000,800,Carpet Area,Mumbai,Semi-Furnished,Bachelors/Family,2,Contact Agent
1,25000,444,Carpet Area,Mumbai,Unfurnished,Bachelors/Family,2,Contact Agent
1,21000,428,Carpet Area,Mumbai,Unfurnished,Bachelors/Family,1,Contact Agent
5,360000,1880,Carpet Area,Mumbai,Furnished,Family,4,Contact Agent
2,60000,888,Carpet Area,Mumbai,Semi-Furnished,Bachelors/Family,2,Contact Agent
1,19000,490,Super Area,Mumbai,Unfurnished,Bachelors/Family,1,Contact Owner
3,140000,937,Carpet Area,Mumbai,Unfurnished,Family,4,Contact Agent
2,30000,710,Carpet Area,Mumbai,Unfurnished,Family,2,Contact Agent
4,130000,1617,Carpet Area,Mumbai,Semi-Furnished,Bachelors/Family,5,Contact Agent
2,80000,836,Carpet Area,Mumbai,Unfurnished,Bachelors/Family,2,Contact Agent
2,85000,1200,Carpet Area,Mumbai,Semi-Furnished,Bachelors/Family,3,Contact Agent
2,65000,950,Carpet Area,Mumbai,Furnished,Bachelors/Family,2,Contact Agent
1,33000,460,Carpet Area,Mumbai,Semi-Furnished,Bachelors/Family,2,Contact Agent
1,36000,585,Super Area,Mumbai,Semi-Furnished,Bachelors/Family,2,Contact Agent
2,22000,550,Carpet Area,Mumbai,Furnished,Family,2,Contact Agent
1,17000,375,Carpet Area,Mumbai,Unfurnished,Bachelors/Family,1,Contact Agent
2,55000,700,Carpet Area,Mumbai,Furnished,Bachelors/Family,2,Contact Agent
2,66000,750,Carpet Area,Mumbai,Unfurnished,Family,2,Contact Agent
4,140000,2000,Carpet Area,Mumbai,Furnished,Family,4,Contact Agent
4,260000,2046,Carpet Area,Mumbai,Semi-Furnished,Bachelors/Family,5,Contact Agent
2,32000,750,Super Area,Mumbai,Semi-Furnished,Bachelors/Family,2,Contact Owner
2,45000,730,Carpet Area,Mumbai,Unfurnished,Family,2,Contact Agent
2,50000,750,Carpet Area,Mumbai,Semi-Furnished,Bachelors/Family,2,Contact Agent
1,18500,229,Super Area,Mumbai,Semi-Furnished,Bachelors/Family,1,Contact Owner
2,51000,910,Carpet Area,Mumbai,Unfurnished,Bachelors,2,Contact Agent
4,140000,1648,Carpet Area,Mumbai,Semi-Furnished,Bachelors/Family,5,Contact Agent
3,80000,1100,Carpet Area,Mumbai,Unfurnished,Family,3,Contact Agent
1,30000,560,Carpet Area,Mumbai,Unfurnished,Bachelors,2,Contact Agent
2,85000,850,Carpet Area,Mumbai,Unfurnished,Bachelors/Family,2,Contact Agent
1,15000,450,Super Area,Mumbai,Unfurnished,Family,1,Contact Owner
2,50000,820,Carpet Area,Mumbai,Semi-Furnished,Bachelors/Family,2,Contact Agent
2,60000,750,Carpet Area,Mumbai,Unfurnished,Bachelors/Family,2,Contact Agent
1,23000,410,Carpet Area,Mumbai,Unfurnished,Bachelors/Family,1,Contact Agent
1,14500,490,Carpet Area,Mumbai,Unfurnished,Bachelors/Family,2,Contact Owner
2,40000,700,Carpet Area,Mumbai,Unfurnished,Bachelors/Family,2,Contact Agent
5,650000,3000,Carpet Area,Mumbai,Semi-Furnished,Bachelors/Family,5,Contact Agent
1,80000,560,Carpet Area,Mumbai,Furnished,Bachelors/Family,1,Contact Agent
2,55000,650,Carpet Area,Mumbai,Unfurnished,Bachelors/Family,2,Contact Agent
1,12000,520,Super Area,Mumbai,Semi-Furnished,Bachelors/Family,1,Contact Owner
2,45000,850,Carpet Area,Mumbai,Unfurnished,Bachelors/Family,2,Contact Agent
2,90000,777,Carpet Area,Mumbai,Furnished,Bachelors/Family,2,Contact Agent
2,43000,771,Carpet Area,Mumbai,Unfurnished,Bachelors/Family,2,Contact Agent
1,22000,400,Carpet Area,Mumbai,Unfurnished,Bachelors/Family,1,Contact Agent
2,20000,600,Carpet Area,Mumbai,Furnished,Family,2,Contact Agent
1,26000,390,Carpet Area,Mumbai,Semi-Furnished,Bachelors/Family,2,Contact Agent
4,850000,3200,Carpet Area,Mumbai,Furnished,Bachelors/Family,4,Contact Agent
1,34999,450,Carpet Area,Mumbai,Furnished,Bachelors/Family,2,Contact Agent
1,35000,500,Super Area,Mumbai,Semi-Furnished,Bachelors/Family,2,Contact Owner
1,50000,410,Carpet Area,Mumbai,Semi-Furnished,Bachelors/Family,1,Contact Agent
1,16000,160,Carpet Area,Mumbai,Unfurnished,Bachelors/Family,1,Contact Owner
2,55000,750,Carpet Area,Mumbai,Unfurnished,Bachelors/Family,2,Contact Agent
1,39000,585,Super Area,Mumbai,Unfurnished,Family,2,Contact Agent
3,100000,1300,Carpet Area,Mumbai,Semi-Furnished,Family,3,Contact Agent
1,25000,350,Carpet Area,Mumbai,Furnished,Bachelors/Family,1,Contact Owner
1,25000,490,Super Area,Mumbai,Semi-Furnished,Bachelors/Family,2,Contact Owner
2,49500,650,Carpet Area,Mumbai,Unfurnished,Family,2,Contact Agent
1,21000,225,Carpet Area,Mumbai,Unfurnished,Bachelors/Family,1,Contact Owner
2,110000,850,Carpet Area,Mumbai,Semi-Furnished,Bachelors/Family,2,Contact Agent
1,21000,385,Super Area,Mumbai,Unfurnished,Bachelors/Family,1,Contact Owner
2,46700,800,Carpet Area,Mumbai,Unfurnished,Family,2,Contact Agent
4,400000,2500,Carpet Area,Mumbai,Furnished,Bachelors/Family,4,Contact Agent
4,280000,1526,Carpet Area,Mumbai,Semi-Furnished,Bachelors/Family,5,Contact Agent
1,18000,300,Super Area,Mumbai,Unfurnished,Bachelors/Family,1,Contact Owner
3,80000,1800,Super Area,Mumbai,Semi-Furnished,Bachelors/Family,3,Contact Agent
2,88000,800,Carpet Area,Mumbai,Semi-Furnished,Bachelors/Family,2,Contact Agent
3,90000,890,Carpet Area,Mumbai,Furnished,Family,2,Contact Agent
2,38000,700,Carpet Area,Mumbai,Unfurnished,Bachelors/Family,2,Contact Agent
1,20000,465,Super Area,Mumbai,Semi-Furnished,Bachelors,1,Contact Owner
2,140000,900,Carpet Area,Mumbai,Furnished,Family,2,Contact Agent
3,78000,1073,Carpet Area,Mumbai,Semi-Furnished,Bachelors/Family,3,Contact Agent
1,21000,450,Super Area,Mumbai,Unfurnished,Bachelors/Family,1,Contact Owner
3,95000,1350,Carpet Area,Mumbai,Furnished,Bachelors/Family,3,Contact Agent
2,90000,800,Carpet Area,Mumbai,Furnished,Bachelors/Family,2,Contact Agent
2,34000,600,Carpet Area,Mumbai,Unfurnished,Bachelors,2,Contact Agent
2,55000,650,Carpet Area,Mumbai,Unfurnished,Bachelors/Family,2,Contact Agent
2,52000,550,Carpet Area,Mumbai,Furnished,Bachelors,2,Contact Agent
1,74999,840,Carpet Area,Mumbai,Unfurnished,Bachelors/Family,2,Contact Agent
3,75000,1121,Carpet Area,Mumbai,Furnished,Bachelors/Family,2,Contact Agent
2,45000,650,Carpet Area,Mumbai,Unfurnished,Bachelors/Family,2,Contact Agent
1,22000,575,Super Area,Mumbai,Unfurnished,Bachelors/Family,1,Contact Owner
1,32000,475,Super Area,Mumbai,Furnished,Bachelors/Family,1,Contact Owner
2,34000,830,Carpet Area,Mumbai,Semi-Furnished,Bachelors/Family,2,Contact Agent
3,170000,1337,Carpet Area,Mumbai,Semi-Furnished,Bachelors/Family,3,Contact Agent
1,23000,420,Carpet Area,Mumbai,Semi-Furnished,Bachelors/Family,2,Contact Agent
1,20000,310,Carpet Area,Mumbai,Unfurnished,Bachelors,1,Contact Agent
3,350000,1800,Carpet Area,Mumbai,Furnished,Family,4,Contact Agent
3,90000,967,Carpet Area,Mumbai,Furnished,Bachelors/Family,3,Contact Agent
1,55000,505,Carpet Area,Mumbai,Semi-Furnished,Bachelors/Family,1,Contact Agent
1,15000,275,Super Area,Mumbai,Unfurnished,Bachelors/Family,1,Contact Owner
2,22000,640,Carpet Area,Mumbai,Semi-Furnished,Family,2,Contact Agent
3,60000,1500,Carpet Area,Mumbai,Semi-Furnished,Bachelors/Family,3,Contact Agent
2,49000,850,Carpet Area,Mumbai,Semi-Furnished,Bachelors/Family,2,Contact Agent
2,34000,900,Carpet Area,Mumbai,Semi-Furnished,Bachelors/Family,2,Contact Agent
1,24000,430,Carpet Area,Mumbai,Furnished,Bachelors/Family,2,Contact Agent
4,270000,1649,Carpet Area,Mumbai,Semi-Furnished,Family,3,Contact Agent
3,69000,1100,Carpet Area,Mumbai,Unfurnished,Bachelors/Family,3,Contact Agent
3,120000,1200,Carpet Area,Mumbai,Semi-Furnished,Bachelors/Family,3,Contact Agent
2,32000,680,Carpet Area,Mumbai,Unfurnished,Family,2,Contact Agent
2,24000,600,Carpet Area,Mumbai,Semi-Furnished,Bachelors,2,Contact Owner
4,100000,1560,Carpet Area,Mumbai,Unfurnished,Bachelors/Family,4,Contact Agent
5,600000,4500,Carpet Area,Mumbai,Furnished,Bachelors,5,Contact Agent
2,45000,771,Carpet Area,Mumbai,Unfurnished,Bachelors/Family,2,Contact Agent
2,80000,800,Carpet Area,Mumbai,Semi-Furnished,Bachelors/Family,2,Contact Agent
2,37000,800,Super Area,Mumbai,Semi-Furnished,Bachelors,2,Contact Agent
3,210000,1425,Carpet Area,Mumbai,Furnished,Bachelors,4,Contact Agent
4,190000,1750,Carpet Area,Mumbai,Semi-Furnished,Bachelors/Family,4,Contact Agent
1,25000,475,Carpet Area,Mumbai,Unfurnished,Bachelors,2,Contact Agent
4,210000,2000,Carpet Area,Mumbai,Unfurnished,Bachelors,5,Contact Agent
3,200000,1375,Carpet Area,Mumbai,Semi-Furnished,Family,3,Contact Agent
5,310000,2800,Carpet Area,Mumbai,Semi-Furnished,Bachelors/Family,5,Contact Agent
1,26000,650,Super Area,Mumbai,Semi-Furnished,Bachelors/Family,1,Contact Owner
2,27000,600,Carpet Area,Mumbai,Unfurnished,Bachelors,2,Contact Agent
1,26000,649,Super Area,Mumbai,Unfurnished,Bachelors/Family,1,Contact Owner
2,60000,950,Carpet Area,Mumbai,Furnished,Bachelors,2,Contact Agent
1,12000,225,Carpet Area,Mumbai,Unfurnished,Family,1,Contact Owner
2,180000,1000,Carpet Area,Mumbai,Furnished,Bachelors/Family,2,Contact Agent
1,30000,330,Carpet Area,Mumbai,Furnished,Family,1,Contact Agent
3,100000,1200,Carpet Area,Mumbai,Furnished,Bachelors/Family,3,Contact Agent
3,140000,1270,Carpet Area,Mumbai,Semi-Furnished,Bachelors,3,Contact Agent
3,70000,920,Carpet Area,Mumbai,Unfurnished,Bachelors/Family,3,Contact Agent
2,20000,630,Carpet Area,Mumbai,Unfurnished,Family,2,Contact Agent
2,22000,670,Carpet Area,Mumbai,Furnished,Family,2,Contact Agent
1,32000,450,Super Area,Mumbai,Furnished,Bachelors/Family,1,Contact Owner
1,20000,265,Super Area,Mumbai,Unfurnished,Bachelors/Family,1,Contact Owner
2,50000,600,Carpet Area,Mumbai,Semi-Furnished,Bachelors/Family,2,Contact Agent
2,29000,670,Carpet Area,Mumbai,Unfurnished,Family,2,Contact Owner
2,45000,650,Carpet Area,Mumbai,Semi-Furnished,Bachelors/Family,2,Contact Agent
1,6500,422,Carpet Area,Mumbai,Semi-Furnished,Family,2,Contact Agent
2,55000,955,Carpet Area,Mumbai,Unfurnished,Bachelors/Family,2,Contact Agent
3,69999,1100,Carpet Area,Mumbai,Furnished,Bachelors/Family,3,Contact Agent
1,18500,300,Carpet Area,Mumbai,Unfurnished,Bachelors,1,Contact Owner
2,50000,900,Carpet Area,Mumbai,Semi-Furnished,Bachelors/Family,2,Contact Owner
2,45000,785,Carpet Area,Mumbai,Unfurnished,Bachelors,2,Contact Agent
3,85000,1350,Carpet Area,Mumbai,Furnished,Family,3,Contact Agent
2,85000,900,Carpet Area,Mumbai,Semi-Furnished,Bachelors/Family,2,Contact Agent
1,25000,400,Carpet Area,Mumbai,Unfurnished,Bachelors,1,Contact Agent
2,75000,800,Carpet Area,Mumbai,Semi-Furnished,Bachelors,3,Contact Agent
2,190000,895,Carpet Area,Mumbai,Semi-Furnished,Bachelors/Family,2,Contact Agent
1,20000,625,Super Area,Mumbai,Semi-Furnished,Bachelors/Family,1,Contact Owner
2,30000,720,Carpet Area,Mumbai,Semi-Furnished,Bachelors/Family,2,Contact Agent
2,75000,750,Carpet Area,Mumbai,Furnished,Bachelors/Family,2,Contact Agent
3,350000,1663,Carpet Area,Mumbai,Semi-Furnished,Bachelors/Family,2,Contact Agent
2,70000,660,Carpet Area,Mumbai,Semi-Furnished,Bachelors/Family,2,Contact Agent
2,32000,700,Carpet Area,Mumbai,Furnished,Bachelors/Family,2,Contact Agent
1,22000,377,Super Area,Mumbai,Unfurnished,Bachelors/Family,2,Contact Owner
2,35000,650,Carpet Area,Mumbai,Semi-Furnished,Family,2,Contact Agent
2,47000,650,Carpet Area,Mumbai,Unfurnished,Bachelors/Family,2,Contact Agent
4,400000,2080,Carpet Area,Mumbai,Semi-Furnished,Bachelors/Family,5,Contact Agent
2,31000,700,Super Area,Mumbai,Semi-Furnished,Bachelors/Family,2,Contact Owner
1,60000,430,Carpet Area,Mumbai,Furnished,Bachelors/Family,1,Contact Agent
2,58000,650,Carpet Area,Mumbai,Unfurnished,Family,2,Contact Agent
3,85000,890,Carpet Area,Mumbai,Furnished,Bachelors/Family,2,Contact Agent
2,45000,965,Super Area,Mumbai,Unfurnished,Bachelors/Family,2,Contact Agent
1,7500,630,Super Area,Mumbai,Semi-Furnished,Bachelors/Family,2,Contact Agent
4,250000,2100,Carpet Area,Mumbai,Semi-Furnished,Bachelors/Family,4,Contact Agent
3,150000,1100,Carpet Area,Mumbai,Furnished,Family,3,Contact Agent
2,80000,730,Carpet Area,Mumbai,Semi-Furnished,Bachelors/Family,2,Contact Owner
3,75000,1380,Carpet Area,Mumbai,Semi-Furnished,Bachelors/Family,3,Contact Agent
3,66000,1100,Carpet Area,Mumbai,Semi-Furnished,Bachelors/Family,3,Contact Agent
1,45000,450,Carpet Area,Mumbai,Semi-Furnished,Bachelors,1,Contact Agent
1,22000,500,Super Area,Mumbai,Unfurnished,Bachelors/Family,1,Contact Owner
3,65000,1100,Carpet Area,Mumbai,Semi-Furnished,Bachelors,3,Contact Agent
3,55000,868,Carpet Area,Mumbai,Unfurnished,Family,3,Contact Agent
2,55000,750,Carpet Area,Mumbai,Semi-Furnished,Bachelors/Family,2,Contact Agent
1,36000,540,Super Area,Mumbai,Unfurnished,Bachelors/Family,2,Contact Owner
4,230000,2100,Carpet Area,Mumbai,Furnished,Family,5,Contact Agent
1,22000,450,Carpet Area,Mumbai,Semi-Furnished,Family,2,Contact Agent
3,170000,1600,Carpet Area,Mumbai,Semi-Furnished,Family,4,Contact Agent
1,34000,560,Super Area,Mumbai,Semi-Furnished,Bachelors,2,Contact Owner
1,45000,500,Carpet Area,Mumbai,Unfurnished,Bachelors,1,Contact Agent
1,14000,305,Carpet Area,Mumbai,Unfurnished,Bachelors/Family,1,Contact Agent
3,75000,970,Carpet Area,Mumbai,Furnished,Bachelors/Family,2,Contact Owner
1,7000,480,Carpet Area,Mumbai,Unfurnished,Bachelors/Family,1,Contact Owner
2,55000,720,Carpet Area,Mumbai,Semi-Furnished,Bachelors/Family,2,Contact Agent
2,55000,950,Carpet Area,Mumbai,Semi-Furnished,Family,2,Contact Agent
4,700000,3200,Carpet Area,Mumbai,Furnished,Bachelors/Family,4,Contact Agent
3,140000,1450,Carpet Area,Mumbai,Furnished,Family,3,Contact Agent
2,42000,774,Carpet Area,Mumbai,Semi-Furnished,Family,2,Contact Agent
1,27000,450,Super Area,Mumbai,Unfurnished,Family,1,Contact Agent
3,60000,1000,Carpet Area,Mumbai,Semi-Furnished,Bachelors,3,Contact Agent
1,17000,340,Super Area,Mumbai,Semi-Furnished,Bachelors/Family,1,Contact Owner
1,30000,430,Carpet Area,Mumbai,Semi-Furnished,Bachelors/Family,2,Contact Agent
2,45000,722,Carpet Area,Mumbai,Unfurnished,Bachelors/Family,2,Contact Agent
3,90000,1152,Carpet Area,Mumbai,Furnished,Bachelors/Family,2,Contact Agent
1,25000,641,Super Area,Mumbai,Unfurnished,Bachelors/Family,1,Contact Owner
2,70000,810,Carpet Area,Mumbai,Furnished,Bachelors/Family,2,Contact Agent
2,90000,800,Carpet Area,Mumbai,Furnished,Family,2,Contact Agent
2,110000,875,Carpet Area,Mumbai,Unfurnished,Bachelors/Family,2,Contact Agent
2,20000,700,Super Area,Mumbai,Unfurnished,Family,2,Contact Owner
1,35000,420,Super Area,Mumbai,Semi-Furnished,Bachelors/Family,1,Contact Owner
3,80000,1400,Carpet Area,Mumbai,Furnished,Bachelors/Family,3,Contact Owner
2,54500,758,Carpet Area,Mumbai,Semi-Furnished,Bachelors/Family,2,Contact Agent
4,350000,2880,Carpet Area,Mumbai,Unfurnished,Bachelors,5,Contact Agent
1,45000,480,Carpet Area,Mumbai,Furnished,Bachelors/Family,2,Contact Agent
1,38000,550,Carpet Area,Mumbai,Unfurnished,Bachelors,2,Contact Agent
2,90000,900,Carpet Area,Mumbai,Semi-Furnished,Bachelors,2,Contact Agent
1,22000,400,Super Area,Mumbai,Unfurnished,Bachelors/Family,1,Contact Owner
2,70000,760,Carpet Area,Mumbai,Semi-Furnished,Bachelors/Family,2,Contact Agent
4,380000,2800,Carpet Area,Mumbai,Unfurnished,Bachelors,5,Contact Agent
1,50000,400,Carpet Area,Mumbai,Semi-Furnished,Bachelors/Family,1,Contact Agent
4,680000,1962,Carpet Area,Mumbai,Semi-Furnished,Bachelors/Family,5,Contact Agent
3,140000,1100,Carpet Area,Mumbai,Semi-Furnished,Bachelors/Family,3,Contact Agent
2,40000,800,Super Area,Mumbai,Semi-Furnished,Bachelors/Family,2,Contact Owner
2,32000,590,Carpet Area,Mumbai,Unfurnished,Family,2,Contact Agent
2,78000,600,Carpet Area,Mumbai,Semi-Furnished,Bachelors/Family,2,Contact Agent
4,280000,2500,Carpet Area,Mumbai,Semi-Furnished,Bachelors/Family,6,Contact Agent
2,45000,670,Carpet Area,Mumbai,Unfurnished,Bachelors/Family,2,Contact Agent
2,65000,960,Carpet Area,Mumbai,Semi-Furnished,Bachelors/Family,2,Contact Agent
2,65000,1500,Super Area,Mumbai,Semi-Furnished,Bachelors/Family,3,Contact Owner
1,35000,500,Super Area,Mumbai,Semi-Furnished,Bachelors/Family,1,Contact Owner
3,90000,1120,Carpet Area,Mumbai,Furnished,Family,2,Contact Agent
4,250000,2729,Carpet Area,Mumbai,Semi-Furnished,Bachelors,5,Contact Agent
3,70000,3354,Carpet Area,Bangalore,Furnished,Bachelors/Family,3,Contact Agent
2,10500,800,Super Area,Bangalore,Semi-Furnished,Bachelors/Family,2,Contact Owner
2,13000,1000,Super Area,Bangalore,Semi-Furnished,Bachelors/Family,2,Contact Owner
2,17000,1040,Super Area,Bangalore,Furnished,Bachelors/Family,2,Contact Owner
3,21000,1403,Super Area,Bangalore,Semi-Furnished,Bachelors/Family,3,Contact Owner
2,10000,600,Super Area,Bangalore,Furnished,Bachelors/Family,1,Contact Owner
4,61500,2608,Carpet Area,Bangalore,Semi-Furnished,Bachelors,3,Contact Agent
2,13000,850,Carpet Area,Bangalore,Semi-Furnished,Family,2,Contact Agent
1,7500,400,Super Area,Bangalore,Unfurnished,Bachelors/Family,1,Contact Owner
2,17000,1000,Super Area,Bangalore,Semi-Furnished,Bachelors/Family,2,Contact Owner
3,25000,1350,Carpet Area,Bangalore,Semi-Furnished,Bachelors,3,Contact Owner
2,10500,800,Carpet Area,Bangalore,Semi-Furnished,Bachelors/Family,2,Contact Owner
1,8000,350,Super Area,Bangalore,Semi-Furnished,Bachelors/Family,1,Contact Owner
1,9500,900,Super Area,Bangalore,Semi-Furnished,Bachelors/Family,1,Contact Owner
3,50000,2000,Carpet Area,Bangalore,Semi-Furnished,Bachelors/Family,3,Contact Agent
2,13000,700,Super Area,Bangalore,Semi-Furnished,Bachelors/Family,2,Contact Owner
1,13500,600,Super Area,Bangalore,Semi-Furnished,Bachelors/Family,1,Contact Owner
2,13000,700,Carpet Area,Bangalore,Semi-Furnished,Bachelors/Family,1,Contact Owner
1,15000,600,Super Area,Bangalore,Semi-Furnished,Bachelors,1,Contact Agent
2,15000,1400,Super Area,Bangalore,Furnished,Bachelors/Family,3,Contact Owner
1,7000,600,Super Area,Bangalore,Unfurnished,Bachelors/Family,1,Contact Owner
2,25000,770,Super Area,Bangalore,Furnished,Bachelors/Family,2,Contact Owner
2,17000,900,Carpet Area,Bangalore,Semi-Furnished,Family,2,Contact Owner
1,7500,500,Super Area,Bangalore,Furnished,Bachelors/Family,1,Contact Owner
2,15000,1100,Super Area,Bangalore,Unfurnished,Bachelors/Family,2,Contact Owner
1,7500,500,Super Area,Bangalore,Semi-Furnished,Bachelors/Family,1,Contact Owner
3,25000,1260,Super Area,Bangalore,Furnished,Bachelors/Family,3,Contact Owner
3,54000,1750,Carpet Area,Bangalore,Semi-Furnished,Bachelors/Family,3,Contact Agent
1,14500,600,Carpet Area,Bangalore,Semi-Furnished,Bachelors,1,Contact Agent
1,4500,450,Super Area,Bangalore,Semi-Furnished,Bachelors/Family,1,Contact Owner
2,10500,800,Super Area,Bangalore,Semi-Furnished,Bachelors/Family,1,Contact Owner
1,5500,400,Super Area,Bangalore,Unfurnished,Bachelors/Family,1,Contact Owner
2,16000,600,Carpet Area,Bangalore,Unfurnished,Bachelors,2,Contact Owner
1,7000,400,Super Area,Bangalore,Unfurnished,Bachelors/Family,1,Contact Owner
2,12500,900,Super Area,Bangalore,Furnished,Bachelors/Family,2,Contact Owner
2,10000,1200,Super Area,Bangalore,Semi-Furnished,Bachelors/Family,1,Contact Owner
2,18000,1045,Carpet Area,Bangalore,Semi-Furnished,Bachelors,2,Contact Owner
3,28000,1021,Carpet Area,Bangalore,Furnished,Bachelors,3,Contact Owner
3,12000,1200,Super Area,Bangalore,Unfurnished,Bachelors/Family,2,Contact Owner
2,13000,1000,Carpet Area,Bangalore,Unfurnished,Bachelors/Family,1,Contact Owner
2,50000,1280,Carpet Area,Bangalore,Furnished,Bachelors/Family,2,Contact Agent
1,7000,450,Carpet Area,Bangalore,Semi-Furnished,Bachelors/Family,1,Contact Owner
2,30000,450,Super Area,Bangalore,Unfurnished,Bachelors/Family,2,Contact Owner
1,10000,600,Super Area,Bangalore,Semi-Furnished,Bachelors/Family,2,Contact Owner
2,15000,800,Super Area,Bangalore,Semi-Furnished,Bachelors/Family,2,Contact Owner
1,7500,500,Super Area,Bangalore,Unfurnished,Bachelors/Family,1,Contact Owner
3,45000,1680,Super Area,Bangalore,Semi-Furnished,Bachelors/Family,3,Contact Agent
3,65000,2000,Carpet Area,Bangalore,Semi-Furnished,Bachelors,3,Contact Agent
1,12000,500,Carpet Area,Bangalore,Semi-Furnished,Bachelors,1,Contact Agent
1,7000,500,Carpet Area,Bangalore,Semi-Furnished,Bachelors,1,Contact Owner
1,9000,800,Super Area,Bangalore,Unfurnished,Bachelors/Family,1,Contact Owner
2,23000,1100,Super Area,Bangalore,Semi-Furnished,Family,2,Contact Owner
2,30000,1200,Super Area,Bangalore,Semi-Furnished,Bachelors/Family,2,Contact Owner
1,8000,500,Carpet Area,Bangalore,Unfurnished,Bachelors/Family,1,Contact Owner
2,16000,1155,Super Area,Bangalore,Semi-Furnished,Family,2,Contact Owner
1,7500,440,Super Area,Bangalore,Semi-Furnished,Bachelors/Family,1,Contact Owner
2,20000,1040,Carpet Area,Bangalore,Semi-Furnished,Bachelors/Family,2,Contact Agent
4,110000,2900,Carpet Area,Bangalore,Furnished,Bachelors,4,Contact Agent
3,30000,1200,Super Area,Bangalore,Semi-Furnished,Bachelors/Family,2,Contact Owner
3,20000,1600,Super Area,Bangalore,Semi-Furnished,Family,3,Contact Agent
4,84000,3150,Carpet Area,Bangalore,Unfurnished,Bachelors,4,Contact Owner
2,17000,1000,Super Area,Bangalore,Semi-Furnished,Bachelors/Family,2,Contact Owner
2,15000,1200,Super Area,Bangalore,Semi-Furnished,Bachelors/Family,2,Contact Owner
1,6000,400,Super Area,Bangalore,Semi-Furnished,Bachelors/Family,1,Contact Owner
2,16000,950,Carpet Area,Bangalore,Furnished,Bachelors/Family,3,Contact Owner
2,9500,530,Carpet Area,Bangalore,Semi-Furnished,Bachelors/Family,1,Contact Owner
1,8000,300,Carpet Area,Bangalore,Unfurnished,Bachelors/Family,1,Contact Owner
2,15000,1000,Super Area,Bangalore,Semi-Furnished,Bachelors/Family,2,Contact Owner
1,12000,450,Super Area,Bangalore,Unfurnished,Bachelors/Family,1,Contact Owner
1,10000,600,Carpet Area,Bangalore,Semi-Furnished,Bachelors,1,Contact Owner
2,16000,1100,Super Area,Bangalore,Unfurnished,Bachelors/Family,2,Contact Owner
1,11000,400,Super Area,Bangalore,Unfurnished,Bachelors/Family,1,Contact Owner
2,11000,700,Super Area,Bangalore,Unfurnished,Bachelors/Family,2,Contact Owner
2,20000,1105,Super Area,Bangalore,Semi-Furnished,Bachelors/Family,2,Contact Owner
3,24000,1430,Super Area,Bangalore,Semi-Furnished,Bachelors/Family,2,Contact Owner
2,14500,850,Super Area,Bangalore,Semi-Furnished,Bachelors/Family,2,Contact Owner
1,4000,650,Super Area,Bangalore,Unfurnished,Bachelors/Family,1,Contact Owner
2,12000,1200,Super Area,Bangalore,Unfurnished,Bachelors/Family,2,Contact Owner
2,8500,600,Super Area,Bangalore,Unfurnished,Bachelors/Family,2,Contact Owner
1,9000,400,Carpet Area,Bangalore,Semi-Furnished,Bachelors/Family,1,Contact Owner
4,180000,2800,Carpet Area,Bangalore,Furnished,Family,4,Contact Agent
2,10500,1100,Super Area,Bangalore,Semi-Furnished,Bachelors/Family,2,Contact Owner
2,12000,900,Super Area,Bangalore,Unfurnished,Bachelors,2,Contact Owner
3,32000,1300,Super Area,Bangalore,Semi-Furnished,Bachelors/Family,2,Contact Owner
2,15000,1000,Super Area,Bangalore,Semi-Furnished,Bachelors/Family,3,Contact Owner
3,21000,1000,Carpet Area,Bangalore,Furnished,Bachelors/Family,3,Contact Owner
2,12000,900,Carpet Area,Bangalore,Unfurnished,Bachelors/Family,2,Contact Agent
1,7000,800,Carpet Area,Bangalore,Unfurnished,Bachelors/Family,1,Contact Agent
2,15000,750,Super Area,Bangalore,Unfurnished,Bachelors/Family,2,Contact Owner
2,11400,1100,Carpet Area,Bangalore,Unfurnished,Bachelors,2,Contact Owner
2,15000,1200,Super Area,Bangalore,Semi-Furnished,Bachelors/Family,2,Contact Owner
2,19000,1000,Carpet Area,Bangalore,Semi-Furnished,Bachelors/Family,2,Contact Agent
2,27000,1000,Carpet Area,Bangalore,Semi-Furnished,Bachelors,2,Contact Agent
3,48000,2000,Carpet Area,Bangalore,Semi-Furnished,Bachelors/Family,3,Contact Agent
1,7000,550,Super Area,Bangalore,Semi-Furnished,Bachelors/Family,1,Contact Owner
2,15000,1130,Super Area,Bangalore,Unfurnished,Family,2,Contact Owner
2,10000,600,Super Area,Bangalore,Semi-Furnished,Bachelors/Family,2,Contact Owner
1,7000,100,Carpet Area,Bangalore,Semi-Furnished,Bachelors/Family,1,Contact Owner
2,9000,500,Super Area,Bangalore,Semi-Furnished,Bachelors/Family,1,Contact Owner
1,8000,600,Super Area,Bangalore,Unfurnished,Bachelors/Family,1,Contact Owner
2,35000,1200,Carpet Area,Bangalore,Semi-Furnished,Bachelors,2,Contact Agent
2,16000,850,Super Area,Bangalore,Semi-Furnished,Bachelors/Family,2,Contact Owner
1,4500,600,Super Area,Bangalore,Unfurnished,Bachelors/Family,1,Contact Owner
2,16000,600,Super Area,Bangalore,Unfurnished,Bachelors/Family,1,Contact Owner
2,10000,700,Super Area,Bangalore,Semi-Furnished,Bachelors/Family,1,Contact Owner
1,8000,400,Carpet Area,Bangalore,Unfurnished,Bachelors/Family,1,Contact Owner
1,6000,400,Super Area,Bangalore,Semi-Furnished,Bachelors/Family,1,Contact Owner
2,13000,1000,Carpet Area,Bangalore,Unfurnished,Bachelors/Family,2,Contact Owner
2,10000,1200,Super Area,Bangalore,Semi-Furnished,Bachelors/Family,2,Contact Owner
3,55000,1603,Carpet Area,Bangalore,Semi-Furnished,Bachelors/Family,3,Contact Agent
3,15000,1200,Super Area,Bangalore,Semi-Furnished,Family,3,Contact Owner
1,12000,420,Carpet Area,Bangalore,Semi-Furnished,Bachelors/Family,1,Contact Agent
2,9000,1200,Super Area,Bangalore,Semi-Furnished,Bachelors/Family,2,Contact Owner
3,36000,1771,Super Area,Bangalore,Semi-Furnished,Bachelors/Family,3,Contact Agent
3,37000,1200,Super Area,Bangalore,Semi-Furnished,Bachelors/Family,3,Contact Owner
2,6000,700,Super Area,Bangalore,Unfurnished,Bachelors/Family,1,Contact Owner
1,17000,610,Super Area,Bangalore,Semi-Furnished,Bachelors/Family,1,Contact Owner
1,8000,800,Super Area,Bangalore,Unfurnished,Bachelors/Family,1,Contact Owner
1,7500,550,Super Area,Bangalore,Semi-Furnished,Bachelors/Family,1,Contact Owner
2,9500,750,Super Area,Bangalore,Semi-Furnished,Bachelors/Family,1,Contact Owner
2,13500,700,Carpet Area,Bangalore,Semi-Furnished,Bachelors,2,Contact Owner
1,9000,600,Carpet Area,Bangalore,Semi-Furnished,Bachelors/Family,1,Contact Owner
1,7000,360,Super Area,Bangalore,Unfurnished,Bachelors/Family,1,Contact Owner
2,12000,800,Super Area,Bangalore,Unfurnished,Bachelors/Family,2,Contact Owner
4,100000,3700,Carpet Area,Bangalore,Semi-Furnished,Bachelors/Family,5,Contact Agent
2,12000,1200,Super Area,Bangalore,Unfurnished,Bachelors/Family,2,Contact Owner
1,8500,480,Super Area,Bangalore,Furnished,Bachelors/Family,1,Contact Owner
2,18000,1000,Super Area,Bangalore,Semi-Furnished,Bachelors/Family,2,Contact Owner
1,11000,800,Super Area,Bangalore,Semi-Furnished,Family,1,Contact Owner
3,18000,900,Super Area,Bangalore,Furnished,Bachelors/Family,2,Contact Owner
3,17000,1450,Super Area,Bangalore,Semi-Furnished,Bachelors/Family,3,Contact Owner
1,6500,400,Super Area,Bangalore,Unfurnished,Bachelors/Family,1,Contact Owner
2,11500,700,Super Area,Bangalore,Semi-Furnished,Bachelors/Family,2,Contact Owner
2,22000,1000,Carpet Area,Bangalore,Semi-Furnished,Bachelors/Family,2,Contact Agent
1,13000,450,Carpet Area,Bangalore,Furnished,Bachelors/Family,1,Contact Owner
3,20000,773,Carpet Area,Bangalore,Semi-Furnished,Bachelors,2,Contact Agent
2,10000,1200,Super Area,Bangalore,Semi-Furnished,Bachelors/Family,2,Contact Owner
2,15000,1000,Super Area,Bangalore,Unfurnished,Bachelors/Family,2,Contact Owner
1,8000,150,Super Area,Bangalore,Unfurnished,Bachelors/Family,1,Contact Owner
2,12000,865,Super Area,Bangalore,Semi-Furnished,Bachelors/Family,2,Contact Owner
1,20000,600,Super Area,Bangalore,Semi-Furnished,Bachelors/Family,1,Contact Owner
2,20000,800,Super Area,Bangalore,Semi-Furnished,Bachelors/Family,1,Contact Owner
1,8000,200,Super Area,Bangalore,Semi-Furnished,Bachelors/Family,1,Contact Owner
1,11000,600,Carpet Area,Bangalore,Unfurnished,Bachelors,2,Contact Owner
3,40000,1840,Carpet Area,Bangalore,Semi-Furnished,Bachelors/Family,2,Contact Agent
2,10000,800,Super Area,Bangalore,Semi-Furnished,Bachelors/Family,2,Contact Owner
3,30000,1600,Carpet Area,Bangalore,Semi-Furnished,Family,2,Contact Agent
2,8000,600,Super Area,Bangalore,Unfurnished,Bachelors/Family,1,Contact Owner
2,15000,1100,Carpet Area,Bangalore,Unfurnished,Bachelors,2,Contact Owner
2,12000,950,Super Area,Bangalore,Semi-Furnished,Bachelors/Family,2,Contact Owner
2,12000,905,Super Area,Bangalore,Semi-Furnished,Family,2,Contact Owner
3,20000,1200,Carpet Area,Bangalore,Semi-Furnished,Bachelors,2,Contact Owner
3,13000,1000,Super Area,Bangalore,Semi-Furnished,Bachelors/Family,1,Contact Owner
2,17500,1080,Super Area,Bangalore,Furnished,Bachelors/Family,2,Contact Owner
1,8000,600,Super Area,Bangalore,Semi-Furnished,Bachelors/Family,1,Contact Owner
2,8500,1000,Super Area,Bangalore,Semi-Furnished,Bachelors/Family,2,Contact Owner
1,7500,600,Super Area,Bangalore,Semi-Furnished,Bachelors/Family,1,Contact Owner
2,22000,1100,Super Area,Bangalore,Semi-Furnished,Bachelors/Family,2,Contact Owner
1,6000,300,Super Area,Bangalore,Unfurnished,Bachelors/Family,1,Contact Owner
2,32900,1200,Carpet Area,Bangalore,Furnished,Bachelors/Family,1,Contact Agent
2,15000,800,Super Area,Bangalore,Furnished,Bachelors/Family,1,Contact Owner
2,10000,535,Super Area,Bangalore,Unfurnished,Bachelors/Family,1,Contact Owner
2,10000,800,Super Area,Bangalore,Unfurnished,Bachelors/Family,2,Contact Owner
3,21000,1159,Super Area,Bangalore,Unfurnished,Bachelors/Family,2,Contact Owner
4,63000,2650,Carpet Area,Bangalore,Unfurnished,Bachelors,5,Contact Agent
1,6900,50,Carpet Area,Bangalore,Semi-Furnished,Bachelors,1,Contact Owner
2,14000,700,Super Area,Bangalore,Unfurnished,Bachelors/Family,1,Contact Owner
1,14500,550,Super Area,Bangalore,Semi-Furnished,Bachelors,1,Contact Agent
1,6500,700,Super Area,Bangalore,Semi-Furnished,Bachelors/Family,1,Contact Owner
2,13000,600,Super Area,Bangalore,Unfurnished,Bachelors/Family,2,Contact Owner
2,8000,600,Super Area,Bangalore,Semi-Furnished,Bachelors/Family,1,Contact Owner
2,18000,1000,Super Area,Bangalore,Semi-Furnished,Bachelors/Family,1,Contact Owner
2,20000,1100,Super Area,Bangalore,Semi-Furnished,Bachelors/Family,3,Contact Owner
1,14000,750,Carpet Area,Bangalore,Semi-Furnished,Bachelors/Family,1,Contact Owner
4,50000,2900,Super Area,Bangalore,Furnished,Bachelors/Family,4,Contact Owner
2,14500,990,Super Area,Bangalore,Unfurnished,Bachelors/Family,2,Contact Owner
2,15000,1300,Super Area,Bangalore,Furnished,Bachelors/Family,2,Contact Owner
1,11500,550,Carpet Area,Bangalore,Semi-Furnished,Bachelors/Family,1,Contact Owner
3,15000,1360,Super Area,Bangalore,Semi-Furnished,Bachelors/Family,2,Contact Owner
2,12000,600,Carpet Area,Bangalore,Semi-Furnished,Bachelors,2,Contact Owner
2,18000,1200,Carpet Area,Bangalore,Semi-Furnished,Bachelors/Family,2,Contact Owner
2,15000,1050,Super Area,Bangalore,Semi-Furnished,Bachelors/Family,2,Contact Owner
2,12000,840,Super Area,Bangalore,Semi-Furnished,Bachelors/Family,2,Contact Owner
2,25000,1050,Super Area,Bangalore,Semi-Furnished,Bachelors/Family,2,Contact Owner
3,150000,3250,Carpet Area,Bangalore,Furnished,Bachelors/Family,4,Contact Agent
1,10000,500,Super Area,Bangalore,Unfurnished,Bachelors/Family,1,Contact Owner
2,8000,900,Super Area,Bangalore,Semi-Furnished,Bachelors/Family,1,Contact Owner
2,40000,1300,Carpet Area,Bangalore,Semi-Furnished,Bachelors/Family,2,Contact Agent
2,12000,600,Super Area,Bangalore,Unfurnished,Bachelors/Family,1,Contact Owner
2,16000,900,Carpet Area,Bangalore,Semi-Furnished,Bachelors/Family,1,Contact Agent
2,23000,1100,Carpet Area,Bangalore,Semi-Furnished,Bachelors/Family,2,Contact Agent
2,25000,1100,Carpet Area,Bangalore,Semi-Furnished,Bachelors/Family,2,Contact Agent
1,7000,600,Super Area,Bangalore,Unfurnished,Bachelors/Family,1,Contact Owner
2,17500,1250,Carpet Area,Bangalore,Unfurnished,Bachelors,2,Contact Owner
1,10000,415,Carpet Area,Bangalore,Semi-Furnished,Bachelors/Family,1,Contact Agent
3,39000,1200,Super Area,Bangalore,Furnished,Bachelors/Family,3,Contact Owner
3,22000,1200,Carpet Area,Bangalore,Unfurnished,Bachelors,2,Contact Owner
2,18000,1000,Super Area,Bangalore,Semi-Furnished,Family,2,Contact Owner
2,23000,1300,Super Area,Bangalore,Furnished,Bachelors/Family,2,Contact Owner
2,20000,1150,Carpet Area,Bangalore,Unfurnished,Bachelors/Family,2,Contact Owner
1,10000,450,Carpet Area,Bangalore,Semi-Furnished,Bachelors/Family,1,Contact Owner
1,15000,600,Carpet Area,Bangalore,Semi-Furnished,Bachelors/Family,1,Contact Agent
2,17000,1000,Super Area,Bangalore,Semi-Furnished,Bachelors/Family,2,Contact Owner
3,56000,1900,Carpet Area,Bangalore,Unfurnished,Bachelors,3,Contact Agent
3,43000,1700,Carpet Area,Bangalore,Semi-Furnished,Bachelors/Family,3,Contact Agent
2,25000,1100,Carpet Area,Bangalore,Semi-Furnished,Bachelors/Family,2,Contact Owner
1,9000,500,Carpet Area,Bangalore,Semi-Furnished,Bachelors/Family,1,Contact Owner
3,31000,1757,Super Area,Bangalore,Semi-Furnished,Bachelors/Family,3,Contact Owner
1,6000,300,Super Area,Bangalore,Semi-Furnished,Bachelors/Family,1,Contact Owner
1,5000,500,Super Area,Bangalore,Semi-Furnished,Bachelors/Family,1,Contact Owner
2,16000,1200,Super Area,Bangalore,Unfurnished,Bachelors,2,Contact Owner
1,20000,800,Carpet Area,Bangalore,Semi-Furnished,Family,1,Contact Agent
3,28000,1281,Super Area,Bangalore,Semi-Furnished,Bachelors/Family,3,Contact Owner
2,18000,1450,Carpet Area,Bangalore,Semi-Furnished,Bachelors/Family,2,Contact Owner
1,12000,600,Super Area,Bangalore,Semi-Furnished,Bachelors,1,Contact Agent
2,20000,980,Super Area,Bangalore,Furnished,Family,2,Contact Owner
3,25000,1500,Super Area,Bangalore,Semi-Furnished,Bachelors,3,Contact Agent
3,35000,1800,Super Area,Bangalore,Semi-Furnished,Bachelors/Family,3,Contact Agent
1,7000,400,Super Area,Bangalore,Unfurnished,Bachelors/Family,1,Contact Owner
1,7500,600,Carpet Area,Bangalore,Unfurnished,Bachelors,1,Contact Owner
2,14000,1100,Carpet Area,Bangalore,Semi-Furnished,Bachelors/Family,2,Contact Owner
2,20000,1100,Carpet Area,Bangalore,Semi-Furnished,Bachelors,2,Contact Owner
4,380000,3500,Carpet Area,Bangalore,Semi-Furnished,Bachelors,5,Contact Agent
2,21000,1100,Carpet Area,Bangalore,Unfurnished,Bachelors/Family,2,Contact Owner
2,15000,700,Super Area,Bangalore,Semi-Furnished,Bachelors/Family,2,Contact Owner
1,5500,600,Carpet Area,Bangalore,Unfurnished,Bachelors,1,Contact Owner
2,10000,700,Super Area,Bangalore,Unfurnished,Bachelors/Family,2,Contact Owner
1,7000,250,Super Area,Bangalore,Semi-Furnished,Bachelors/Family,1,Contact Owner
2,11500,1200,Super Area,Bangalore,Semi-Furnished,Bachelors/Family,1,Contact Owner
3,22000,1450,Super Area,Bangalore,Semi-Furnished,Bachelors/Family,3,Contact Owner
2,19000,1221,Carpet Area,Bangalore,Unfurnished,Bachelors,2,Contact Owner
2,15000,1250,Super Area,Bangalore,Semi-Furnished,Bachelors/Family,2,Contact Owner
2,10500,700,Carpet Area,Bangalore,Semi-Furnished,Family,1,Contact Owner
2,12000,700,Carpet Area,Bangalore,Semi-Furnished,Bachelors/Family,2,Contact Owner
1,7000,200,Super Area,Bangalore,Semi-Furnished,Bachelors/Family,1,Contact Owner
2,15000,1200,Carpet Area,Bangalore,Semi-Furnished,Bachelors/Family,2,Contact Owner
2,23000,600,Super Area,Bangalore,Semi-Furnished,Bachelors/Family,2,Contact Owner
1,6500,600,Super Area,Bangalore,Semi-Furnished,Bachelors/Family,1,Contact Owner
3,29000,1800,Carpet Area,Bangalore,Semi-Furnished,Bachelors/Family,3,Contact Owner
2,12000,900,Carpet Area,Bangalore,Unfurnished,Bachelors/Family,2,Contact Owner
2,10000,1000,Super Area,Bangalore,Semi-Furnished,Bachelors,2,Contact Owner
2,12500,500,Carpet Area,Bangalore,Semi-Furnished,Bachelors/Family,2,Contact Owner
3,32000,1800,Super Area,Bangalore,Semi-Furnished,Bachelors/Family,3,Contact Owner
1,8000,416,Super Area,Bangalore,Unfurnished,Bachelors/Family,1,Contact Owner
2,10500,600,Super Area,Bangalore,Semi-Furnished,Bachelors/Family,1,Contact Owner
1,6000,400,Super Area,Bangalore,Unfurnished,Bachelors/Family,1,Contact Owner
3,16000,1200,Super Area,Bangalore,Semi-Furnished,Bachelors/Family,2,Contact Owner
3,45000,1600,Carpet Area,Bangalore,Semi-Furnished,Bachelors/Family,3,Contact Agent
1,6000,500,Super Area,Bangalore,Semi-Furnished,Bachelors/Family,1,Contact Owner
1,5000,500,Super Area,Bangalore,Semi-Furnished,Family,1,Contact Owner
3,14000,1800,Super Area,Bangalore,Semi-Furnished,Bachelors/Family,3,Contact Owner
2,20000,900,Carpet Area,Bangalore,Furnished,Bachelors/Family,2,Contact Owner
1,11000,550,Carpet Area,Bangalore,Semi-Furnished,Bachelors/Family,1,Contact Agent
1,5500,600,Super Area,Bangalore,Unfurnished,Bachelors,1,Contact Owner
3,55000,1800,Carpet Area,Bangalore,Unfurnished,Bachelors,3,Contact Agent
2,15000,976,Super Area,Bangalore,Semi-Furnished,Bachelors/Family,1,Contact Owner
1,8500,350,Super Area,Bangalore,Semi-Furnished,Bachelors/Family,1,Contact Owner
2,15000,1100,Carpet Area,Bangalore,Semi-Furnished,Bachelors/Family,2,Contact Owner
2,12000,500,Super Area,Bangalore,Unfurnished,Bachelors/Family,1,Contact Owner
1,7500,600,Carpet Area,Bangalore,Semi-Furnished,Bachelors,1,Contact Owner
2,16000,1100,Super Area,Bangalore,Semi-Furnished,Bachelors/Family,2,Contact Owner
2,20000,1150,Carpet Area,Bangalore,Furnished,Family,2,Contact Agent
2,14500,850,Super Area,Bangalore,Semi-Furnished,Bachelors/Family,2,Contact Agent
1,6000,600,Super Area,Bangalore,Semi-Furnished,Bachelors/Family,1,Contact Owner
2,14000,900,Carpet Area,Bangalore,Semi-Furnished,Bachelors,2,Contact Agent
1,7000,300,Super Area,Bangalore,Semi-Furnished,Bachelors/Family,1,Contact Owner
2,27500,1130,Super Area,Bangalore,Semi-Furnished,Bachelors/Family,2,Contact Owner
2,18000,1200,Super Area,Bangalore,Unfurnished,Bachelors/Family,2,Contact Owner
2,10000,1000,Super Area,Bangalore,Semi-Furnished,Bachelors/Family,2,Contact Owner
3,31000,1700,Super Area,Bangalore,Furnished,Family,3,Contact Owner
2,15000,1100,Carpet Area,Bangalore,Semi-Furnished,Bachelors/Family,2,Contact Agent
1,11000,300,Super Area,Bangalore,Semi-Furnished,Bachelors/Family,1,Contact Owner
1,4500,600,Super Area,Bangalore,Unfurnished,Bachelors/Family,1,Contact Owner
1,10000,1000,Super Area,Bangalore,Semi-Furnished,Bachelors/Family,2,Contact Owner
2,10000,1200,Super Area,Bangalore,Unfurnished,Bachelors/Family,2,Contact Owner
1,9000,500,Super Area,Bangalore,Semi-Furnished,Bachelors/Family,1,Contact Owner
2,16000,1050,Super Area,Bangalore,Semi-Furnished,Bachelors/Family,2,Contact Owner
1,5000,350,Carpet Area,Bangalore,Unfurnished,Bachelors/Family,1,Contact Owner
2,10000,1000,Super Area,Bangalore,Semi-Furnished,Bachelors/Family,2,Contact Owner
1,15000,600,Carpet Area,Bangalore,Semi-Furnished,Bachelors/Family,1,Contact Agent
1,3500,150,Super Area,Bangalore,Unfurnished,Bachelors/Family,1,Contact Owner
2,16000,1400,Super Area,Bangalore,Furnished,Bachelors/Family,2,Contact Owner
2,17000,1387,Super Area,Bangalore,Semi-Furnished,Bachelors/Family,3,Contact Owner
3,30000,1350,Super Area,Bangalore,Furnished,Bachelors/Family,2,Contact Owner
2,12000,1020,Carpet Area,Bangalore,Unfurnished,Bachelors/Family,2,Contact Owner
1,9000,600,Carpet Area,Bangalore,Semi-Furnished,Bachelors/Family,1,Contact Owner
1,6000,400,Super Area,Bangalore,Semi-Furnished,Bachelors/Family,1,Contact Owner
1,20000,550,Carpet Area,Bangalore,Semi-Furnished,Bachelors,1,Contact Agent
3,30000,1400,Carpet Area,Bangalore,Furnished,Bachelors/Family,2,Contact Owner
2,20000,1050,Carpet Area,Bangalore,Semi-Furnished,Bachelors/Family,2,Contact Agent
2,15000,800,Super Area,Bangalore,Unfurnished,Bachelors/Family,2,Contact Owner
2,20000,1100,Super Area,Bangalore,Unfurnished,Bachelors/Family,2,Contact Owner
3,25000,1500,Super Area,Bangalore,Semi-Furnished,Bachelors/Family,2,Contact Owner
1,9000,800,Carpet Area,Bangalore,Semi-Furnished,Bachelors/Family,1,Contact Owner
2,17000,800,Carpet Area,Bangalore,Semi-Furnished,Bachelors,1,Contact Owner
2,16500,1200,Super Area,Bangalore,Semi-Furnished,Bachelors/Family,2,Contact Owner
1,7000,450,Super Area,Bangalore,Unfurnished,Bachelors/Family,1,Contact Owner
3,30000,1425,Super Area,Bangalore,Semi-Furnished,Bachelors/Family,2,Contact Owner
2,8500,720,Super Area,Bangalore,Semi-Furnished,Bachelors/Family,2,Contact Owner
1,8000,700,Carpet Area,Bangalore,Semi-Furnished,Bachelors/Family,1,Contact Owner
2,20000,1100,Super Area,Bangalore,Semi-Furnished,Bachelors/Family,2,Contact Owner
3,30000,1645,Carpet Area,Bangalore,Semi-Furnished,Bachelors/Family,3,Contact Agent
3,120000,3276,Super Area,Bangalore,Semi-Furnished,Bachelors/Family,3,Contact Agent
1,7000,500,Super Area,Bangalore,Unfurnished,Bachelors/Family,1,Contact Owner
2,10000,600,Super Area,Bangalore,Furnished,Bachelors/Family,2,Contact Owner
1,5000,600,Super Area,Bangalore,Semi-Furnished,Bachelors/Family,1,Contact Owner
3,30000,1893,Super Area,Bangalore,Semi-Furnished,Bachelors,4,Contact Agent
1,6500,450,Super Area,Bangalore,Unfurnished,Bachelors,1,Contact Owner
1,10000,650,Carpet Area,Bangalore,Semi-Furnished,Bachelors,1,Contact Agent
1,18000,400,Carpet Area,Bangalore,Unfurnished,Bachelors,1,Contact Agent
2,30000,1296,Carpet Area,Bangalore,Semi-Furnished,Bachelors/Family,2,Contact Agent
2,20000,1000,Carpet Area,Bangalore,Semi-Furnished,Bachelors,2,Contact Agent
1,16500,600,Carpet Area,Bangalore,Unfurnished,Bachelors,1,Contact Agent
1,15000,600,Super Area,Bangalore,Furnished,Bachelors/Family,1,Contact Owner
4,130000,4800,Carpet Area,Bangalore,Semi-Furnished,Bachelors/Family,4,Contact Agent
2,15000,1000,Super Area,Bangalore,Semi-Furnished,Bachelors/Family,1,Contact Owner
1,70000,800,Carpet Area,Bangalore,Unfurnished,Bachelors,1,Contact Owner
1,22000,455,Carpet Area,Bangalore,Semi-Furnished,Bachelors/Family,1,Contact Agent
2,9750,575,Carpet Area,Bangalore,Semi-Furnished,Bachelors,2,Contact Owner
2,23000,1066,Super Area,Bangalore,Unfurnished,Bachelors/Family,2,Contact Owner
2,12000,850,Super Area,Bangalore,Semi-Furnished,Bachelors/Family,1,Contact Owner
3,60000,1550,Carpet Area,Bangalore,Semi-Furnished,Bachelors/Family,3,Contact Agent
2,11000,1000,Super Area,Bangalore,Semi-Furnished,Bachelors/Family,2,Contact Owner
2,12000,800,Super Area,Bangalore,Semi-Furnished,Bachelors/Family,1,Contact Owner
1,11000,450,Carpet Area,Bangalore,Semi-Furnished,Bachelors/Family,1,Contact Agent
2,19000,1350,Carpet Area,Bangalore,Semi-Furnished,Bachelors/Family,2,Contact Owner
2,10000,1350,Super Area,Bangalore,Semi-Furnished,Bachelors/Family,2,Contact Owner
1,7500,600,Super Area,Bangalore,Semi-Furnished,Bachelors/Family,1,Contact Owner
3,55000,2150,Super Area,Bangalore,Semi-Furnished,Bachelors,3,Contact Agent
2,11000,1080,Super Area,Bangalore,Semi-Furnished,Bachelors/Family,2,Contact Owner
3,50000,1450,Super Area,Bangalore,Semi-Furnished,Bachelors/Family,3,Contact Agent
2,13500,700,Super Area,Bangalore,Unfurnished,Bachelors/Family,2,Contact Owner
2,16500,1200,Super Area,Bangalore,Semi-Furnished,Bachelors/Family,2,Contact Owner
3,120000,2110,Carpet Area,Bangalore,Unfurnished,Bachelors,3,Contact Agent
1,7000,500,Super Area,Bangalore,Semi-Furnished,Bachelors/Family,1,Contact Owner
2,10000,850,Super Area,Bangalore,Semi-Furnished,Bachelors/Family,1,Contact Owner
1,7000,400,Super Area,Bangalore,Unfurnished,Bachelors/Family,1,Contact Owner
1,18000,800,Super Area,Bangalore,Furnished,Bachelors/Family,1,Contact Owner
1,11000,600,Super Area,Bangalore,Semi-Furnished,Family,1,Contact Owner
1,9000,450,Super Area,Bangalore,Unfurnished,Bachelors/Family,1,Contact Owner
3,60000,2080,Carpet Area,Bangalore,Semi-Furnished,Family,3,Contact Owner
3,3500000,2500,Carpet Area,Bangalore,Semi-Furnished,Bachelors,3,Contact Agent
2,12500,650,Super Area,Bangalore,Semi-Furnished,Bachelors/Family,1,Contact Owner
2,16000,1100,Super Area,Bangalore,Semi-Furnished,Bachelors/Family,2,Contact Owner
2,30000,1025,Carpet Area,Bangalore,Semi-Furnished,Bachelors/Family,2,Contact Agent
2,17000,1100,Carpet Area,Bangalore,Semi-Furnished,Bachelors,2,Contact Agent
1,8000,350,Super Area,Bangalore,Unfurnished,Bachelors/Family,1,Contact Owner
2,16500,1050,Super Area,Bangalore,Furnished,Bachelors/Family,2,Contact Owner
2,13000,600,Super Area,Bangalore,Semi-Furnished,Bachelors/Family,1,Contact Owner
2,12000,800,Super Area,Bangalore,Semi-Furnished,Family,2,Contact Owner
2,17000,700,Super Area,Bangalore,Semi-Furnished,Bachelors/Family,2,Contact Owner
3,15000,750,Super Area,Bangalore,Semi-Furnished,Bachelors/Family,2,Contact Owner
3,35000,1600,Super Area,Bangalore,Semi-Furnished,Bachelors/Family,3,Contact Owner
2,13000,1180,Carpet Area,Bangalore,Semi-Furnished,Family,2,Contact Owner
2,12000,1400,Super Area,Bangalore,Semi-Furnished,Bachelors/Family,2,Contact Owner
1,10000,750,Super Area,Bangalore,Semi-Furnished,Bachelors/Family,1,Contact Owner
2,9000,580,Carpet Area,Bangalore,Semi-Furnished,Bachelors,1,Contact Owner
1,6000,350,Super Area,Bangalore,Unfurnished,Bachelors/Family,1,Contact Owner
2,8900,1100,Super Area,Bangalore,Semi-Furnished,Bachelors/Family,2,Contact Owner
3,40000,1900,Carpet Area,Bangalore,Unfurnished,Bachelors,3,Contact Agent
2,24000,1105,Carpet Area,Bangalore,Furnished,Bachelors/Family,2,Contact Agent
2,18500,1080,Carpet Area,Bangalore,Furnished,Bachelors/Family,2,Contact Owner
2,16000,1281,Super Area,Bangalore,Semi-Furnished,Bachelors/Family,2,Contact Owner
1,8000,600,Super Area,Bangalore,Semi-Furnished,Bachelors/Family,1,Contact Owner
2,15000,850,Super Area,Bangalore,Semi-Furnished,Bachelors/Family,2,Contact Owner
2,27000,1200,Super Area,Bangalore,Semi-Furnished,Bachelors/Family,2,Contact Owner
2,17000,900,Super Area,Bangalore,Furnished,Bachelors/Family,2,Contact Owner
3,50000,1250,Carpet Area,Bangalore,Semi-Furnished,Bachelors/Family,3,Contact Agent
2,14000,800,Carpet Area,Bangalore,Unfurnished,Bachelors,2,Contact Owner
1,5000,500,Super Area,Bangalore,Unfurnished,Bachelors/Family,1,Contact Owner
2,8000,600,Super Area,Bangalore,Semi-Furnished,Bachelors/Family,2,Contact Owner
3,20000,904,Super Area,Bangalore,Furnished,Bachelors/Family,2,Contact Owner
2,15000,750,Super Area,Bangalore,Semi-Furnished,Bachelors/Family,2,Contact Owner
3,20000,1252,Carpet Area,Bangalore,Semi-Furnished,Bachelors/Family,2,Contact Owner
2,11000,1200,Super Area,Bangalore,Semi-Furnished,Bachelors/Family,2,Contact Owner
2,8500,440,Super Area,Bangalore,Furnished,Bachelors/Family,2,Contact Owner
3,22500,1600,Carpet Area,Bangalore,Semi-Furnished,Bachelors/Family,3,Contact Agent
2,15000,1200,Super Area,Bangalore,Furnished,Bachelors/Family,2,Contact Owner
2,11000,950,Carpet Area,Bangalore,Semi-Furnished,Bachelors/Family,2,Contact Owner
2,11000,800,Super Area,Bangalore,Unfurnished,Bachelors/Family,2,Contact Owner
2,9000,1000,Carpet Area,Bangalore,Semi-Furnished,Bachelors/Family,1,Contact Owner
3,120000,2770,Super Area,Bangalore,Semi-Furnished,Bachelors/Family,3,Contact Agent
2,15000,800,Super Area,Bangalore,Semi-Furnished,Bachelors/Family,1,Contact Owner
1,7000,400,Super Area,Bangalore,Semi-Furnished,Bachelors/Family,1,Contact Owner
1,5000,144,Super Area,Bangalore,Semi-Furnished,Bachelors/Family,1,Contact Owner
1,18000,600,Super Area,Bangalore,Furnished,Bachelors/Family,1,Contact Owner
3,45000,2200,Carpet Area,Bangalore,Semi-Furnished,Bachelors,3,Contact Agent
2,21000,1005,Carpet Area,Bangalore,Semi-Furnished,Bachelors/Family,3,Contact Agent
2,10000,1200,Super Area,Bangalore,Semi-Furnished,Bachelors/Family,2,Contact Owner
2,15000,1180,Super Area,Bangalore,Semi-Furnished,Family,2,Contact Owner
2,11000,900,Super Area,Bangalore,Semi-Furnished,Bachelors/Family,2,Contact Owner
1,7500,500,Carpet Area,Bangalore,Semi-Furnished,Bachelors/Family,1,Contact Owner
3,22000,1100,Carpet Area,Bangalore,Semi-Furnished,Family,2,Contact Owner
2,17000,1100,Super Area,Bangalore,Semi-Furnished,Bachelors/Family,2,Contact Owner
1,6000,400,Super Area,Bangalore,Semi-Furnished,Bachelors/Family,1,Contact Owner
2,20000,1250,Super Area,Bangalore,Semi-Furnished,Family,2,Contact Owner
2,18000,600,Super Area,Bangalore,Unfurnished,Bachelors/Family,2,Contact Owner
2,13000,780,Carpet Area,Bangalore,Semi-Furnished,Bachelors/Family,1,Contact Agent
2,38000,1274,Carpet Area,Bangalore,Semi-Furnished,Bachelors/Family,2,Contact Agent
2,36000,1200,Carpet Area,Bangalore,Furnished,Bachelors/Family,2,Contact Agent
1,7500,400,Super Area,Bangalore,Unfurnished,Bachelors/Family,1,Contact Owner
1,9000,500,Super Area,Bangalore,Unfurnished,Bachelors/Family,1,Contact Owner
3,18000,1100,Carpet Area,Bangalore,Semi-Furnished,Bachelors,3,Contact Owner
1,6500,700,Super Area,Bangalore,Unfurnished,Bachelors,1,Contact Owner
2,6000,600,Super Area,Bangalore,Semi-Furnished,Bachelors/Family,1,Contact Owner
2,18000,1200,Carpet Area,Bangalore,Semi-Furnished,Bachelors/Family,2,Contact Owner
2,12000,900,Super Area,Bangalore,Semi-Furnished,Bachelors/Family,2,Contact Owner
3,75000,1850,Carpet Area,Bangalore,Semi-Furnished,Bachelors,3,Contact Agent
2,25000,900,Super Area,Bangalore,Unfurnished,Family,2,Contact Owner
2,20000,1050,Super Area,Bangalore,Semi-Furnished,Bachelors/Family,2,Contact Owner
2,8000,1200,Super Area,Bangalore,Semi-Furnished,Bachelors/Family,2,Contact Owner
2,11000,600,Super Area,Bangalore,Unfurnished,Bachelors/Family,2,Contact Owner
3,65000,1480,Carpet Area,Bangalore,Furnished,Family,2,Contact Agent
1,6000,400,Super Area,Bangalore,Semi-Furnished,Bachelors/Family,1,Contact Owner
4,160000,4500,Carpet Area,Bangalore,Unfurnished,Bachelors,4,Contact Agent
1,11000,600,Super Area,Bangalore,Semi-Furnished,Bachelors/Family,1,Contact Owner
2,20000,1100,Super Area,Bangalore,Unfurnished,Bachelors/Family,2,Contact Owner
1,5500,600,Super Area,Bangalore,Unfurnished,Bachelors/Family,1,Contact Owner
3,12000,1100,Super Area,Bangalore,Semi-Furnished,Bachelors/Family,3,Contact Owner
3,21500,1320,Super Area,Bangalore,Semi-Furnished,Bachelors/Family,2,Contact Owner
2,9300,500,Super Area,Bangalore,Unfurnished,Bachelors/Family,1,Contact Owner
1,6000,600,Super Area,Bangalore,Unfurnished,Bachelors/Family,1,Contact Owner
2,13000,650,Super Area,Bangalore,Unfurnished,Bachelors/Family,1,Contact Owner
1,7000,300,Carpet Area,Bangalore,Unfurnished,Bachelors/Family,1,Contact Owner
2,14000,1000,Super Area,Bangalore,Unfurnished,Bachelors/Family,2,Contact Owner
2,14000,1200,Super Area,Bangalore,Semi-Furnished,Bachelors/Family,2,Contact Owner
1,6000,650,Super Area,Bangalore,Semi-Furnished,Bachelors/Family,1,Contact Owner
1,12500,600,Super Area,Bangalore,Unfurnished,Bachelors/Family,1,Contact Owner
1,7000,400,Carpet Area,Bangalore,Semi-Furnished,Bachelors,1,Contact Owner
2,13000,1000,Super Area,Bangalore,Furnished,Bachelors/Family,2,Contact Owner
2,20000,1100,Carpet Area,Bangalore,Semi-Furnished,Bachelors/Family,2,Contact Owner
2,24000,1300,Super Area,Bangalore,Unfurnished,Bachelors,2,Contact Owner
1,6000,600,Super Area,Bangalore,Unfurnished,Bachelors/Family,1,Contact Owner
2,15000,800,Super Area,Bangalore,Semi-Furnished,Bachelors/Family,2,Contact Owner
2,20000,1115,Super Area,Bangalore,Furnished,Bachelors/Family,2,Contact Owner
2,17000,1060,Carpet Area,Bangalore,Unfurnished,Bachelors,2,Contact Owner
3,35000,1278,Super Area,Bangalore,Semi-Furnished,Bachelors/Family,2,Contact Owner
3,22000,1500,Super Area,Bangalore,Semi-Furnished,Bachelors/Family,3,Contact Owner
2,18000,1000,Carpet Area,Bangalore,Semi-Furnished,Bachelors,2,Contact Agent
4,120000,4105,Carpet Area,Bangalore,Semi-Furnished,Bachelors/Family,4,Contact Agent
2,10000,800,Super Area,Bangalore,Semi-Furnished,Bachelors/Family,2,Contact Owner
2,8000,500,Super Area,Bangalore,Semi-Furnished,Bachelors/Family,1,Contact Owner
2,9500,700,Super Area,Bangalore,Semi-Furnished,Bachelors/Family,1,Contact Owner
2,9000,1055,Carpet Area,Bangalore,Semi-Furnished,Bachelors,2,Contact Agent
3,31000,1325,Carpet Area,Bangalore,Semi-Furnished,Bachelors/Family,2,Contact Owner
2,14000,950,Super Area,Bangalore,Unfurnished,Bachelors/Family,2,Contact Owner
1,7000,450,Carpet Area,Bangalore,Semi-Furnished,Bachelors/Family,1,Contact Owner
3,24000,1200,Super Area,Bangalore,Semi-Furnished,Bachelors/Family,2,Contact Owner
1,8000,400,Carpet Area,Bangalore,Semi-Furnished,Bachelors/Family,1,Contact Owner
1,22000,400,Super Area,Bangalore,Semi-Furnished,Bachelors/Family,1,Contact Owner
2,12000,600,Super Area,Bangalore,Semi-Furnished,Bachelors/Family,2,Contact Owner
1,5000,500,Super Area,Bangalore,Unfurnished,Bachelors/Family,1,Contact Owner
1,6000,400,Super Area,Bangalore,Unfurnished,Bachelors/Family,1,Contact Owner
2,30000,1100,Super Area,Bangalore,Furnished,Bachelors/Family,2,Contact Owner
2,12000,650,Super Area,Bangalore,Semi-Furnished,Bachelors/Family,2,Contact Owner
2,15000,600,Super Area,Bangalore,Semi-Furnished,Bachelors/Family,2,Contact Owner
2,14000,800,Super Area,Bangalore,Furnished,Bachelors/Family,2,Contact Owner
1,22000,460,Carpet Area,Bangalore,Semi-Furnished,Bachelors/Family,1,Contact Agent
2,40000,1380,Carpet Area,Bangalore,Semi-Furnished,Bachelors/Family,2,Contact Agent
1,12000,500,Super Area,Bangalore,Semi-Furnished,Bachelors/Family,1,Contact Owner
2,15000,825,Super Area,Bangalore,Unfurnished,Bachelors/Family,2,Contact Owner
2,9500,700,Super Area,Bangalore,Semi-Furnished,Bachelors/Family,2,Contact Owner
2,15000,1110,Carpet Area,Bangalore,Unfurnished,Bachelors,2,Contact Owner
2,15000,800,Super Area,Bangalore,Semi-Furnished,Bachelors/Family,2,Contact Owner
2,10000,810,Super Area,Bangalore,Semi-Furnished,Bachelors/Family,1,Contact Owner
4,15000,1150,Super Area,Bangalore,Semi-Furnished,Bachelors/Family,3,Contact Owner
1,7000,700,Super Area,Bangalore,Semi-Furnished,Bachelors/Family,1,Contact Owner
1,10000,300,Super Area,Bangalore,Unfurnished,Bachelors/Family,1,Contact Owner
3,26969,1400,Super Area,Bangalore,Semi-Furnished,Bachelors/Family,3,Contact Owner
1,8000,450,Carpet Area,Bangalore,Unfurnished,Bachelors,1,Contact Owner
3,52000,1603,Carpet Area,Bangalore,Semi-Furnished,Bachelors/Family,3,Contact Agent
3,30000,1500,Super Area,Bangalore,Semi-Furnished,Bachelors/Family,2,Contact Owner
1,6500,200,Super Area,Bangalore,Semi-Furnished,Bachelors,1,Contact Owner
3,22000,1500,Super Area,Bangalore,Furnished,Bachelors/Family,3,Contact Owner
1,10000,600,Super Area,Bangalore,Semi-Furnished,Bachelors/Family,1,Contact Owner
1,6000,150,Super Area,Bangalore,Furnished,Bachelors/Family,1,Contact Owner
2,13000,750,Super Area,Bangalore,Semi-Furnished,Bachelors/Family,2,Contact Owner
2,18000,1300,Super Area,Bangalore,Semi-Furnished,Bachelors/Family,2,Contact Owner
4,30000,1900,Super Area,Bangalore,Unfurnished,Bachelors/Family,3,Contact Owner
2,10000,300,Carpet Area,Bangalore,Semi-Furnished,Bachelors/Family,2,Contact Owner
1,15000,700,Super Area,Bangalore,Semi-Furnished,Bachelors/Family,2,Contact Owner
2,70000,1325,Carpet Area,Bangalore,Semi-Furnished,Family,2,Contact Agent
2,19000,894,Carpet Area,Bangalore,Unfurnished,Bachelors,2,Contact Owner
2,20000,1100,Super Area,Bangalore,Semi-Furnished,Bachelors/Family,2,Contact Owner
2,9000,600,Super Area,Bangalore,Unfurnished,Bachelors/Family,2,Contact Owner
1,5000,500,Super Area,Bangalore,Furnished,Bachelors/Family,1,Contact Owner
2,27500,1000,Carpet Area,Bangalore,Furnished,Bachelors/Family,2,Contact Owner
2,16000,850,Super Area,Bangalore,Semi-Furnished,Bachelors/Family,2,Contact Owner
1,12000,400,Carpet Area,Bangalore,Semi-Furnished,Bachelors/Family,1,Contact Owner
3,75000,2400,Carpet Area,Bangalore,Semi-Furnished,Bachelors/Family,4,Contact Agent
2,20000,1200,Super Area,Bangalore,Semi-Furnished,Bachelors/Family,2,Contact Owner
1,7000,500,Super Area,Bangalore,Unfurnished,Bachelors/Family,1,Contact Owner
1,11000,550,Super Area,Bangalore,Semi-Furnished,Bachelors/Family,1,Contact Owner
1,13500,450,Carpet Area,Bangalore,Semi-Furnished,Bachelors,1,Contact Owner
1,17000,430,Super Area,Bangalore,Semi-Furnished,Bachelors/Family,1,Contact Owner
3,55000,2430,Super Area,Bangalore,Semi-Furnished,Bachelors/Family,3,Contact Owner
1,13000,500,Super Area,Bangalore,Furnished,Bachelors/Family,2,Contact Owner
2,11000,600,Super Area,Bangalore,Semi-Furnished,Bachelors/Family,1,Contact Owner
2,16000,805,Carpet Area,Bangalore,Furnished,Bachelors/Family,2,Contact Owner
2,23500,950,Super Area,Bangalore,Semi-Furnished,Bachelors/Family,2,Contact Owner
2,8500,1000,Carpet Area,Bangalore,Unfurnished,Bachelors,2,Contact Agent
3,30000,1350,Super Area,Bangalore,Furnished,Bachelors/Family,3,Contact Owner
3,22000,1500,Carpet Area,Bangalore,Furnished,Bachelors/Family,2,Contact Owner
2,15000,1000,Carpet Area,Bangalore,Unfurnished,Bachelors,2,Contact Owner
3,15000,800,Super Area,Bangalore,Semi-Furnished,Bachelors/Family,3,Contact Owner
2,10000,1000,Carpet Area,Bangalore,Unfurnished,Bachelors,1,Contact Owner
2,12500,800,Super Area,Bangalore,Furnished,Bachelors/Family,2,Contact Owner
3,24000,1550,Carpet Area,Bangalore,Semi-Furnished,Bachelors,3,Contact Owner
2,32000,1000,Super Area,Bangalore,Unfurnished,Bachelors/Family,2,Contact Owner
2,19000,800,Super Area,Bangalore,Unfurnished,Bachelors/Family,2,Contact Owner
1,9000,700,Super Area,Bangalore,Furnished,Bachelors/Family,1,Contact Owner
2,5500,500,Super Area,Bangalore,Furnished,Bachelors/Family,2,Contact Owner
1,15000,500,Carpet Area,Bangalore,Semi-Furnished,Bachelors/Family,1,Contact Owner
2,14000,900,Super Area,Bangalore,Semi-Furnished,Bachelors/Family,2,Contact Owner
3,27000,1200,Super Area,Bangalore,Unfurnished,Bachelors,2,Contact Owner
2,14000,1000,Super Area,Bangalore,Semi-Furnished,Bachelors/Family,2,Contact Owner
3,43000,1680,Carpet Area,Bangalore,Unfurnished,Bachelors,3,Contact Agent
2,30000,1100,Carpet Area,Bangalore,Semi-Furnished,Bachelors,2,Contact Agent
2,50000,1200,Carpet Area,Bangalore,Furnished,Bachelors,1,Contact Agent
1,15000,900,Carpet Area,Bangalore,Semi-Furnished,Bachelors/Family,2,Contact Owner
3,25000,1600,Carpet Area,Bangalore,Semi-Furnished,Bachelors,3,Contact Agent
2,25500,1475,Carpet Area,Bangalore,Furnished,Bachelors/Family,2,Contact Agent
1,6000,300,Super Area,Bangalore,Unfurnished,Bachelors/Family,1,Contact Owner
1,5000,400,Super Area,Bangalore,Unfurnished,Bachelors/Family,1,Contact Owner
1,10000,550,Super Area,Bangalore,Semi-Furnished,Family,1,Contact Owner
1,15000,400,Super Area,Bangalore,Unfurnished,Bachelors/Family,1,Contact Owner
1,5000,500,Super Area,Bangalore,Unfurnished,Family,1,Contact Owner
3,17000,1200,Super Area,Bangalore,Unfurnished,Bachelors/Family,3,Contact Owner
2,14000,1300,Super Area,Bangalore,Semi-Furnished,Bachelors/Family,2,Contact Owner
3,35000,2100,Super Area,Bangalore,Furnished,Bachelors/Family,3,Contact Owner
2,35000,800,Carpet Area,Bangalore,Semi-Furnished,Bachelors/Family,1,Contact Owner
2,16000,800,Carpet Area,Bangalore,Semi-Furnished,Bachelors/Family,1,Contact Agent
4,130000,4341,Carpet Area,Bangalore,Semi-Furnished,Bachelors/Family,4,Contact Agent
2,35000,1300,Super Area,Bangalore,Semi-Furnished,Bachelors/Family,2,Contact Owner
1,10000,400,Carpet Area,Bangalore,Semi-Furnished,Bachelors/Family,1,Contact Owner
2,12000,800,Super Area,Bangalore,Unfurnished,Bachelors/Family,2,Contact Owner
2,10500,1000,Super Area,Bangalore,Unfurnished,Bachelors/Family,1,Contact Owner
1,8000,400,Super Area,Bangalore,Semi-Furnished,Bachelors/Family,1,Contact Owner
2,15000,1100,Carpet Area,Bangalore,Semi-Furnished,Bachelors,2,Contact Agent
2,25000,1200,Carpet Area,Bangalore,Semi-Furnished,Bachelors/Family,2,Contact Agent
2,9000,600,Super Area,Bangalore,Semi-Furnished,Bachelors/Family,2,Contact Owner
2,30000,1700,Super Area,Bangalore,Semi-Furnished,Bachelors/Family,2,Contact Owner
2,22000,846,Carpet Area,Bangalore,Semi-Furnished,Bachelors/Family,2,Contact Owner
2,14000,1100,Super Area,Bangalore,Unfurnished,Bachelors/Family,2,Contact Owner
2,12000,700,Carpet Area,Bangalore,Semi-Furnished,Family,1,Contact Owner
2,10000,110,Carpet Area,Bangalore,Unfurnished,Bachelors/Family,2,Contact Owner
3,25000,900,Super Area,Bangalore,Semi-Furnished,Bachelors/Family,3,Contact Owner
1,25000,420,Carpet Area,Bangalore,Semi-Furnished,Bachelors,1,Contact Agent
2,16000,800,Super Area,Bangalore,Semi-Furnished,Bachelors/Family,2,Contact Owner
3,60000,1500,Carpet Area,Bangalore,Semi-Furnished,Bachelors,3,Contact Agent
1,7000,900,Super Area,Bangalore,Semi-Furnished,Bachelors/Family,1,Contact Owner
3,21000,1600,Super Area,Bangalore,Semi-Furnished,Bachelors/Family,3,Contact Owner
4,250000,5700,Carpet Area,Bangalore,Semi-Furnished,Bachelors/Family,4,Contact Agent
1,19000,625,Carpet Area,Bangalore,Unfurnished,Bachelors,1,Contact Agent
4,42500,1760,Carpet Area,Bangalore,Unfurnished,Bachelors/Family,3,Contact Owner
2,11000,600,Super Area,Bangalore,Furnished,Bachelors,1,Contact Owner
2,18000,1200,Super Area,Bangalore,Semi-Furnished,Bachelors/Family,2,Contact Owner
1,4300,300,Super Area,Bangalore,Unfurnished,Bachelors/Family,1,Contact Owner
2,9000,900,Super Area,Bangalore,Furnished,Family,1,Contact Owner
1,7000,450,Super Area,Bangalore,Semi-Furnished,Bachelors/Family,1,Contact Owner
2,15000,1050,Carpet Area,Bangalore,Semi-Furnished,Family,2,Contact Owner
1,4800,580,Super Area,Bangalore,Semi-Furnished,Bachelors/Family,1,Contact Owner
2,15000,600,Carpet Area,Bangalore,Unfurnished,Bachelors,2,Contact Owner
1,18000,550,Carpet Area,Bangalore,Semi-Furnished,Bachelors/Family,1,Contact Agent
2,22500,1115,Super Area,Bangalore,Semi-Furnished,Bachelors/Family,2,Contact Owner
1,9500,300,Carpet Area,Bangalore,Semi-Furnished,Bachelors/Family,1,Contact Owner
2,12000,1200,Carpet Area,Bangalore,Semi-Furnished,Bachelors/Family,2,Contact Owner
1,9000,900,Carpet Area,Bangalore,Semi-Furnished,Bachelors,1,Contact Agent
3,25000,1400,Super Area,Bangalore,Semi-Furnished,Bachelors/Family,3,Contact Agent
1,9000,400,Super Area,Bangalore,Semi-Furnished,Bachelors/Family,1,Contact Owner
2,11000,900,Super Area,Bangalore,Semi-Furnished,Bachelors/Family,1,Contact Owner
1,12500,500,Super Area,Bangalore,Semi-Furnished,Bachelors/Family,1,Contact Owner
3,21000,1360,Super Area,Bangalore,Semi-Furnished,Bachelors/Family,2,Contact Owner
3,17681,1110,Super Area,Bangalore,Semi-Furnished,Bachelors/Family,2,Contact Owner
3,28000,2400,Super Area,Bangalore,Semi-Furnished,Bachelors/Family,3,Contact Owner
3,30000,1700,Carpet Area,Bangalore,Semi-Furnished,Bachelors/Family,3,Contact Agent
2,25000,980,Super Area,Bangalore,Furnished,Bachelors/Family,2,Contact Owner
2,13000,600,Super Area,Bangalore,Semi-Furnished,Bachelors/Family,2,Contact Owner
2,8000,200,Carpet Area,Bangalore,Furnished,Bachelors/Family,2,Contact Owner
3,35000,1300,Carpet Area,Bangalore,Semi-Furnished,Bachelors/Family,2,Contact Agent
1,8000,750,Super Area,Bangalore,Unfurnished,Bachelors/Family,1,Contact Owner
2,10000,850,Super Area,Bangalore,Unfurnished,Bachelors/Family,2,Contact Owner
1,11500,600,Super Area,Bangalore,Semi-Furnished,Bachelors/Family,1,Contact Owner
4,140000,3100,Super Area,Bangalore,Semi-Furnished,Bachelors/Family,4,Contact Agent
2,6000,660,Super Area,Bangalore,Unfurnished,Bachelors,1,Contact Owner
2,11000,600,Carpet Area,Bangalore,Semi-Furnished,Bachelors/Family,1,Contact Owner
1,4000,250,Super Area,Bangalore,Unfurnished,Bachelors/Family,1,Contact Owner
2,14000,1200,Super Area,Bangalore,Unfurnished,Bachelors/Family,2,Contact Owner
2,24000,630,Carpet Area,Bangalore,Semi-Furnished,Bachelors/Family,2,Contact Agent
2,11000,840,Super Area,Bangalore,Semi-Furnished,Bachelors/Family,1,Contact Owner
2,10000,500,Carpet Area,Bangalore,Unfurnished,Bachelors/Family,1,Contact Owner
3,62000,1680,Carpet Area,Bangalore,Semi-Furnished,Bachelors,3,Contact Owner
2,12000,775,Carpet Area,Bangalore,Semi-Furnished,Bachelors/Family,1,Contact Agent
2,18000,1000,Super Area,Bangalore,Semi-Furnished,Bachelors/Family,2,Contact Owner
2,17500,900,Super Area,Bangalore,Semi-Furnished,Bachelors/Family,2,Contact Owner
1,6500,500,Super Area,Bangalore,Semi-Furnished,Bachelors/Family,1,Contact Owner
1,16000,550,Carpet Area,Bangalore,Semi-Furnished,Bachelors/Family,1,Contact Agent
3,30000,1250,Carpet Area,Bangalore,Semi-Furnished,Bachelors,3,Contact Agent
2,28000,850,Carpet Area,Bangalore,Semi-Furnished,Bachelors/Family,2,Contact Agent
1,6500,150,Super Area,Bangalore,Semi-Furnished,Bachelors/Family,1,Contact Owner
1,9000,445,Carpet Area,Bangalore,Semi-Furnished,Bachelors/Family,1,Contact Agent
2,8500,500,Carpet Area,Bangalore,Semi-Furnished,Bachelors/Family,2,Contact Owner
2,20000,750,Carpet Area,Bangalore,Semi-Furnished,Bachelors/Family,2,Contact Owner
3,26000,2000,Carpet Area,Bangalore,Semi-Furnished,Bachelors/Family,2,Contact Owner
1,8000,500,Super Area,Bangalore,Semi-Furnished,Bachelors/Family,1,Contact Owner
1,8500,730,Super Area,Bangalore,Semi-Furnished,Bachelors/Family,1,Contact Owner
2,12500,750,Super Area,Bangalore,Semi-Furnished,Bachelors/Family,2,Contact Owner
1,8000,600,Super Area,Bangalore,Semi-Furnished,Bachelors/Family,1,Contact Owner
3,52000,2710,Super Area,Bangalore,Semi-Furnished,Bachelors,3,Contact Agent
2,18000,1190,Carpet Area,Bangalore,Semi-Furnished,Bachelors,2,Contact Owner
1,15000,435,Carpet Area,Bangalore,Semi-Furnished,Bachelors/Family,1,Contact Agent
2,12000,750,Super Area,Bangalore,Unfurnished,Bachelors/Family,2,Contact Owner
3,100000,1800,Carpet Area,Bangalore,Semi-Furnished,Bachelors/Family,3,Contact Agent
1,6000,1200,Carpet Area,Bangalore,Furnished,Bachelors,1,Contact Owner
2,12000,600,Super Area,Bangalore,Semi-Furnished,Bachelors/Family,1,Contact Owner
1,6500,450,Super Area,Bangalore,Unfurnished,Bachelors/Family,1,Contact Owner
3,13500,1100,Super Area,Bangalore,Unfurnished,Family,3,Contact Owner
1,10000,700,Super Area,Bangalore,Unfurnished,Bachelors,1,Contact Owner
2,8500,650,Carpet Area,Bangalore,Furnished,Family,2,Contact Owner
3,32000,1768,Super Area,Bangalore,Semi-Furnished,Family,3,Contact Agent
3,42000,1600,Carpet Area,Bangalore,Semi-Furnished,Family,3,Contact Agent
1,7500,400,Super Area,Bangalore,Semi-Furnished,Bachelors/Family,1,Contact Owner
2,16000,1200,Super Area,Bangalore,Semi-Furnished,Bachelors/Family,2,Contact Owner
1,5000,500,Super Area,Bangalore,Semi-Furnished,Bachelors/Family,1,Contact Owner
2,14000,700,Super Area,Bangalore,Unfurnished,Bachelors/Family,2,Contact Owner
4,60000,2500,Super Area,Bangalore,Semi-Furnished,Family,4,Contact Owner
1,8500,500,Super Area,Bangalore,Semi-Furnished,Bachelors/Family,1,Contact Owner
1,10000,500,Carpet Area,Bangalore,Semi-Furnished,Bachelors/Family,1,Contact Owner
1,8500,500,Super Area,Bangalore,Semi-Furnished,Bachelors,1,Contact Owner
2,15000,1280,Carpet Area,Bangalore,Unfurnished,Bachelors/Family,2,Contact Owner
2,9500,200,Carpet Area,Bangalore,Semi-Furnished,Bachelors/Family,1,Contact Owner
2,25000,750,Carpet Area,Bangalore,Unfurnished,Bachelors/Family,2,Contact Agent
2,14000,900,Super Area,Bangalore,Semi-Furnished,Bachelors/Family,2,Contact Owner
3,20000,1200,Super Area,Bangalore,Semi-Furnished,Bachelors/Family,2,Contact Owner
1,10000,800,Super Area,Bangalore,Unfurnished,Bachelors/Family,1,Contact Owner
2,10000,500,Carpet Area,Bangalore,Unfurnished,Bachelors,1,Contact Owner
2,13000,1000,Super Area,Bangalore,Semi-Furnished,Bachelors/Family,2,Contact Owner
2,13000,850,Carpet Area,Bangalore,Semi-Furnished,Family,2,Contact Owner
2,24000,900,Carpet Area,Bangalore,Semi-Furnished,Bachelors/Family,2,Contact Agent
1,10000,600,Super Area,Bangalore,Semi-Furnished,Bachelors/Family,1,Contact Owner
1,8000,600,Super Area,Bangalore,Unfurnished,Bachelors/Family,1,Contact Owner
1,6000,600,Super Area,Bangalore,Unfurnished,Bachelors/Family,1,Contact Owner
3,21000,1250,Super Area,Bangalore,Semi-Furnished,Bachelors/Family,2,Contact Owner
3,25000,2000,Super Area,Bangalore,Semi-Furnished,Bachelors/Family,3,Contact Owner
2,8500,532,Carpet Area,Bangalore,Unfurnished,Bachelors,1,Contact Owner
2,13000,1000,Super Area,Bangalore,Unfurnished,Bachelors/Family,2,Contact Owner
1,5000,150,Super Area,Bangalore,Unfurnished,Bachelors/Family,1,Contact Owner
1,7500,500,Super Area,Bangalore,Semi-Furnished,Bachelors/Family,1,Contact Owner
1,13900,600,Carpet Area,Bangalore,Semi-Furnished,Bachelors/Family,1,Contact Agent
2,15000,1100,Carpet Area,Bangalore,Furnished,Bachelors,2,Contact Owner
3,30000,1500,Carpet Area,Bangalore,Semi-Furnished,Bachelors/Family,3,Contact Agent
2,13000,500,Carpet Area,Bangalore,Semi-Furnished,Bachelors,1,Contact Agent
1,7700,600,Carpet Area,Bangalore,Semi-Furnished,Bachelors/Family,1,Contact Owner
2,25000,1200,Super Area,Bangalore,Unfurnished,Bachelors/Family,1,Contact Owner
2,17000,1100,Super Area,Bangalore,Semi-Furnished,Bachelors/Family,2,Contact Owner
3,39000,1550,Carpet Area,Bangalore,Semi-Furnished,Bachelors/Family,3,Contact Agent
2,18000,1050,Carpet Area,Bangalore,Semi-Furnished,Bachelors/Family,2,Contact Owner
1,15000,500,Super Area,Bangalore,Semi-Furnished,Bachelors/Family,1,Contact Owner
2,28000,1500,Super Area,Bangalore,Semi-Furnished,Bachelors/Family,2,Contact Owner
2,17500,1150,Carpet Area,Bangalore,Semi-Furnished,Family,2,Contact Agent
4,75000,2000,Super Area,Bangalore,Furnished,Bachelors/Family,3,Contact Owner
2,14000,110,Carpet Area,Bangalore,Semi-Furnished,Bachelors/Family,1,Contact Owner
1,9000,500,Super Area,Bangalore,Semi-Furnished,Bachelors/Family,1,Contact Owner
3,20000,1465,Super Area,Bangalore,Semi-Furnished,Bachelors/Family,3,Contact Owner
2,12000,940,Carpet Area,Bangalore,Semi-Furnished,Bachelors/Family,2,Contact Owner
2,12000,850,Super Area,Bangalore,Semi-Furnished,Bachelors/Family,1,Contact Owner
2,24000,990,Carpet Area,Bangalore,Furnished,Bachelors/Family,2,Contact Owner
2,12000,750,Super Area,Bangalore,Semi-Furnished,Bachelors/Family,2,Contact Owner
1,10000,500,Super Area,Bangalore,Semi-Furnished,Bachelors/Family,1,Contact Owner
3,24000,1430,Super Area,Bangalore,Semi-Furnished,Bachelors/Family,2,Contact Owner
1,9000,600,Carpet Area,Bangalore,Semi-Furnished,Family,1,Contact Owner
2,12000,900,Carpet Area,Bangalore,Semi-Furnished,Bachelors/Family,1,Contact Owner
2,11000,1100,Super Area,Bangalore,Semi-Furnished,Bachelors/Family,2,Contact Owner
2,15000,900,Carpet Area,Bangalore,Semi-Furnished,Bachelors/Family,1,Contact Owner
1,5500,600,Super Area,Bangalore,Semi-Furnished,Bachelors/Family,1,Contact Owner
2,18000,1000,Carpet Area,Bangalore,Semi-Furnished,Family,2,Contact Owner
2,42000,1150,Carpet Area,Bangalore,Furnished,Bachelors,2,Contact Agent
2,18000,1250,Super Area,Bangalore,Semi-Furnished,Bachelors/Family,2,Contact Owner
2,15000,1000,Super Area,Bangalore,Semi-Furnished,Bachelors/Family,2,Contact Owner
1,6000,500,Super Area,Bangalore,Semi-Furnished,Bachelors/Family,1,Contact Owner
3,30000,2000,Super Area,Bangalore,Semi-Furnished,Bachelors/Family,3,Contact Owner
2,12000,850,Super Area,Bangalore,Semi-Furnished,Bachelors/Family,2,Contact Owner
2,10000,990,Carpet Area,Bangalore,Semi-Furnished,Bachelors/Family,2,Contact Owner
2,9500,850,Carpet Area,Bangalore,Semi-Furnished,Bachelors,1,Contact Owner
2,16000,1000,Super Area,Bangalore,Semi-Furnished,Bachelors/Family,2,Contact Owner
2,9500,650,Super Area,Bangalore,Semi-Furnished,Bachelors/Family,2,Contact Owner
1,6500,400,Carpet Area,Bangalore,Semi-Furnished,Bachelors/Family,1,Contact Owner
2,13500,1000,Carpet Area,Bangalore,Semi-Furnished,Bachelors/Family,2,Contact Owner
2,25000,1350,Super Area,Bangalore,Semi-Furnished,Bachelors/Family,2,Contact Owner
2,9500,600,Super Area,Bangalore,Semi-Furnished,Bachelors/Family,2,Contact Owner
4,190000,4000,Super Area,Bangalore,Furnished,Bachelors/Family,5,Contact Owner
2,90000,950,Carpet Area,Bangalore,Unfurnished,Bachelors/Family,2,Contact Owner
2,24000,777,Carpet Area,Bangalore,Semi-Furnished,Family,2,Contact Agent
3,15000,1200,Carpet Area,Bangalore,Semi-Furnished,Bachelors/Family,2,Contact Owner
2,22000,1600,Super Area,Bangalore,Furnished,Bachelors/Family,3,Contact Owner
3,34000,1500,Carpet Area,Bangalore,Semi-Furnished,Bachelors,3,Contact Agent
2,12500,570,Super Area,Bangalore,Semi-Furnished,Bachelors/Family,2,Contact Owner
3,28000,1800,Carpet Area,Bangalore,Semi-Furnished,Bachelors/Family,3,Contact Owner
2,12000,1100,Super Area,Bangalore,Semi-Furnished,Bachelors/Family,1,Contact Owner
1,8000,400,Super Area,Bangalore,Unfurnished,Bachelors/Family,1,Contact Owner
1,7500,750,Carpet Area,Bangalore,Semi-Furnished,Bachelors/Family,1,Contact Owner
2,34000,1400,Carpet Area,Bangalore,Furnished,Bachelors,2,Contact Agent
3,32000,1789,Super Area,Bangalore,Semi-Furnished,Family,3,Contact Agent
2,14500,650,Carpet Area,Bangalore,Semi-Furnished,Bachelors/Family,1,Contact Owner
2,16000,1200,Super Area,Bangalore,Semi-Furnished,Bachelors/Family,2,Contact Owner
1,7500,460,Super Area,Bangalore,Semi-Furnished,Bachelors/Family,1,Contact Owner
2,7500,500,Carpet Area,Bangalore,Semi-Furnished,Bachelors/Family,1,Contact Owner
2,19500,1080,Carpet Area,Bangalore,Semi-Furnished,Family,2,Contact Owner
3,75000,2000,Carpet Area,Bangalore,Furnished,Bachelors,2,Contact Agent
2,16500,1100,Super Area,Bangalore,Semi-Furnished,Bachelors/Family,2,Contact Owner
2,14500,1025,Super Area,Bangalore,Unfurnished,Bachelors,2,Contact Owner
2,16000,650,Carpet Area,Bangalore,Unfurnished,Bachelors/Family,2,Contact Owner
2,8000,800,Super Area,Bangalore,Semi-Furnished,Bachelors/Family,1,Contact Owner
3,280000,2800,Carpet Area,Bangalore,Furnished,Bachelors/Family,3,Contact Agent
2,21000,1100,Carpet Area,Bangalore,Furnished,Bachelors,2,Contact Agent
3,30000,1300,Carpet Area,Bangalore,Semi-Furnished,Bachelors,3,Contact Agent
3,65000,2000,Super Area,Bangalore,Semi-Furnished,Bachelors,3,Contact Agent
3,180000,2500,Carpet Area,Bangalore,Unfurnished,Bachelors,3,Contact Agent
2,10000,600,Super Area,Bangalore,Semi-Furnished,Bachelors/Family,2,Contact Owner
2,12000,630,Super Area,Bangalore,Furnished,Bachelors/Family,2,Contact Owner
2,9000,550,Super Area,Bangalore,Unfurnished,Bachelors/Family,2,Contact Owner
2,22000,1025,Super Area,Bangalore,Semi-Furnished,Family,2,Contact Owner
1,10000,500,Carpet Area,Bangalore,Semi-Furnished,Bachelors,1,Contact Owner
3,48000,1286,Carpet Area,Bangalore,Semi-Furnished,Bachelors,3,Contact Agent
1,11000,800,Super Area,Bangalore,Semi-Furnished,Bachelors/Family,1,Contact Owner
2,11000,900,Super Area,Bangalore,Semi-Furnished,Bachelors/Family,2,Contact Owner
3,40000,1618,Super Area,Bangalore,Semi-Furnished,Bachelors/Family,3,Contact Owner
1,10000,500,Super Area,Bangalore,Semi-Furnished,Bachelors/Family,1,Contact Owner
1,6500,450,Carpet Area,Bangalore,Semi-Furnished,Bachelors/Family,1,Contact Owner
2,18000,850,Super Area,Bangalore,Semi-Furnished,Bachelors/Family,2,Contact Owner
3,22000,1374,Super Area,Bangalore,Semi-Furnished,Family,2,Contact Agent
3,28000,1600,Super Area,Bangalore,Semi-Furnished,Bachelors/Family,3,Contact Owner
1,6200,400,Super Area,Bangalore,Semi-Furnished,Bachelors/Family,1,Contact Owner
3,110000,1500,Carpet Area,Bangalore,Furnished,Bachelors/Family,3,Contact Agent
2,5500,800,Super Area,Bangalore,Unfurnished,Bachelors/Family,1,Contact Owner
3,50000,1580,Carpet Area,Bangalore,Unfurnished,Bachelors,3,Contact Agent
2,12000,700,Carpet Area,Bangalore,Semi-Furnished,Bachelors/Family,1,Contact Owner
2,11500,700,Super Area,Bangalore,Semi-Furnished,Bachelors/Family,1,Contact Owner
1,16000,550,Carpet Area,Bangalore,Semi-Furnished,Bachelors/Family,1,Contact Agent
1,11000,450,Carpet Area,Bangalore,Semi-Furnished,Bachelors/Family,1,Contact Agent
4,150000,4550,Super Area,Bangalore,Semi-Furnished,Family,5,Contact Agent
1,9000,400,Super Area,Bangalore,Semi-Furnished,Bachelors,1,Contact Owner
1,6000,650,Super Area,Bangalore,Semi-Furnished,Bachelors/Family,1,Contact Owner
2,12000,700,Super Area,Bangalore,Semi-Furnished,Bachelors/Family,2,Contact Owner
2,16000,1333,Super Area,Bangalore,Unfurnished,Bachelors,2,Contact Owner
3,35000,1500,Carpet Area,Bangalore,Semi-Furnished,Bachelors/Family,2,Contact Agent
1,9000,425,Carpet Area,Bangalore,Semi-Furnished,Bachelors/Family,1,Contact Agent
1,8000,300,Super Area,Bangalore,Unfurnished,Bachelors/Family,1,Contact Owner
2,13500,650,Carpet Area,Bangalore,Unfurnished,Family,2,Contact Owner
2,14000,800,Super Area,Bangalore,Semi-Furnished,Family,2,Contact Owner
2,14000,1200,Carpet Area,Bangalore,Semi-Furnished,Family,2,Contact Owner
1,4700,500,Super Area,Bangalore,Unfurnished,Bachelors/Family,1,Contact Owner
2,17000,1000,Super Area,Bangalore,Semi-Furnished,Bachelors/Family,2,Contact Owner
2,11000,600,Super Area,Bangalore,Semi-Furnished,Bachelors/Family,2,Contact Owner
1,12000,600,Super Area,Bangalore,Semi-Furnished,Bachelors/Family,1,Contact Owner
3,30000,1875,Super Area,Bangalore,Semi-Furnished,Bachelors/Family,2,Contact Owner
2,12000,1000,Super Area,Bangalore,Semi-Furnished,Bachelors/Family,2,Contact Owner
3,21000,1300,Super Area,Bangalore,Furnished,Bachelors/Family,2,Contact Owner
1,6000,350,Super Area,Bangalore,Unfurnished,Bachelors/Family,1,Contact Owner
2,18500,900,Super Area,Bangalore,Unfurnished,Bachelors/Family,2,Contact Owner
1,4750,200,Carpet Area,Bangalore,Semi-Furnished,Bachelors/Family,1,Contact Owner
2,15000,700,Super Area,Bangalore,Semi-Furnished,Bachelors/Family,2,Contact Owner
2,17600,1000,Carpet Area,Bangalore,Semi-Furnished,Bachelors,2,Contact Owner
3,35000,1700,Carpet Area,Bangalore,Semi-Furnished,Bachelors/Family,3,Contact Agent
2,8000,600,Super Area,Bangalore,Semi-Furnished,Bachelors/Family,1,Contact Owner
1,7000,650,Super Area,Bangalore,Semi-Furnished,Bachelors/Family,1,Contact Owner
2,15000,750,Super Area,Bangalore,Semi-Furnished,Bachelors/Family,1,Contact Owner
3,30000,1750,Super Area,Bangalore,Semi-Furnished,Bachelors/Family,3,Contact Owner
3,100000,1950,Carpet Area,Bangalore,Semi-Furnished,Bachelors/Family,3,Contact Agent
2,18000,1065,Carpet Area,Bangalore,Semi-Furnished,Bachelors/Family,2,Contact Agent
2,8000,600,Super Area,Bangalore,Semi-Furnished,Bachelors/Family,1,Contact Owner
2,9000,600,Super Area,Bangalore,Semi-Furnished,Bachelors/Family,1,Contact Owner
1,6000,500,Super Area,Bangalore,Unfurnished,Bachelors/Family,1,Contact Owner
2,7500,600,Super Area,Bangalore,Semi-Furnished,Bachelors/Family,1,Contact Owner
1,15000,600,Carpet Area,Bangalore,Semi-Furnished,Bachelors/Family,1,Contact Agent
2,10000,900,Carpet Area,Bangalore,Semi-Furnished,Bachelors/Family,1,Contact Owner
2,14000,500,Super Area,Bangalore,Semi-Furnished,Bachelors/Family,2,Contact Owner
1,7000,600,Super Area,Bangalore,Unfurnished,Bachelors/Family,1,Contact Owner
3,60000,1710,Carpet Area,Bangalore,Unfurnished,Bachelors/Family,3,Contact Agent
1,6000,600,Super Area,Bangalore,Unfurnished,Bachelors,1,Contact Owner
3,17000,1100,Carpet Area,Bangalore,Semi-Furnished,Bachelors/Family,2,Contact Owner
2,15000,920,Super Area,Bangalore,Semi-Furnished,Bachelors/Family,2,Contact Owner
1,8200,750,Super Area,Bangalore,Semi-Furnished,Bachelors/Family,1,Contact Owner
1,8500,300,Super Area,Bangalore,Semi-Furnished,Bachelors/Family,1,Contact Owner
3,20000,1660,Carpet Area,Bangalore,Semi-Furnished,Bachelors/Family,2,Contact Owner
1,8000,400,Super Area,Bangalore,Semi-Furnished,Bachelors/Family,1,Contact Owner
2,20000,300,Super Area,Bangalore,Semi-Furnished,Bachelors/Family,1,Contact Owner
1,11500,300,Carpet Area,Bangalore,Unfurnished,Bachelors,1,Contact Owner
3,30000,2000,Carpet Area,Bangalore,Furnished,Bachelors/Family,2,Contact Owner
3,22000,1200,Carpet Area,Bangalore,Semi-Furnished,Bachelors,3,Contact Owner
1,6500,300,Super Area,Bangalore,Semi-Furnished,Bachelors/Family,1,Contact Owner
1,6500,700,Super Area,Bangalore,Unfurnished,Bachelors/Family,1,Contact Owner
2,16000,850,Super Area,Bangalore,Semi-Furnished,Bachelors/Family,3,Contact Owner
1,24000,700,Carpet Area,Bangalore,Furnished,Bachelors/Family,1,Contact Agent
1,15000,455,Carpet Area,Bangalore,Semi-Furnished,Bachelors/Family,1,Contact Agent
2,18000,1000,Carpet Area,Bangalore,Semi-Furnished,Bachelors/Family,2,Contact Owner
1,8500,600,Super Area,Bangalore,Semi-Furnished,Bachelors/Family,1,Contact Owner
1,4000,250,Super Area,Bangalore,Unfurnished,Bachelors/Family,1,Contact Owner
1,5000,400,Super Area,Bangalore,Unfurnished,Bachelors/Family,1,Contact Owner
2,22000,1200,Carpet Area,Bangalore,Semi-Furnished,Bachelors/Family,2,Contact Agent
1,12000,500,Carpet Area,Bangalore,Semi-Furnished,Bachelors,1,Contact Owner
1,9000,350,Super Area,Bangalore,Unfurnished,Bachelors/Family,1,Contact Owner
2,7500,1100,Super Area,Bangalore,Semi-Furnished,Bachelors/Family,2,Contact Owner
2,30000,1650,Super Area,Bangalore,Unfurnished,Bachelors/Family,3,Contact Owner
4,14000,1000,Super Area,Bangalore,Semi-Furnished,Bachelors/Family,2,Contact Owner
2,9250,500,Super Area,Bangalore,Semi-Furnished,Bachelors/Family,1,Contact Owner
1,13000,700,Super Area,Bangalore,Semi-Furnished,Bachelors/Family,2,Contact Owner
2,12000,1200,Super Area,Bangalore,Unfurnished,Bachelors/Family,2,Contact Owner
1,12000,600,Super Area,Bangalore,Unfurnished,Bachelors/Family,1,Contact Owner
2,10000,925,Super Area,Bangalore,Unfurnished,Bachelors/Family,2,Contact Owner
3,60000,2400,Carpet Area,Bangalore,Semi-Furnished,Bachelors,3,Contact Agent
3,35000,1500,Carpet Area,Bangalore,Semi-Furnished,Bachelors/Family,3,Contact Agent
2,12000,600,Super Area,Bangalore,Unfurnished,Bachelors/Family,2,Contact Owner
1,14000,435,Carpet Area,Bangalore,Semi-Furnished,Bachelors/Family,1,Contact Agent
1,8000,650,Carpet Area,Bangalore,Semi-Furnished,Bachelors/Family,1,Contact Owner
2,11000,700,Carpet Area,Bangalore,Semi-Furnished,Bachelors/Family,2,Contact Owner
2,20000,890,Carpet Area,Bangalore,Semi-Furnished,Bachelors/Family,2,Contact Agent
1,12500,600,Super Area,Bangalore,Furnished,Bachelors/Family,1,Contact Owner
2,35000,1250,Carpet Area,Bangalore,Semi-Furnished,Bachelors/Family,2,Contact Agent
3,26000,1350,Carpet Area,Bangalore,Semi-Furnished,Bachelors/Family,2,Contact Agent
3,85000,2600,Carpet Area,Bangalore,Semi-Furnished,Family,4,Contact Agent
1,14000,440,Carpet Area,Bangalore,Semi-Furnished,Bachelors/Family,1,Contact Agent
2,22000,1150,Carpet Area,Bangalore,Semi-Furnished,Bachelors/Family,2,Contact Owner
1,7000,450,Super Area,Bangalore,Semi-Furnished,Bachelors/Family,1,Contact Owner
2,16000,1150,Super Area,Bangalore,Furnished,Bachelors/Family,2,Contact Owner
2,11000,600,Carpet Area,Bangalore,Unfurnished,Bachelors,1,Contact Owner
2,20000,980,Carpet Area,Bangalore,Semi-Furnished,Family,2,Contact Agent
3,60000,1850,Carpet Area,Bangalore,Furnished,Bachelors/Family,3,Contact Owner
2,5000,625,Carpet Area,Bangalore,Semi-Furnished,Bachelors/Family,2,Contact Owner
1,4000,100,Super Area,Bangalore,Semi-Furnished,Bachelors/Family,2,Contact Owner
2,15000,1200,Carpet Area,Bangalore,Semi-Furnished,Bachelors/Family,1,Contact Owner
3,18000,1200,Carpet Area,Bangalore,Semi-Furnished,Bachelors/Family,2,Contact Owner
2,12000,1080,Carpet Area,Bangalore,Semi-Furnished,Bachelors,1,Contact Owner
1,8500,700,Super Area,Bangalore,Semi-Furnished,Bachelors/Family,1,Contact Owner
2,11000,800,Super Area,Bangalore,Unfurnished,Bachelors/Family,2,Contact Owner
3,42000,1880,Super Area,Bangalore,Semi-Furnished,Family,2,Contact Owner
2,25000,1305,Super Area,Bangalore,Semi-Furnished,Bachelors/Family,2,Contact Owner
1,8500,600,Super Area,Bangalore,Semi-Furnished,Bachelors/Family,1,Contact Owner
2,12500,950,Super Area,Bangalore,Semi-Furnished,Bachelors/Family,2,Contact Owner
2,18000,1188,Super Area,Bangalore,Unfurnished,Bachelors/Family,2,Contact Owner
1,6000,500,Super Area,Bangalore,Unfurnished,Bachelors/Family,1,Contact Owner
2,9000,875,Super Area,Bangalore,Semi-Furnished,Bachelors/Family,2,Contact Owner
3,54000,2100,Carpet Area,Bangalore,Unfurnished,Bachelors,3,Contact Agent
3,22000,1200,Super Area,Bangalore,Furnished,Bachelors/Family,2,Contact Owner
3,120000,2390,Super Area,Bangalore,Semi-Furnished,Bachelors/Family,3,Contact Owner
1,7000,600,Super Area,Bangalore,Semi-Furnished,Bachelors/Family,1,Contact Owner
2,28000,1150,Carpet Area,Bangalore,Semi-Furnished,Family,2,Contact Agent
3,55000,1788,Carpet Area,Bangalore,Semi-Furnished,Family,3,Contact Agent
2,19000,1250,Super Area,Bangalore,Semi-Furnished,Bachelors/Family,2,Contact Owner
1,11000,600,Carpet Area,Bangalore,Semi-Furnished,Bachelors/Family,1,Contact Agent
3,18000,1600,Super Area,Bangalore,Semi-Furnished,Bachelors/Family,2,Contact Owner
3,70000,1520,Carpet Area,Bangalore,Semi-Furnished,Bachelors/Family,4,Contact Agent
1,12000,550,Carpet Area,Bangalore,Semi-Furnished,Bachelors,1,Contact Agent
2,18000,1100,Super Area,Bangalore,Semi-Furnished,Bachelors/Family,2,Contact Owner
2,30000,1100,Carpet Area,Bangalore,Semi-Furnished,Bachelors/Family,2,Contact Agent
2,10000,1100,Super Area,Bangalore,Semi-Furnished,Bachelors/Family,2,Contact Owner
1,6000,400,Super Area,Bangalore,Unfurnished,Bachelors/Family,1,Contact Owner
1,4500,300,Super Area,Bangalore,Semi-Furnished,Bachelors/Family,1,Contact Owner
1,8000,500,Super Area,Bangalore,Semi-Furnished,Bachelors/Family,1,Contact Owner
2,20000,1100,Carpet Area,Bangalore,Furnished,Bachelors,2,Contact Agent
2,17500,1000,Carpet Area,Bangalore,Unfurnished,Family,2,Contact Owner
2,22000,850,Super Area,Bangalore,Semi-Furnished,Bachelors/Family,2,Contact Owner
2,17000,1020,Super Area,Bangalore,Semi-Furnished,Bachelors/Family,2,Contact Owner
2,22000,1250,Super Area,Bangalore,Unfurnished,Bachelors,2,Contact Owner
3,24000,1400,Super Area,Bangalore,Semi-Furnished,Bachelors/Family,3,Contact Owner
1,12000,600,Super Area,Bangalore,Unfurnished,Bachelors/Family,1,Contact Owner
1,4500,200,Super Area,Bangalore,Unfurnished,Bachelors/Family,1,Contact Owner
1,5000,300,Super Area,Bangalore,Unfurnished,Bachelors/Family,1,Contact Owner
1,6000,400,Super Area,Bangalore,Furnished,Bachelors/Family,1,Contact Owner
1,11000,450,Super Area,Bangalore,Semi-Furnished,Bachelors/Family,1,Contact Owner
2,20000,1180,Super Area,Bangalore,Semi-Furnished,Bachelors/Family,2,Contact Owner
3,35000,1460,Carpet Area,Bangalore,Unfurnished,Bachelors,3,Contact Agent
3,24000,1464,Carpet Area,Bangalore,Semi-Furnished,Bachelors/Family,3,Contact Owner
2,10000,700,Carpet Area,Bangalore,Semi-Furnished,Bachelors,2,Contact Owner
2,16000,680,Carpet Area,Bangalore,Semi-Furnished,Bachelors/Family,2,Contact Owner
3,100000,2750,Carpet Area,Bangalore,Semi-Furnished,Bachelors,4,Contact Agent
2,14000,800,Super Area,Bangalore,Semi-Furnished,Bachelors/Family,1,Contact Owner
2,7500,600,Carpet Area,Bangalore,Unfurnished,Bachelors,1,Contact Owner
3,16000,1200,Carpet Area,Bangalore,Unfurnished,Bachelors,3,Contact Owner
4,65000,3200,Carpet Area,Bangalore,Semi-Furnished,Bachelors/Family,3,Contact Agent
2,18000,1800,Super Area,Bangalore,Semi-Furnished,Bachelors/Family,2,Contact Owner
1,8000,500,Super Area,Bangalore,Furnished,Bachelors/Family,1,Contact Owner
2,11000,1200,Super Area,Bangalore,Unfurnished,Bachelors/Family,2,Contact Owner
1,8000,750,Super Area,Bangalore,Unfurnished,Bachelors/Family,1,Contact Owner
1,13000,700,Super Area,Bangalore,Semi-Furnished,Bachelors/Family,2,Contact Owner
2,30000,1000,Carpet Area,Bangalore,Unfurnished,Bachelors,2,Contact Agent
2,14000,800,Super Area,Delhi,Semi-Furnished,Bachelors/Family,2,Contact Owner
1,20000,200,Super Area,Delhi,Furnished,Bachelors,1,Contact Owner
3,80000,1800,Carpet Area,Delhi,Semi-Furnished,Bachelors/Family,3,Contact Owner
1,9500,400,Carpet Area,Delhi,Unfurnished,Bachelors/Family,1,Contact Agent
3,14000,600,Carpet Area,Delhi,Unfurnished,Bachelors,3,Contact Agent
3,65000,1550,Carpet Area,Delhi,Semi-Furnished,Bachelors,3,Contact Agent
2,18500,650,Carpet Area,Delhi,Unfurnished,Bachelors,2,Contact Owner
2,40000,850,Carpet Area,Delhi,Unfurnished,Bachelors/Family,2,Contact Agent
4,90000,2000,Carpet Area,Delhi,Unfurnished,Bachelors,4,Contact Agent
1,3500,180,Super Area,Delhi,Unfurnished,Bachelors/Family,1,Contact Owner
3,25000,140,Carpet Area,Delhi,Semi-Furnished,Bachelors,2,Contact Agent
1,9000,450,Carpet Area,Delhi,Semi-Furnished,Bachelors/Family,1,Contact Owner
3,90000,2500,Carpet Area,Delhi,Semi-Furnished,Bachelors/Family,3,Contact Agent
1,22000,720,Carpet Area,Delhi,Unfurnished,Bachelors/Family,1,Contact Owner
2,12000,400,Carpet Area,Delhi,Unfurnished,Bachelors,1,Contact Agent
2,11000,450,Carpet Area,Delhi,Unfurnished,Bachelors,1,Contact Owner
1,20000,250,Carpet Area,Delhi,Semi-Furnished,Bachelors/Family,1,Contact Owner
4,260000,3000,Super Area,Delhi,Semi-Furnished,Bachelors/Family,5,Contact Agent
2,11000,550,Carpet Area,Delhi,Unfurnished,Bachelors,2,Contact Agent
2,10000,450,Carpet Area,Delhi,Unfurnished,Bachelors/Family,1,Contact Owner
3,60000,2500,Carpet Area,Delhi,Unfurnished,Bachelors,3,Contact Agent
4,350000,800,Super Area,Delhi,Unfurnished,Bachelors/Family,4,Contact Agent
2,16000,100,Super Area,Delhi,Unfurnished,Bachelors,2,Contact Owner
1,16000,400,Carpet Area,Delhi,Furnished,Bachelors,1,Contact Owner
2,12000,750,Carpet Area,Delhi,Semi-Furnished,Bachelors,2,Contact Owner
1,8000,400,Carpet Area,Delhi,Semi-Furnished,Bachelors/Family,1,Contact Agent
3,14000,1100,Carpet Area,Delhi,Semi-Furnished,Bachelors/Family,2,Contact Agent
1,14900,450,Carpet Area,Delhi,Furnished,Bachelors/Family,1,Contact Owner
2,15000,850,Carpet Area,Delhi,Unfurnished,Bachelors/Family,2,Contact Owner
3,10000,600,Carpet Area,Delhi,Semi-Furnished,Bachelors/Family,1,Contact Agent
2,40000,750,Carpet Area,Delhi,Unfurnished,Bachelors/Family,2,Contact Agent
1,9000,500,Carpet Area,Delhi,Semi-Furnished,Bachelors,1,Contact Agent
1,7000,350,Carpet Area,Delhi,Semi-Furnished,Bachelors/Family,1,Contact Agent
2,13500,623,Carpet Area,Delhi,Furnished,Bachelors/Family,1,Contact Owner
3,95000,2400,Carpet Area,Delhi,Semi-Furnished,Bachelors,3,Contact Agent
1,20000,75,Carpet Area,Delhi,Unfurnished,Bachelors/Family,1,Contact Agent
2,7500,450,Carpet Area,Delhi,Semi-Furnished,Bachelors/Family,1,Contact Owner
2,9000,445,Carpet Area,Delhi,Unfurnished,Bachelors/Family,2,Contact Owner
3,80000,300,Carpet Area,Delhi,Furnished,Bachelors,3,Contact Agent
3,50000,1670,Super Area,Delhi,Semi-Furnished,Bachelors/Family,3,Contact Owner
1,13000,550,Carpet Area,Delhi,Semi-Furnished,Bachelors,1,Contact Agent
1,12000,350,Carpet Area,Delhi,Semi-Furnished,Bachelors,1,Contact Agent
2,16000,650,Carpet Area,Delhi,Semi-Furnished,Bachelors/Family,2,Contact Agent
2,13000,70,Super Area,Delhi,Semi-Furnished,Bachelors/Family,1,Contact Owner
2,29000,100,Carpet Area,Delhi,Semi-Furnished,Bachelors/Family,2,Contact Owner
3,18000,800,Super Area,Delhi,Unfurnished,Bachelors/Family,1,Contact Owner
2,8500,60,Super Area,Delhi,Unfurnished,Bachelors/Family,1,Contact Owner
3,27000,2000,Carpet Area,Delhi,Semi-Furnished,Bachelors/Family,2,Contact Owner
2,18000,600,Carpet Area,Delhi,Unfurnished,Bachelors/Family,2,Contact Owner
1,11500,450,Carpet Area,Delhi,Semi-Furnished,Bachelors,1,Contact Owner
2,80000,2200,Carpet Area,Delhi,Unfurnished,Bachelors,3,Contact Agent
2,15500,600,Carpet Area,Delhi,Unfurnished,Bachelors,2,Contact Owner
4,55000,2000,Carpet Area,Delhi,Semi-Furnished,Bachelors/Family,3,Contact Agent
2,20000,800,Super Area,Delhi,Semi-Furnished,Bachelors/Family,2,Contact Owner
3,35000,170,Carpet Area,Delhi,Unfurnished,Bachelors/Family,2,Contact Agent
2,38000,150,Carpet Area,Delhi,Unfurnished,Bachelors/Family,2,Contact Agent
2,16000,650,Carpet Area,Delhi,Unfurnished,Bachelors/Family,2,Contact Owner
3,50000,1250,Carpet Area,Delhi,Semi-Furnished,Bachelors/Family,3,Contact Agent
1,9500,600,Super Area,Delhi,Semi-Furnished,Bachelors/Family,2,Contact Owner
4,90000,2100,Carpet Area,Delhi,Semi-Furnished,Bachelors/Family,4,Contact Agent
1,10000,450,Super Area,Delhi,Unfurnished,Bachelors,1,Contact Owner
2,25000,100,Carpet Area,Delhi,Unfurnished,Bachelors,2,Contact Owner
1,30000,650,Super Area,Delhi,Furnished,Bachelors/Family,1,Contact Owner
2,12000,48,Super Area,Delhi,Unfurnished,Bachelors/Family,2,Contact Owner
2,16500,550,Carpet Area,Delhi,Semi-Furnished,Bachelors/Family,2,Contact Owner
1,4500,240,Super Area,Delhi,Unfurnished,Bachelors/Family,1,Contact Owner
2,30000,700,Carpet Area,Delhi,Semi-Furnished,Bachelors,2,Contact Owner
1,12000,48,Super Area,Delhi,Semi-Furnished,Bachelors/Family,1,Contact Owner
2,23000,100,Super Area,Delhi,Unfurnished,Bachelors/Family,2,Contact Owner
3,70000,1901,Super Area,Delhi,Semi-Furnished,Bachelors/Family,3,Contact Owner
1,5500,50,Carpet Area,Delhi,Unfurnished,Bachelors/Family,1,Contact Owner
3,35000,1300,Carpet Area,Delhi,Semi-Furnished,Bachelors,3,Contact Agent
2,9000,145,Super Area,Delhi,Unfurnished,Bachelors/Family,2,Contact Owner
2,22000,800,Carpet Area,Delhi,Unfurnished,Bachelors/Family,3,Contact Agent
3,35000,1100,Super Area,Delhi,Semi-Furnished,Bachelors/Family,4,Contact Owner
1,12000,450,Super Area,Delhi,Semi-Furnished,Bachelors/Family,1,Contact Owner
2,6000,300,Carpet Area,Delhi,Unfurnished,Bachelors/Family,1,Contact Owner
2,22000,1040,Carpet Area,Delhi,Semi-Furnished,Bachelors,3,Contact Owner
1,5000,25,Carpet Area,Delhi,Unfurnished,Bachelors/Family,1,Contact Owner
2,20500,900,Super Area,Delhi,Semi-Furnished,Bachelors/Family,2,Contact Owner
2,7500,1100,Super Area,Delhi,Unfurnished,Bachelors/Family,1,Contact Owner
2,5500,380,Super Area,Delhi,Unfurnished,Bachelors/Family,2,Contact Owner
3,25000,450,Carpet Area,Delhi,Semi-Furnished,Bachelors,2,Contact Owner
1,13000,550,Carpet Area,Delhi,Semi-Furnished,Bachelors,1,Contact Agent
1,5000,180,Super Area,Delhi,Semi-Furnished,Bachelors/Family,1,Contact Owner
3,40000,1650,Carpet Area,Delhi,Semi-Furnished,Bachelors/Family,2,Contact Owner
1,12500,250,Super Area,Delhi,Furnished,Bachelors/Family,1,Contact Owner
1,6000,400,Carpet Area,Delhi,Unfurnished,Bachelors/Family,1,Contact Owner
2,15500,900,Carpet Area,Delhi,Semi-Furnished,Bachelors/Family,2,Contact Agent
3,75000,1900,Super Area,Delhi,Furnished,Bachelors/Family,3,Contact Owner
3,36000,892,Carpet Area,Delhi,Unfurnished,Bachelors/Family,2,Contact Owner
1,13000,400,Carpet Area,Delhi,Semi-Furnished,Bachelors,1,Contact Agent
3,45000,100,Carpet Area,Delhi,Unfurnished,Bachelors,2,Contact Owner
2,2000,60,Super Area,Delhi,Unfurnished,Bachelors/Family,1,Contact Owner
2,28000,80,Super Area,Delhi,Semi-Furnished,Bachelors/Family,2,Contact Owner
2,9000,450,Carpet Area,Delhi,Semi-Furnished,Bachelors/Family,1,Contact Agent
1,12000,520,Carpet Area,Delhi,Semi-Furnished,Bachelors/Family,1,Contact Owner
1,13000,350,Super Area,Delhi,Furnished,Bachelors/Family,1,Contact Owner
2,11000,600,Carpet Area,Delhi,Semi-Furnished,Bachelors,2,Contact Owner
3,35000,950,Carpet Area,Delhi,Furnished,Bachelors,2,Contact Agent
2,10000,450,Carpet Area,Delhi,Semi-Furnished,Bachelors/Family,1,Contact Agent
1,20000,450,Carpet Area,Delhi,Semi-Furnished,Bachelors,1,Contact Agent
2,25000,850,Carpet Area,Delhi,Semi-Furnished,Bachelors,2,Contact Agent
1,8000,200,Carpet Area,Delhi,Unfurnished,Bachelors,1,Contact Agent
4,150000,3000,Carpet Area,Delhi,Semi-Furnished,Bachelors/Family,4,Contact Agent
3,36000,1500,Carpet Area,Delhi,Semi-Furnished,Bachelors/Family,3,Contact Owner
2,12000,700,Super Area,Delhi,Unfurnished,Bachelors/Family,2,Contact Owner
1,8500,530,Super Area,Delhi,Unfurnished,Bachelors/Family,1,Contact Owner
3,17000,800,Carpet Area,Delhi,Unfurnished,Bachelors,2,Contact Agent
1,7500,45,Super Area,Delhi,Semi-Furnished,Bachelors/Family,1,Contact Owner
1,16000,900,Super Area,Delhi,Furnished,Bachelors/Family,1,Contact Owner
1,9000,450,Super Area,Delhi,Unfurnished,Bachelors/Family,1,Contact Owner
2,8000,650,Super Area,Delhi,Unfurnished,Bachelors/Family,1,Contact Owner
2,45000,900,Super Area,Delhi,Furnished,Bachelors/Family,2,Contact Owner
2,27000,900,Carpet Area,Delhi,Furnished,Bachelors/Family,2,Contact Owner
2,14000,120,Super Area,Delhi,Semi-Furnished,Bachelors/Family,2,Contact Owner
2,14000,600,Carpet Area,Delhi,Unfurnished,Bachelors,2,Contact Agent
2,14000,615,Carpet Area,Delhi,Unfurnished,Bachelors/Family,2,Contact Owner
1,7500,225,Carpet Area,Delhi,Semi-Furnished,Bachelors/Family,1,Contact Owner
1,10000,800,Carpet Area,Delhi,Unfurnished,Bachelors,1,Contact Owner
1,7000,400,Carpet Area,Delhi,Semi-Furnished,Bachelors,1,Contact Owner
1,25000,800,Super Area,Delhi,Furnished,Bachelors/Family,2,Contact Owner
2,9000,60,Super Area,Delhi,Semi-Furnished,Bachelors/Family,1,Contact Owner
3,22000,1000,Super Area,Delhi,Unfurnished,Bachelors/Family,2,Contact Owner
3,10000,75,Super Area,Delhi,Unfurnished,Bachelors/Family,1,Contact Owner
3,11000,800,Super Area,Delhi,Unfurnished,Bachelors/Family,2,Contact Owner
1,12500,200,Super Area,Delhi,Furnished,Bachelors/Family,1,Contact Owner
3,15000,800,Carpet Area,Delhi,Unfurnished,Bachelors,2,Contact Agent
2,35000,80,Super Area,Delhi,Unfurnished,Bachelors/Family,2,Contact Owner
2,35000,900,Super Area,Delhi,Unfurnished,Family,2,Contact Owner
2,52000,1125,Super Area,Delhi,Furnished,Bachelors/Family,2,Contact Owner
3,15000,900,Super Area,Delhi,Unfurnished,Bachelors/Family,2,Contact Owner
2,32000,1100,Carpet Area,Delhi,Unfurnished,Bachelors,2,Contact Agent
1,11500,400,Carpet Area,Delhi,Unfurnished,Bachelors/Family,1,Contact Agent
3,45000,713,Carpet Area,Delhi,Furnished,Bachelors/Family,3,Contact Owner
2,16000,700,Carpet Area,Delhi,Unfurnished,Bachelors,1,Contact Agent
2,20000,1000,Carpet Area,Delhi,Semi-Furnished,Bachelors/Family,2,Contact Owner
1,7000,54,Super Area,Delhi,Semi-Furnished,Bachelors/Family,1,Contact Owner
3,85000,200,Carpet Area,Delhi,Unfurnished,Bachelors,3,Contact Agent
1,15000,200,Super Area,Delhi,Furnished,Bachelors/Family,1,Contact Owner
2,22000,800,Super Area,Delhi,Furnished,Bachelors/Family,2,Contact Owner
2,32000,1000,Super Area,Delhi,Unfurnished,Bachelors/Family,2,Contact Owner
2,20000,500,Carpet Area,Delhi,Semi-Furnished,Bachelors,2,Contact Owner
1,35000,300,Super Area,Delhi,Semi-Furnished,Bachelors/Family,1,Contact Owner
2,35000,900,Carpet Area,Delhi,Unfurnished,Bachelors/Family,2,Contact Agent
3,65000,240,Carpet Area,Delhi,Unfurnished,Bachelors/Family,3,Contact Agent
2,15000,650,Carpet Area,Delhi,Semi-Furnished,Bachelors/Family,2,Contact Owner
3,12000,950,Carpet Area,Delhi,Semi-Furnished,Bachelors,2,Contact Owner
1,8000,500,Super Area,Delhi,Semi-Furnished,Bachelors/Family,1,Contact Owner
1,11000,500,Super Area,Delhi,Semi-Furnished,Bachelors/Family,1,Contact Owner
2,12000,450,Super Area,Delhi,Semi-Furnished,Bachelors/Family,2,Contact Owner
4,140000,2800,Carpet Area,Delhi,Semi-Furnished,Bachelors/Family,4,Contact Agent
2,24000,150,Super Area,Delhi,Semi-Furnished,Bachelors/Family,1,Contact Owner
1,20000,400,Carpet Area,Delhi,Furnished,Bachelors/Family,1,Contact Agent
3,16000,100,Super Area,Delhi,Furnished,Bachelors/Family,2,Contact Owner
1,15000,400,Carpet Area,Delhi,Semi-Furnished,Bachelors/Family,1,Contact Agent
2,28500,900,Carpet Area,Delhi,Semi-Furnished,Bachelors/Family,2,Contact Agent
3,30000,1350,Super Area,Delhi,Semi-Furnished,Family,3,Contact Owner
1,16000,500,Super Area,Delhi,Semi-Furnished,Bachelors/Family,1,Contact Owner
3,80000,1700,Carpet Area,Delhi,Furnished,Bachelors,3,Contact Agent
1,11000,400,Carpet Area,Delhi,Unfurnished,Bachelors/Family,1,Contact Agent
2,21000,110,Super Area,Delhi,Semi-Furnished,Bachelors/Family,1,Contact Owner
3,10500,1200,Super Area,Delhi,Semi-Furnished,Bachelors/Family,2,Contact Owner
2,15000,50,Carpet Area,Delhi,Semi-Furnished,Bachelors/Family,2,Contact Owner
3,16000,100,Super Area,Delhi,Semi-Furnished,Bachelors/Family,2,Contact Agent
2,45000,1000,Super Area,Delhi,Furnished,Bachelors/Family,2,Contact Owner
1,6000,63,Super Area,Delhi,Furnished,Bachelors/Family,1,Contact Owner
3,40000,1800,Super Area,Delhi,Semi-Furnished,Bachelors/Family,2,Contact Owner
2,36000,1440,Carpet Area,Delhi,Semi-Furnished,Bachelors,2,Contact Agent
2,12000,55,Super Area,Delhi,Unfurnished,Bachelors/Family,2,Contact Owner
3,45000,1500,Carpet Area,Delhi,Unfurnished,Bachelors,3,Contact Owner
2,20000,400,Super Area,Delhi,Unfurnished,Bachelors/Family,1,Contact Owner
3,10000,100,Carpet Area,Delhi,Furnished,Bachelors/Family,2,Contact Owner
2,5000,500,Super Area,Delhi,Unfurnished,Bachelors/Family,1,Contact Owner
2,8000,100,Super Area,Delhi,Unfurnished,Bachelors/Family,2,Contact Owner
2,13000,455,Super Area,Delhi,Unfurnished,Bachelors/Family,1,Contact Owner
2,15000,80,Carpet Area,Delhi,Semi-Furnished,Bachelors/Family,1,Contact Owner
2,7500,450,Super Area,Delhi,Unfurnished,Bachelors/Family,1,Contact Owner
1,6000,400,Super Area,Delhi,Unfurnished,Bachelors/Family,1,Contact Owner
4,100000,300,Super Area,Delhi,Unfurnished,Bachelors/Family,4,Contact Owner
2,12000,700,Super Area,Delhi,Semi-Furnished,Bachelors/Family,2,Contact Owner
2,10000,600,Super Area,Delhi,Semi-Furnished,Bachelors/Family,2,Contact Owner
2,10000,800,Super Area,Delhi,Semi-Furnished,Bachelors/Family,2,Contact Owner
2,12000,950,Super Area,Delhi,Unfurnished,Bachelors/Family,2,Contact Owner
2,15000,450,Super Area,Delhi,Semi-Furnished,Bachelors/Family,1,Contact Owner
1,10000,450,Carpet Area,Delhi,Unfurnished,Bachelors/Family,1,Contact Owner
2,12000,68,Super Area,Delhi,Unfurnished,Bachelors/Family,1,Contact Owner
2,14500,850,Carpet Area,Delhi,Unfurnished,Bachelors/Family,2,Contact Agent
2,18500,1000,Super Area,Delhi,Semi-Furnished,Bachelors/Family,2,Contact Owner
1,24000,600,Carpet Area,Delhi,Furnished,Bachelors,1,Contact Agent
2,11000,65,Super Area,Delhi,Unfurnished,Bachelors/Family,1,Contact Owner
3,52000,1700,Carpet Area,Delhi,Semi-Furnished,Bachelors,3,Contact Agent
3,70000,1800,Carpet Area,Delhi,Semi-Furnished,Bachelors/Family,3,Contact Agent
2,12000,1000,Super Area,Delhi,Semi-Furnished,Bachelors/Family,1,Contact Owner
2,22000,900,Carpet Area,Delhi,Semi-Furnished,Bachelors,2,Contact Agent
4,200000,2300,Super Area,Delhi,Semi-Furnished,Bachelors/Family,4,Contact Owner
2,20000,75,Super Area,Delhi,Unfurnished,Bachelors/Family,2,Contact Owner
3,45000,200,Carpet Area,Delhi,Semi-Furnished,Bachelors,3,Contact Agent
1,8000,200,Carpet Area,Delhi,Unfurnished,Bachelors,1,Contact Agent
1,8000,200,Carpet Area,Delhi,Unfurnished,Bachelors,1,Contact Agent
2,9500,450,Carpet Area,Delhi,Semi-Furnished,Bachelors/Family,1,Contact Agent
2,25000,750,Carpet Area,Delhi,Furnished,Bachelors,2,Contact Agent
2,12000,400,Carpet Area,Delhi,Unfurnished,Bachelors,1,Contact Agent
2,24000,84,Carpet Area,Delhi,Semi-Furnished,Bachelors,2,Contact Agent
2,27000,90,Super Area,Delhi,Unfurnished,Bachelors/Family,2,Contact Owner
2,18000,90,Super Area,Delhi,Semi-Furnished,Bachelors/Family,2,Contact Owner
2,17000,500,Super Area,Delhi,Semi-Furnished,Bachelors/Family,2,Contact Owner
2,15000,75,Super Area,Delhi,Unfurnished,Bachelors/Family,2,Contact Owner
1,13000,512,Carpet Area,Delhi,Furnished,Bachelors/Family,1,Contact Agent
3,70000,1500,Carpet Area,Delhi,Semi-Furnished,Bachelors,3,Contact Agent
1,14000,446,Super Area,Delhi,Unfurnished,Bachelors/Family,1,Contact Owner
3,32000,1100,Super Area,Delhi,Semi-Furnished,Bachelors/Family,2,Contact Owner
1,4000,125,Super Area,Delhi,Unfurnished,Bachelors/Family,1,Contact Owner
3,100000,1800,Super Area,Delhi,Furnished,Bachelors/Family,3,Contact Owner
3,20000,1300,Super Area,Delhi,Unfurnished,Bachelors/Family,2,Contact Agent
3,30000,2000,Super Area,Delhi,Semi-Furnished,Family,2,Contact Owner
2,150000,1200,Carpet Area,Delhi,Furnished,Bachelors,2,Contact Owner
3,19500,125,Super Area,Delhi,Unfurnished,Bachelors,2,Contact Owner
2,18000,730,Carpet Area,Delhi,Unfurnished,Bachelors/Family,2,Contact Agent
2,25000,160,Carpet Area,Delhi,Semi-Furnished,Bachelors/Family,2,Contact Owner
2,18000,1000,Super Area,Delhi,Unfurnished,Bachelors/Family,2,Contact Owner
1,10000,450,Super Area,Delhi,Furnished,Bachelors/Family,1,Contact Owner
2,12000,75,Super Area,Delhi,Furnished,Bachelors/Family,2,Contact Owner
3,25000,2000,Super Area,Delhi,Semi-Furnished,Bachelors,3,Contact Agent
4,40000,2400,Super Area,Delhi,Unfurnished,Bachelors,3,Contact Agent
2,30000,1800,Super Area,Delhi,Semi-Furnished,Bachelors,2,Contact Agent
3,29000,1800,Super Area,Delhi,Unfurnished,Family,3,Contact Agent
3,35000,2200,Super Area,Delhi,Unfurnished,Bachelors/Family,3,Contact Agent
3,21000,2200,Carpet Area,Delhi,Semi-Furnished,Bachelors/Family,2,Contact Agent
3,31000,900,Carpet Area,Delhi,Semi-Furnished,Bachelors/Family,2,Contact Agent
2,8000,75,Super Area,Delhi,Unfurnished,Bachelors/Family,1,Contact Owner
2,15500,75,Super Area,Delhi,Semi-Furnished,Bachelors/Family,2,Contact Owner
3,32000,1800,Carpet Area,Delhi,Semi-Furnished,Bachelors/Family,3,Contact Agent
3,30000,160,Carpet Area,Delhi,Semi-Furnished,Bachelors/Family,3,Contact Agent
4,42000,2700,Carpet Area,Delhi,Semi-Furnished,Bachelors,4,Contact Agent
3,20500,1050,Carpet Area,Delhi,Furnished,Bachelors/Family,2,Contact Agent
3,60000,1800,Super Area,Delhi,Furnished,Bachelors/Family,3,Contact Owner
2,95000,2700,Super Area,Delhi,Furnished,Bachelors/Family,2,Contact Agent
1,16000,499,Carpet Area,Delhi,Semi-Furnished,Family,1,Contact Owner
1,8500,450,Carpet Area,Delhi,Unfurnished,Bachelors,1,Contact Agent
1,14000,60,Super Area,Delhi,Unfurnished,Bachelors/Family,1,Contact Owner
3,140000,2200,Super Area,Delhi,Unfurnished,Bachelors/Family,3,Contact Agent
2,8000,130,Super Area,Delhi,Unfurnished,Bachelors/Family,1,Contact Owner
3,12500,650,Super Area,Delhi,Semi-Furnished,Bachelors/Family,1,Contact Owner
2,14000,100,Super Area,Delhi,Unfurnished,Bachelors/Family,1,Contact Owner
2,6000,45,Super Area,Delhi,Unfurnished,Bachelors/Family,1,Contact Owner
2,10000,600,Super Area,Delhi,Unfurnished,Bachelors/Family,2,Contact Owner
3,15000,800,Super Area,Delhi,Unfurnished,Bachelors/Family,1,Contact Owner
3,8000,1500,Carpet Area,Delhi,Unfurnished,Bachelors/Family,3,Contact Owner
1,10000,30,Super Area,Delhi,Furnished,Bachelors/Family,1,Contact Owner
1,8500,55,Super Area,Delhi,Unfurnished,Bachelors/Family,1,Contact Owner
2,25000,900,Carpet Area,Delhi,Semi-Furnished,Bachelors/Family,2,Contact Owner
2,13000,1000,Carpet Area,Delhi,Unfurnished,Bachelors/Family,1,Contact Owner
1,6000,360,Super Area,Delhi,Semi-Furnished,Bachelors/Family,1,Contact Owner
1,7000,450,Super Area,Delhi,Furnished,Bachelors/Family,1,Contact Owner
2,22000,900,Super Area,Delhi,Semi-Furnished,Bachelors/Family,2,Contact Owner
2,40000,1100,Super Area,Delhi,Furnished,Bachelors/Family,2,Contact Owner
2,22000,700,Super Area,Delhi,Furnished,Bachelors/Family,2,Contact Owner
1,4500,400,Super Area,Delhi,Unfurnished,Bachelors/Family,1,Contact Owner
3,15000,950,Super Area,Delhi,Unfurnished,Bachelors/Family,2,Contact Owner
3,130000,3000,Super Area,Delhi,Semi-Furnished,Bachelors/Family,4,Contact Agent
2,23000,950,Carpet Area,Delhi,Unfurnished,Bachelors/Family,2,Contact Agent
3,45000,1100,Super Area,Delhi,Semi-Furnished,Bachelors/Family,3,Contact Agent
1,15000,497,Carpet Area,Delhi,Unfurnished,Bachelors/Family,1,Contact Agent
3,13000,100,Super Area,Delhi,Semi-Furnished,Bachelors/Family,2,Contact Owner
2,10000,70,Super Area,Delhi,Semi-Furnished,Bachelors/Family,2,Contact Owner
2,10000,55,Super Area,Delhi,Unfurnished,Bachelors/Family,2,Contact Owner
1,6500,300,Super Area,Delhi,Unfurnished,Bachelors/Family,1,Contact Owner
1,7000,400,Carpet Area,Delhi,Unfurnished,Bachelors,1,Contact Owner
2,7000,500,Super Area,Delhi,Semi-Furnished,Bachelors/Family,2,Contact Owner
4,17401,650,Super Area,Delhi,Furnished,Bachelors/Family,2,Contact Owner
1,5500,630,Super Area,Delhi,Furnished,Bachelors/Family,1,Contact Owner
1,20000,450,Super Area,Delhi,Unfurnished,Family,1,Contact Owner
2,7000,500,Super Area,Delhi,Semi-Furnished,Bachelors/Family,1,Contact Owner
5,190000,200,Carpet Area,Delhi,Unfurnished,Bachelors,5,Contact Agent
2,13000,95,Super Area,Delhi,Semi-Furnished,Bachelors/Family,1,Contact Owner
4,60000,272,Carpet Area,Delhi,Furnished,Bachelors,3,Contact Agent
2,17000,800,Carpet Area,Delhi,Unfurnished,Bachelors/Family,2,Contact Agent
2,16000,50,Super Area,Delhi,Unfurnished,Bachelors/Family,2,Contact Owner
1,9500,400,Super Area,Delhi,Furnished,Bachelors/Family,1,Contact Owner
1,5000,450,Super Area,Delhi,Unfurnished,Bachelors/Family,1,Contact Owner
3,27000,1800,Carpet Area,Delhi,Semi-Furnished,Bachelors/Family,3,Contact Agent
3,29000,1800,Carpet Area,Delhi,Semi-Furnished,Bachelors/Family,3,Contact Agent
3,29000,2000,Carpet Area,Delhi,Semi-Furnished,Bachelors/Family,3,Contact Agent
4,37000,2700,Carpet Area,Delhi,Semi-Furnished,Bachelors/Family,4,Contact Agent
4,36000,2700,Carpet Area,Delhi,Semi-Furnished,Bachelors/Family,3,Contact Agent
3,35000,1800,Carpet Area,Delhi,Semi-Furnished,Bachelors,3,Contact Agent
4,42000,2700,Carpet Area,Delhi,Semi-Furnished,Bachelors,4,Contact Agent
3,37000,1800,Carpet Area,Delhi,Semi-Furnished,Bachelors/Family,3,Contact Agent
3,30000,1800,Carpet Area,Delhi,Semi-Furnished,Bachelors/Family,3,Contact Agent
3,20000,1200,Super Area,Delhi,Semi-Furnished,Bachelors/Family,2,Contact Owner
1,8500,600,Carpet Area,Delhi,Semi-Furnished,Bachelors,1,Contact Owner
1,11000,350,Super Area,Delhi,Furnished,Bachelors/Family,1,Contact Owner
2,14000,100,Super Area,Delhi,Semi-Furnished,Bachelors/Family,2,Contact Owner
3,55000,1800,Carpet Area,Delhi,Unfurnished,Bachelors/Family,3,Contact Agent
2,25000,900,Carpet Area,Delhi,Semi-Furnished,Bachelors,2,Contact Agent
3,20500,1150,Carpet Area,Delhi,Unfurnished,Bachelors/Family,2,Contact Agent
4,28000,1400,Carpet Area,Delhi,Semi-Furnished,Bachelors/Family,2,Contact Agent
1,5000,500,Super Area,Delhi,Semi-Furnished,Bachelors/Family,1,Contact Owner
4,35000,300,Carpet Area,Delhi,Semi-Furnished,Bachelors/Family,3,Contact Agent
3,30000,1800,Carpet Area,Delhi,Semi-Furnished,Bachelors/Family,3,Contact Agent
1,10000,500,Carpet Area,Delhi,Unfurnished,Bachelors/Family,1,Contact Agent
1,11000,500,Super Area,Delhi,Unfurnished,Bachelors/Family,1,Contact Owner
2,17000,80,Super Area,Delhi,Semi-Furnished,Bachelors/Family,2,Contact Owner
2,35000,1000,Super Area,Delhi,Semi-Furnished,Bachelors,2,Contact Agent
3,30000,1600,Super Area,Delhi,Unfurnished,Bachelors/Family,2,Contact Owner
4,30000,1800,Super Area,Delhi,Semi-Furnished,Bachelors/Family,4,Contact Owner
2,13000,400,Carpet Area,Delhi,Semi-Furnished,Bachelors/Family,2,Contact Agent
2,13000,900,Super Area,Delhi,Semi-Furnished,Bachelors/Family,2,Contact Owner
1,11000,480,Carpet Area,Delhi,Unfurnished,Bachelors/Family,1,Contact Agent
1,13000,180,Carpet Area,Delhi,Unfurnished,Bachelors,1,Contact Owner
2,33000,1000,Carpet Area,Delhi,Unfurnished,Bachelors,2,Contact Agent
3,25000,1120,Super Area,Delhi,Unfurnished,Bachelors/Family,2,Contact Owner
3,70000,1800,Carpet Area,Delhi,Semi-Furnished,Bachelors,3,Contact Agent
3,30000,1200,Carpet Area,Delhi,Semi-Furnished,Bachelors/Family,2,Contact Owner
1,9000,550,Super Area,Delhi,Semi-Furnished,Bachelors/Family,1,Contact Agent
2,14500,1400,Super Area,Delhi,Unfurnished,Bachelors,1,Contact Owner
3,50000,1600,Carpet Area,Delhi,Semi-Furnished,Bachelors,2,Contact Agent
1,20000,650,Carpet Area,Delhi,Semi-Furnished,Bachelors/Family,1,Contact Agent
4,15000,120,Super Area,Delhi,Furnished,Bachelors/Family,4,Contact Owner
2,7500,450,Carpet Area,Delhi,Unfurnished,Bachelors/Family,1,Contact Owner
1,13500,520,Super Area,Delhi,Furnished,Bachelors/Family,1,Contact Owner
1,14000,850,Super Area,Delhi,Semi-Furnished,Bachelors,1,Contact Owner
2,18000,850,Carpet Area,Delhi,Semi-Furnished,Bachelors,2,Contact Agent
2,14000,585,Carpet Area,Delhi,Semi-Furnished,Bachelors/Family,1,Contact Owner
3,65000,1600,Carpet Area,Delhi,Furnished,Bachelors/Family,2,Contact Agent
2,22000,950,Super Area,Delhi,Unfurnished,Bachelors/Family,2,Contact Owner
1,4000,120,Super Area,Delhi,Unfurnished,Bachelors/Family,1,Contact Owner
2,10000,500,Super Area,Delhi,Semi-Furnished,Bachelors/Family,1,Contact Owner
1,7500,200,Carpet Area,Delhi,Unfurnished,Bachelors,1,Contact Agent
1,17000,550,Super Area,Delhi,Semi-Furnished,Bachelors/Family,1,Contact Owner
1,18000,650,Carpet Area,Delhi,Semi-Furnished,Bachelors/Family,1,Contact Agent
4,70000,2800,Carpet Area,Delhi,Unfurnished,Bachelors,4,Contact Agent
1,10000,50,Super Area,Delhi,Furnished,Bachelors/Family,1,Contact Owner
2,15000,550,Carpet Area,Delhi,Unfurnished,Bachelors/Family,1,Contact Owner
2,16500,90,Super Area,Delhi,Semi-Furnished,Bachelors/Family,2,Contact Owner
3,100000,2925,Super Area,Delhi,Semi-Furnished,Bachelors/Family,3,Contact Agent
1,7500,150,Carpet Area,Delhi,Furnished,Bachelors/Family,1,Contact Owner
2,6000,450,Super Area,Delhi,Unfurnished,Bachelors/Family,1,Contact Owner
2,18000,750,Carpet Area,Delhi,Unfurnished,Bachelors,2,Contact Owner
2,18000,975,Super Area,Delhi,Semi-Furnished,Bachelors/Family,1,Contact Owner
3,8000,106,Super Area,Delhi,Semi-Furnished,Bachelors/Family,1,Contact Owner
2,14000,750,Super Area,Delhi,Furnished,Bachelors/Family,2,Contact Owner
2,11000,80,Super Area,Delhi,Semi-Furnished,Bachelors/Family,2,Contact Owner
3,25000,96,Super Area,Delhi,Unfurnished,Bachelors/Family,2,Contact Owner
1,9000,500,Super Area,Delhi,Unfurnished,Bachelors/Family,1,Contact Owner
3,47000,1550,Carpet Area,Delhi,Semi-Furnished,Bachelors/Family,2,Contact Agent
2,20000,1000,Super Area,Delhi,Semi-Furnished,Bachelors/Family,2,Contact Owner
1,6000,400,Super Area,Delhi,Unfurnished,Bachelors/Family,1,Contact Owner
1,5000,450,Super Area,Delhi,Unfurnished,Bachelors/Family,1,Contact Owner
2,20000,1000,Super Area,Delhi,Semi-Furnished,Family,1,Contact Owner
1,10000,450,Super Area,Delhi,Unfurnished,Bachelors/Family,1,Contact Owner
3,15000,100,Super Area,Delhi,Semi-Furnished,Bachelors/Family,2,Contact Owner
2,13500,550,Carpet Area,Delhi,Semi-Furnished,Bachelors/Family,2,Contact Agent
1,5500,400,Super Area,Delhi,Semi-Furnished,Bachelors/Family,1,Contact Owner
1,14000,60,Super Area,Delhi,Furnished,Bachelors/Family,1,Contact Owner
4,18000,900,Super Area,Delhi,Unfurnished,Bachelors/Family,2,Contact Owner
1,20000,700,Super Area,Delhi,Semi-Furnished,Bachelors/Family,1,Contact Owner
2,9300,500,Super Area,Delhi,Unfurnished,Bachelors/Family,1,Contact Owner
3,80000,2000,Carpet Area,Delhi,Furnished,Bachelors,3,Contact Agent
2,7500,400,Carpet Area,Delhi,Semi-Furnished,Bachelors,1,Contact Owner
3,30000,1500,Carpet Area,Delhi,Unfurnished,Bachelors,2,Contact Agent
2,13000,70,Super Area,Delhi,Unfurnished,Bachelors/Family,1,Contact Owner
2,8500,60,Super Area,Delhi,Unfurnished,Bachelors/Family,2,Contact Owner
3,44300,200,Carpet Area,Delhi,Semi-Furnished,Bachelors,3,Contact Agent
2,45000,1650,Carpet Area,Delhi,Furnished,Bachelors,2,Contact Agent
2,30000,1150,Carpet Area,Delhi,Unfurnished,Bachelors,2,Contact Agent
2,40000,1800,Carpet Area,Delhi,Furnished,Bachelors,2,Contact Agent
4,530000,4000,Carpet Area,Delhi,Semi-Furnished,Bachelors/Family,5,Contact Agent
2,12000,900,Super Area,Delhi,Unfurnished,Bachelors/Family,1,Contact Owner
2,13500,700,Super Area,Delhi,Unfurnished,Bachelors/Family,1,Contact Owner
2,30000,900,Super Area,Delhi,Unfurnished,Bachelors/Family,2,Contact Owner
1,9500,400,Super Area,Delhi,Semi-Furnished,Bachelors/Family,1,Contact Owner
4,200000,2700,Carpet Area,Delhi,Unfurnished,Bachelors,4,Contact Agent
3,30000,2000,Super Area,Delhi,Unfurnished,Bachelors/Family,3,Contact Owner
2,9000,450,Super Area,Delhi,Unfurnished,Bachelors/Family,1,Contact Owner
2,13000,400,Carpet Area,Delhi,Unfurnished,Bachelors,1,Contact Agent
2,7000,500,Super Area,Delhi,Semi-Furnished,Bachelors/Family,1,Contact Owner
1,18000,450,Carpet Area,Delhi,Furnished,Bachelors/Family,1,Contact Agent
1,3500,350,Super Area,Delhi,Unfurnished,Bachelors/Family,1,Contact Owner
4,65000,272,Carpet Area,Delhi,Unfurnished,Bachelors/Family,4,Contact Agent
1,19000,545,Super Area,Delhi,Furnished,Bachelors/Family,1,Contact Owner
2,23000,84,Super Area,Delhi,Semi-Furnished,Bachelors/Family,2,Contact Owner
1,12000,600,Super Area,Delhi,Furnished,Bachelors/Family,1,Contact Owner
2,15000,75,Super Area,Delhi,Unfurnished,Bachelors/Family,2,Contact Owner
3,38000,165,Carpet Area,Delhi,Semi-Furnished,Bachelors,2,Contact Owner
3,50000,1100,Carpet Area,Delhi,Unfurnished,Bachelors,3,Contact Agent
1,6500,500,Super Area,Delhi,Unfurnished,Bachelors/Family,1,Contact Owner
3,35000,150,Carpet Area,Delhi,Semi-Furnished,Bachelors,3,Contact Agent
2,15000,70,Super Area,Delhi,Semi-Furnished,Bachelors/Family,2,Contact Owner
3,30000,250,Super Area,Delhi,Semi-Furnished,Bachelors/Family,2,Contact Owner
2,10000,70,Super Area,Delhi,Unfurnished,Bachelors/Family,2,Contact Owner
1,18000,300,Carpet Area,Delhi,Semi-Furnished,Bachelors,1,Contact Agent
3,30000,1800,Carpet Area,Delhi,Semi-Furnished,Bachelors,3,Contact Agent
1,16000,400,Carpet Area,Delhi,Semi-Furnished,Bachelors/Family,1,Contact Agent
3,22000,1250,Super Area,Delhi,Semi-Furnished,Bachelors/Family,2,Contact Owner
2,9000,480,Super Area,Delhi,Semi-Furnished,Bachelors/Family,1,Contact Owner
2,20200,84,Carpet Area,Delhi,Semi-Furnished,Bachelors,2,Contact Agent
2,19500,84,Carpet Area,Delhi,Semi-Furnished,Bachelors,2,Contact Agent
2,21000,600,Carpet Area,Delhi,Semi-Furnished,Bachelors,2,Contact Agent
2,20000,600,Carpet Area,Delhi,Semi-Furnished,Bachelors,2,Contact Agent
2,13000,720,Super Area,Delhi,Semi-Furnished,Bachelors/Family,2,Contact Owner
2,6500,75,Carpet Area,Delhi,Unfurnished,Bachelors/Family,1,Contact Owner
3,25000,1000,Super Area,Delhi,Unfurnished,Bachelors/Family,2,Contact Owner
2,20000,900,Carpet Area,Delhi,Semi-Furnished,Bachelors,2,Contact Agent
2,33000,2200,Carpet Area,Delhi,Semi-Furnished,Family,2,Contact Owner
3,18000,900,Carpet Area,Delhi,Semi-Furnished,Bachelors/Family,1,Contact Owner
1,13000,550,Carpet Area,Delhi,Semi-Furnished,Bachelors/Family,1,Contact Owner
2,10000,450,Super Area,Delhi,Furnished,Bachelors/Family,1,Contact Owner
2,10000,470,Super Area,Delhi,Furnished,Bachelors/Family,2,Contact Owner
3,23000,125,Super Area,Delhi,Semi-Furnished,Bachelors/Family,2,Contact Owner
1,20000,400,Carpet Area,Delhi,Furnished,Bachelors/Family,1,Contact Agent
4,150000,2600,Carpet Area,Delhi,Semi-Furnished,Bachelors/Family,4,Contact Owner
3,25000,1500,Carpet Area,Delhi,Semi-Furnished,Bachelors/Family,3,Contact Agent
2,21000,80,Super Area,Delhi,Semi-Furnished,Bachelors/Family,1,Contact Owner
3,30000,1100,Carpet Area,Delhi,Semi-Furnished,Bachelors/Family,2,Contact Owner
2,22000,1000,Super Area,Delhi,Semi-Furnished,Bachelors/Family,2,Contact Owner
2,14000,800,Super Area,Delhi,Unfurnished,Bachelors/Family,2,Contact Owner
2,7000,50,Super Area,Delhi,Furnished,Bachelors/Family,1,Contact Owner
2,18500,1000,Super Area,Delhi,Semi-Furnished,Bachelors/Family,2,Contact Owner
1,8500,550,Carpet Area,Delhi,Unfurnished,Bachelors,1,Contact Agent
1,8000,450,Carpet Area,Delhi,Unfurnished,Bachelors,1,Contact Agent
2,10000,670,Super Area,Delhi,Furnished,Bachelors/Family,2,Contact Owner
2,15000,700,Super Area,Delhi,Semi-Furnished,Bachelors/Family,1,Contact Owner
3,37000,125,Super Area,Delhi,Semi-Furnished,Bachelors,2,Contact Owner
3,90000,1872,Super Area,Delhi,Semi-Furnished,Bachelors/Family,3,Contact Agent
2,12000,650,Carpet Area,Delhi,Unfurnished,Bachelors/Family,1,Contact Agent
2,13000,550,Carpet Area,Delhi,Unfurnished,Bachelors,2,Contact Agent
2,22000,84,Carpet Area,Delhi,Semi-Furnished,Bachelors,2,Contact Agent
1,4000,90,Super Area,Delhi,Unfurnished,Bachelors/Family,2,Contact Owner
2,12000,1000,Super Area,Delhi,Unfurnished,Bachelors/Family,2,Contact Owner
1,9000,65,Super Area,Delhi,Unfurnished,Bachelors/Family,1,Contact Owner
2,14000,75,Super Area,Delhi,Unfurnished,Bachelors/Family,1,Contact Owner
1,15000,250,Carpet Area,Delhi,Furnished,Bachelors,1,Contact Agent
2,12500,900,Super Area,Delhi,Unfurnished,Bachelors,2,Contact Owner
3,30000,900,Carpet Area,Delhi,Semi-Furnished,Bachelors,3,Contact Agent
2,9500,650,Super Area,Delhi,Unfurnished,Bachelors/Family,2,Contact Owner
2,15000,900,Super Area,Delhi,Semi-Furnished,Bachelors/Family,2,Contact Owner
1,12000,800,Super Area,Delhi,Semi-Furnished,Bachelors/Family,1,Contact Owner
1,8000,410,Carpet Area,Delhi,Unfurnished,Bachelors,1,Contact Owner
3,70000,1500,Super Area,Delhi,Furnished,Bachelors/Family,3,Contact Owner
4,250000,2800,Carpet Area,Delhi,Unfurnished,Bachelors/Family,4,Contact Owner
3,31500,1800,Carpet Area,Delhi,Semi-Furnished,Bachelors,2,Contact Agent
2,30000,1400,Carpet Area,Delhi,Semi-Furnished,Bachelors,2,Contact Agent
3,60000,1600,Super Area,Delhi,Semi-Furnished,Bachelors/Family,3,Contact Owner
3,35000,1200,Carpet Area,Delhi,Semi-Furnished,Bachelors,2,Contact Agent
3,55000,1150,Carpet Area,Delhi,Unfurnished,Bachelors/Family,3,Contact Agent
2,20000,110,Super Area,Delhi,Semi-Furnished,Bachelors/Family,1,Contact Owner
1,6500,300,Super Area,Delhi,Furnished,Bachelors/Family,1,Contact Owner
2,17000,750,Carpet Area,Delhi,Semi-Furnished,Bachelors/Family,2,Contact Agent
1,9300,450,Carpet Area,Delhi,Semi-Furnished,Bachelors,1,Contact Agent
2,7500,410,Super Area,Delhi,Unfurnished,Bachelors/Family,1,Contact Owner
2,20000,800,Super Area,Delhi,Furnished,Bachelors/Family,1,Contact Owner
3,18000,120,Super Area,Delhi,Furnished,Bachelors/Family,3,Contact Owner
1,15000,650,Carpet Area,Delhi,Furnished,Bachelors,1,Contact Agent
2,13000,400,Carpet Area,Delhi,Unfurnished,Bachelors,1,Contact Agent
2,20000,810,Super Area,Delhi,Semi-Furnished,Bachelors/Family,2,Contact Owner
3,12000,700,Super Area,Delhi,Furnished,Bachelors/Family,2,Contact Owner
2,40000,1125,Super Area,Delhi,Furnished,Bachelors/Family,2,Contact Owner
2,8000,600,Super Area,Delhi,Unfurnished,Bachelors/Family,2,Contact Owner
3,95000,1300,Carpet Area,Delhi,Furnished,Bachelors,3,Contact Agent
3,68000,1450,Carpet Area,Delhi,Semi-Furnished,Bachelors/Family,3,Contact Agent
3,18000,110,Super Area,Delhi,Unfurnished,Bachelors/Family,2,Contact Owner
4,130000,3500,Carpet Area,Delhi,Semi-Furnished,Bachelors,6,Contact Agent
4,150000,4000,Carpet Area,Delhi,Semi-Furnished,Bachelors,7,Contact Agent
3,75000,2500,Carpet Area,Delhi,Semi-Furnished,Bachelors,4,Contact Agent
4,110000,3000,Carpet Area,Delhi,Semi-Furnished,Bachelors,5,Contact Agent
4,150000,3500,Carpet Area,Delhi,Semi-Furnished,Bachelors,6,Contact Agent
1,10000,240,Super Area,Delhi,Semi-Furnished,Bachelors,1,Contact Owner
3,24000,1250,Carpet Area,Delhi,Unfurnished,Bachelors,2,Contact Agent
3,28000,1000,Super Area,Delhi,Semi-Furnished,Bachelors/Family,2,Contact Owner
3,28000,900,Carpet Area,Delhi,Unfurnished,Bachelors,2,Contact Owner
2,18000,900,Carpet Area,Delhi,Semi-Furnished,Bachelors/Family,2,Contact Agent
3,27000,1250,Carpet Area,Delhi,Unfurnished,Bachelors/Family,3,Contact Agent
2,17000,650,Carpet Area,Delhi,Unfurnished,Bachelors/Family,2,Contact Agent
3,350000,3200,Super Area,Delhi,Semi-Furnished,Bachelors/Family,4,Contact Owner
2,25000,900,Super Area,Delhi,Semi-Furnished,Bachelors/Family,1,Contact Owner
3,16500,1250,Carpet Area,Delhi,Unfurnished,Bachelors,2,Contact Agent
2,14000,60,Carpet Area,Delhi,Semi-Furnished,Bachelors,2,Contact Owner
2,18000,90,Super Area,Delhi,Unfurnished,Bachelors/Family,2,Contact Owner
2,10000,55,Super Area,Delhi,Unfurnished,Bachelors/Family,1,Contact Owner
2,10000,50,Super Area,Delhi,Unfurnished,Bachelors/Family,1,Contact Owner
4,100000,400,Carpet Area,Delhi,Unfurnished,Bachelors/Family,4,Contact Agent
2,25000,680,Carpet Area,Delhi,Furnished,Bachelors,1,Contact Agent
2,22999,756,Carpet Area,Delhi,Semi-Furnished,Bachelors,2,Contact Agent
2,6000,500,Super Area,Delhi,Unfurnished,Bachelors/Family,1,Contact Owner
2,40000,900,Carpet Area,Delhi,Furnished,Bachelors/Family,2,Contact Owner
3,250000,2000,Super Area,Delhi,Furnished,Bachelors/Family,3,Contact Owner
1,13000,40,Carpet Area,Delhi,Furnished,Bachelors/Family,1,Contact Agent
1,14000,100,Super Area,Delhi,Furnished,Bachelors/Family,1,Contact Agent
2,20000,950,Carpet Area,Delhi,Semi-Furnished,Bachelors/Family,2,Contact Owner
1,5500,200,Carpet Area,Delhi,Furnished,Bachelors,1,Contact Owner
2,32000,900,Carpet Area,Delhi,Furnished,Bachelors/Family,2,Contact Agent
2,8000,750,Super Area,Delhi,Semi-Furnished,Bachelors/Family,1,Contact Owner
3,25000,1400,Carpet Area,Delhi,Unfurnished,Family,3,Contact Agent
2,28000,100,Carpet Area,Delhi,Semi-Furnished,Bachelors/Family,2,Contact Agent
2,22000,100,Super Area,Delhi,Semi-Furnished,Bachelors/Family,2,Contact Agent
1,21000,100,Super Area,Delhi,Semi-Furnished,Bachelors/Family,1,Contact Agent
2,30000,1000,Super Area,Delhi,Semi-Furnished,Bachelors/Family,2,Contact Agent
1,12000,400,Carpet Area,Delhi,Unfurnished,Bachelors/Family,1,Contact Agent
1,15000,70,Super Area,Delhi,Unfurnished,Bachelors/Family,1,Contact Owner
1,18000,450,Carpet Area,Delhi,Furnished,Bachelors/Family,1,Contact Owner
2,18000,900,Carpet Area,Delhi,Unfurnished,Bachelors/Family,1,Contact Owner
1,10000,42,Super Area,Delhi,Semi-Furnished,Bachelors/Family,1,Contact Owner
1,16000,400,Carpet Area,Delhi,Furnished,Bachelors/Family,1,Contact Agent
2,20000,900,Carpet Area,Delhi,Semi-Furnished,Bachelors,2,Contact Owner
4,28000,1500,Carpet Area,Delhi,Semi-Furnished,Bachelors/Family,2,Contact Agent
1,7000,70,Super Area,Delhi,Semi-Furnished,Bachelors/Family,1,Contact Owner
2,30000,450,Carpet Area,Delhi,Furnished,Bachelors/Family,1,Contact Owner
2,15000,900,Carpet Area,Delhi,Semi-Furnished,Bachelors/Family,1,Contact Owner
1,8000,500,Carpet Area,Delhi,Unfurnished,Bachelors/Family,1,Contact Owner
1,9000,400,Carpet Area,Delhi,Unfurnished,Bachelors/Family,2,Contact Agent
3,33500,150,Carpet Area,Delhi,Semi-Furnished,Bachelors,2,Contact Agent
1,9500,450,Carpet Area,Delhi,Unfurnished,Bachelors/Family,1,Contact Owner
2,10000,540,Super Area,Delhi,Unfurnished,Bachelors/Family,1,Contact Owner
1,20000,400,Carpet Area,Delhi,Furnished,Bachelors/Family,1,Contact Agent
1,10000,450,Carpet Area,Delhi,Unfurnished,Bachelors/Family,1,Contact Agent
1,15000,700,Super Area,Delhi,Unfurnished,Bachelors/Family,1,Contact Owner
3,55000,1450,Carpet Area,Delhi,Furnished,Bachelors,2,Contact Agent
2,20000,1000,Carpet Area,Delhi,Semi-Furnished,Bachelors,2,Contact Agent
2,16000,550,Carpet Area,Delhi,Semi-Furnished,Bachelors,2,Contact Agent
2,23000,900,Carpet Area,Delhi,Furnished,Bachelors/Family,2,Contact Owner
3,150000,300,Super Area,Delhi,Semi-Furnished,Bachelors/Family,3,Contact Agent
2,25000,1100,Super Area,Delhi,Unfurnished,Bachelors/Family,2,Contact Owner
1,9000,600,Carpet Area,Delhi,Semi-Furnished,Bachelors,1,Contact Agent
1,11000,450,Super Area,Delhi,Semi-Furnished,Bachelors,1,Contact Owner
2,11500,550,Carpet Area,Delhi,Unfurnished,Bachelors/Family,1,Contact Agent
3,16000,1000,Super Area,Delhi,Unfurnished,Bachelors/Family,2,Contact Agent
3,23000,1250,Carpet Area,Delhi,Unfurnished,Bachelors,2,Contact Agent
4,30000,1950,Carpet Area,Delhi,Semi-Furnished,Bachelors/Family,4,Contact Agent
3,110000,1750,Carpet Area,Delhi,Semi-Furnished,Bachelors,4,Contact Agent
1,3500,25,Super Area,Delhi,Unfurnished,Bachelors/Family,1,Contact Owner
2,12100,700,Carpet Area,Delhi,Unfurnished,Bachelors,1,Contact Agent
2,19000,1800,Carpet Area,Delhi,Unfurnished,Bachelors,1,Contact Owner
2,40000,1000,Super Area,Delhi,Furnished,Bachelors/Family,2,Contact Owner
2,8000,200,Super Area,Delhi,Unfurnished,Bachelors/Family,1,Contact Owner
3,42000,1700,Carpet Area,Delhi,Semi-Furnished,Bachelors,3,Contact Agent
3,13000,70,Super Area,Delhi,Semi-Furnished,Bachelors/Family,2,Contact Owner
3,44000,1700,Carpet Area,Delhi,Semi-Furnished,Bachelors,3,Contact Agent
1,11000,450,Carpet Area,Delhi,Semi-Furnished,Bachelors,1,Contact Agent
3,40000,1350,Carpet Area,Delhi,Semi-Furnished,Bachelors,3,Contact Agent
4,150000,2550,Super Area,Delhi,Semi-Furnished,Bachelors/Family,4,Contact Agent
2,13000,650,Carpet Area,Delhi,Unfurnished,Bachelors/Family,2,Contact Agent
2,17500,650,Carpet Area,Delhi,Semi-Furnished,Bachelors/Family,2,Contact Agent
3,14500,1250,Carpet Area,Delhi,Unfurnished,Bachelors/Family,3,Contact Agent
3,24000,1250,Carpet Area,Delhi,Unfurnished,Bachelors,2,Contact Agent
3,30000,1000,Carpet Area,Delhi,Unfurnished,Bachelors/Family,2,Contact Owner
1,10000,500,Super Area,Delhi,Semi-Furnished,Bachelors/Family,1,Contact Owner
1,10000,500,Carpet Area,Delhi,Semi-Furnished,Bachelors/Family,1,Contact Agent
3,90000,1550,Carpet Area,Delhi,Semi-Furnished,Bachelors,3,Contact Agent
4,280000,3800,Carpet Area,Delhi,Semi-Furnished,Bachelors/Family,5,Contact Agent
2,32000,1150,Super Area,Delhi,Unfurnished,Bachelors,2,Contact Owner
3,80000,2000,Carpet Area,Delhi,Unfurnished,Bachelors/Family,3,Contact Agent
1,5500,30,Carpet Area,Delhi,Furnished,Bachelors/Family,1,Contact Owner
1,6000,50,Carpet Area,Delhi,Semi-Furnished,Bachelors,1,Contact Owner
3,30000,1205,Super Area,Delhi,Furnished,Bachelors/Family,2,Contact Owner
3,42000,1450,Carpet Area,Delhi,Semi-Furnished,Bachelors,2,Contact Agent
1,5500,200,Super Area,Delhi,Unfurnished,Bachelors/Family,1,Contact Owner
2,7000,350,Super Area,Delhi,Semi-Furnished,Bachelors/Family,2,Contact Owner
2,10000,700,Super Area,Delhi,Unfurnished,Bachelors,1,Contact Owner
1,17000,400,Carpet Area,Delhi,Furnished,Bachelors/Family,1,Contact Agent
1,18000,700,Super Area,Delhi,Semi-Furnished,Bachelors/Family,1,Contact Owner
2,14000,1000,Carpet Area,Delhi,Semi-Furnished,Bachelors,2,Contact Agent
1,17000,450,Carpet Area,Delhi,Furnished,Bachelors/Family,1,Contact Agent
3,27000,1200,Super Area,Delhi,Semi-Furnished,Family,2,Contact Owner
3,25000,1200,Carpet Area,Delhi,Semi-Furnished,Bachelors,2,Contact Agent
2,23000,900,Super Area,Delhi,Semi-Furnished,Bachelors/Family,2,Contact Owner
2,24500,84,Carpet Area,Delhi,Furnished,Bachelors,2,Contact Agent
1,10000,200,Carpet Area,Delhi,Unfurnished,Bachelors/Family,1,Contact Owner
2,35000,1300,Super Area,Delhi,Unfurnished,Bachelors,2,Contact Agent
2,27000,1300,Carpet Area,Delhi,Furnished,Bachelors/Family,2,Contact Owner
1,7000,200,Carpet Area,Delhi,Unfurnished,Bachelors,1,Contact Agent
1,5000,300,Carpet Area,Delhi,Semi-Furnished,Bachelors/Family,1,Contact Agent
2,5000,550,Carpet Area,Delhi,Unfurnished,Bachelors/Family,1,Contact Owner
2,12000,950,Super Area,Delhi,Semi-Furnished,Bachelors,1,Contact Owner
2,30000,750,Carpet Area,Delhi,Furnished,Bachelors/Family,2,Contact Agent
2,25000,950,Carpet Area,Delhi,Semi-Furnished,Bachelors/Family,2,Contact Owner
1,6000,350,Carpet Area,Delhi,Semi-Furnished,Bachelors/Family,1,Contact Agent
3,45000,2000,Super Area,Delhi,Unfurnished,Bachelors/Family,3,Contact Owner
3,40000,180,Carpet Area,Delhi,Unfurnished,Bachelors,3,Contact Agent
2,8500,60,Super Area,Delhi,Semi-Furnished,Bachelors/Family,1,Contact Owner
2,16500,950,Carpet Area,Delhi,Unfurnished,Bachelors,1,Contact Agent
3,100000,1400,Carpet Area,Delhi,Semi-Furnished,Bachelors/Family,3,Contact Agent
3,52000,200,Carpet Area,Delhi,Unfurnished,Bachelors/Family,2,Contact Owner
1,12500,450,Carpet Area,Delhi,Furnished,Bachelors/Family,1,Contact Agent
2,14000,600,Super Area,Delhi,Unfurnished,Bachelors/Family,2,Contact Owner
1,15000,350,Super Area,Delhi,Unfurnished,Bachelors/Family,1,Contact Owner
1,5000,300,Carpet Area,Delhi,Furnished,Bachelors,1,Contact Owner
2,40000,95,Carpet Area,Delhi,Semi-Furnished,Bachelors/Family,2,Contact Agent
1,17000,550,Super Area,Delhi,Furnished,Bachelors/Family,1,Contact Owner
3,15000,900,Super Area,Delhi,Furnished,Bachelors/Family,3,Contact Owner
1,6000,25,Super Area,Delhi,Semi-Furnished,Bachelors/Family,1,Contact Owner
3,85000,325,Carpet Area,Delhi,Unfurnished,Bachelors,3,Contact Agent
2,18000,80,Super Area,Delhi,Semi-Furnished,Bachelors/Family,2,Contact Owner
2,7500,77,Super Area,Delhi,Unfurnished,Bachelors/Family,1,Contact Owner
2,10000,60,Super Area,Delhi,Semi-Furnished,Bachelors/Family,1,Contact Owner
1,9000,100,Super Area,Delhi,Furnished,Bachelors/Family,1,Contact Owner
3,24000,1300,Super Area,Delhi,Semi-Furnished,Bachelors/Family,2,Contact Owner
2,12000,500,Carpet Area,Delhi,Semi-Furnished,Bachelors/Family,2,Contact Agent
2,10500,500,Carpet Area,Delhi,Semi-Furnished,Bachelors/Family,2,Contact Agent
2,31000,1200,Super Area,Delhi,Semi-Furnished,Bachelors/Family,2,Contact Owner
1,9000,250,Super Area,Delhi,Semi-Furnished,Bachelors/Family,1,Contact Owner
2,9000,700,Super Area,Delhi,Semi-Furnished,Bachelors/Family,1,Contact Owner
3,27000,1050,Carpet Area,Delhi,Unfurnished,Family,2,Contact Agent
2,12500,500,Carpet Area,Delhi,Semi-Furnished,Bachelors/Family,2,Contact Agent
2,15000,1100,Super Area,Chennai,Semi-Furnished,Bachelors,2,Contact Owner
2,6500,1000,Super Area,Chennai,Semi-Furnished,Bachelors/Family,2,Contact Owner
3,90000,2400,Carpet Area,Chennai,Semi-Furnished,Bachelors/Family,3,Contact Agent
3,200000,3000,Super Area,Chennai,Furnished,Family,4,Contact Agent
1,15000,650,Carpet Area,Chennai,Semi-Furnished,Bachelors/Family,1,Contact Owner
2,15000,1000,Carpet Area,Chennai,Semi-Furnished,Bachelors,2,Contact Owner
2,7600,700,Super Area,Chennai,Unfurnished,Bachelors/Family,2,Contact Owner
3,29000,1200,Carpet Area,Chennai,Semi-Furnished,Bachelors,3,Contact Agent
3,20000,1710,Super Area,Chennai,Semi-Furnished,Bachelors/Family,3,Contact Owner
2,12000,600,Super Area,Chennai,Furnished,Bachelors/Family,2,Contact Owner
2,10500,1080,Super Area,Chennai,Unfurnished,Bachelors/Family,2,Contact Owner
2,29000,1300,Super Area,Chennai,Semi-Furnished,Bachelors/Family,2,Contact Owner
2,26000,1027,Super Area,Chennai,Semi-Furnished,Bachelors,2,Contact Agent
3,25000,1350,Super Area,Chennai,Furnished,Family,3,Contact Owner
2,10000,950,Super Area,Chennai,Unfurnished,Family,2,Contact Owner
2,14000,1300,Super Area,Chennai,Unfurnished,Bachelors/Family,2,Contact Owner
2,6000,600,Super Area,Chennai,Unfurnished,Bachelors/Family,1,Contact Owner
3,40000,1428,Super Area,Chennai,Unfurnished,Bachelors,2,Contact Owner
2,23000,920,Carpet Area,Chennai,Semi-Furnished,Bachelors/Family,2,Contact Owner
2,10000,600,Carpet Area,Chennai,Semi-Furnished,Bachelors/Family,2,Contact Owner
2,10000,810,Carpet Area,Chennai,Unfurnished,Bachelors,1,Contact Owner
2,15000,1200,Super Area,Chennai,Semi-Furnished,Bachelors/Family,2,Contact Owner
1,11000,550,Super Area,Chennai,Semi-Furnished,Bachelors/Family,1,Contact Owner
2,20000,600,Super Area,Chennai,Unfurnished,Family,1,Contact Owner
2,15000,850,Super Area,Chennai,Furnished,Bachelors/Family,1,Contact Owner
4,22000,2117,Carpet Area,Chennai,Semi-Furnished,Bachelors/Family,4,Contact Owner
2,6000,900,Super Area,Chennai,Unfurnished,Bachelors,2,Contact Owner
2,20000,1000,Super Area,Chennai,Semi-Furnished,Bachelors/Family,2,Contact Owner
1,6500,500,Super Area,Chennai,Unfurnished,Bachelors/Family,1,Contact Owner
2,12000,800,Super Area,Chennai,Semi-Furnished,Bachelors/Family,1,Contact Owner
2,27000,1550,Super Area,Chennai,Semi-Furnished,Bachelors/Family,3,Contact Owner
2,15000,1500,Super Area,Chennai,Unfurnished,Bachelors/Family,2,Contact Owner
3,20000,1700,Carpet Area,Chennai,Furnished,Bachelors/Family,6,Contact Owner
2,22000,700,Super Area,Chennai,Semi-Furnished,Bachelors/Family,2,Contact Owner
1,7000,400,Super Area,Chennai,Unfurnished,Bachelors/Family,1,Contact Owner
2,7000,450,Super Area,Chennai,Semi-Furnished,Bachelors/Family,1,Contact Owner
1,6500,500,Super Area,Chennai,Furnished,Bachelors/Family,1,Contact Owner
2,9000,770,Super Area,Chennai,Semi-Furnished,Bachelors/Family,2,Contact Owner
1,4500,150,Super Area,Chennai,Semi-Furnished,Bachelors/Family,1,Contact Owner
2,12000,850,Super Area,Chennai,Unfurnished,Family,2,Contact Owner
2,18000,1100,Carpet Area,Chennai,Semi-Furnished,Bachelors,2,Contact Owner
2,8000,650,Carpet Area,Chennai,Unfurnished,Bachelors/Family,1,Contact Owner
1,5000,550,Super Area,Chennai,Unfurnished,Bachelors/Family,1,Contact Owner
2,14000,1000,Super Area,Chennai,Unfurnished,Bachelors/Family,2,Contact Owner
1,6500,250,Super Area,Chennai,Semi-Furnished,Bachelors/Family,1,Contact Owner
2,10000,790,Carpet Area,Chennai,Semi-Furnished,Bachelors/Family,2,Contact Owner
2,13000,600,Super Area,Chennai,Semi-Furnished,Bachelors/Family,2,Contact Owner
2,11200,700,Super Area,Chennai,Unfurnished,Bachelors/Family,2,Contact Owner
1,8900,550,Carpet Area,Chennai,Unfurnished,Bachelors/Family,1,Contact Owner
1,12000,500,Super Area,Chennai,Unfurnished,Bachelors/Family,1,Contact Owner
3,45000,1800,Carpet Area,Chennai,Unfurnished,Bachelors,3,Contact Agent
3,35000,1550,Carpet Area,Chennai,Semi-Furnished,Bachelors,2,Contact Agent
3,34999,1462,Carpet Area,Chennai,Semi-Furnished,Family,3,Contact Agent
2,11000,970,Carpet Area,Chennai,Semi-Furnished,Bachelors,2,Contact Owner
3,150000,2300,Carpet Area,Chennai,Semi-Furnished,Bachelors,3,Contact Agent
2,15000,700,Super Area,Chennai,Unfurnished,Bachelors/Family,1,Contact Owner
2,15000,674,Carpet Area,Chennai,Unfurnished,Bachelors,2,Contact Owner
2,10000,750,Carpet Area,Chennai,Unfurnished,Family,2,Contact Owner
2,12000,1000,Super Area,Chennai,Semi-Furnished,Bachelors/Family,2,Contact Owner
2,10000,1030,Carpet Area,Chennai,Semi-Furnished,Bachelors/Family,2,Contact Owner
3,35000,1540,Carpet Area,Chennai,Furnished,Bachelors,2,Contact Owner
3,40000,1800,Carpet Area,Chennai,Unfurnished,Bachelors,3,Contact Agent
2,24000,1100,Super Area,Chennai,Unfurnished,Bachelors/Family,2,Contact Owner
2,12000,985,Super Area,Chennai,Unfurnished,Bachelors/Family,2,Contact Owner
2,30000,1200,Carpet Area,Chennai,Semi-Furnished,Bachelors/Family,2,Contact Agent
2,10000,1200,Super Area,Chennai,Unfurnished,Bachelors/Family,2,Contact Owner
2,15000,900,Super Area,Chennai,Unfurnished,Bachelors/Family,2,Contact Owner
2,33000,800,Carpet Area,Chennai,Unfurnished,Bachelors/Family,2,Contact Agent
2,9000,800,Super Area,Chennai,Semi-Furnished,Bachelors/Family,2,Contact Owner
3,30000,1500,Super Area,Chennai,Semi-Furnished,Bachelors/Family,3,Contact Owner
2,13000,680,Super Area,Chennai,Unfurnished,Bachelors/Family,2,Contact Owner
2,15000,800,Super Area,Chennai,Semi-Furnished,Bachelors/Family,2,Contact Owner
2,12000,875,Super Area,Chennai,Semi-Furnished,Bachelors,2,Contact Owner
2,20000,880,Carpet Area,Chennai,Semi-Furnished,Family,2,Contact Owner
3,36000,1500,Super Area,Chennai,Semi-Furnished,Bachelors/Family,3,Contact Owner
2,10000,950,Super Area,Chennai,Unfurnished,Bachelors/Family,2,Contact Owner
2,16000,850,Super Area,Chennai,Semi-Furnished,Bachelors/Family,2,Contact Owner
1,6000,700,Super Area,Chennai,Semi-Furnished,Bachelors/Family,1,Contact Owner
3,22000,2000,Super Area,Chennai,Semi-Furnished,Family,2,Contact Owner
1,6000,450,Super Area,Chennai,Unfurnished,Bachelors/Family,1,Contact Owner
1,6500,400,Super Area,Chennai,Unfurnished,Bachelors/Family,1,Contact Owner
1,3000,350,Super Area,Chennai,Unfurnished,Bachelors/Family,1,Contact Owner
3,27000,1650,Carpet Area,Chennai,Semi-Furnished,Family,3,Contact Owner
2,8000,800,Super Area,Chennai,Unfurnished,Bachelors/Family,1,Contact Owner
2,12500,600,Super Area,Chennai,Unfurnished,Bachelors/Family,1,Contact Owner
2,11000,800,Super Area,Chennai,Unfurnished,Bachelors/Family,1,Contact Owner
3,40000,1600,Super Area,Chennai,Semi-Furnished,Bachelors/Family,3,Contact Owner
2,15000,700,Carpet Area,Chennai,Unfurnished,Bachelors,2,Contact Agent
2,8000,800,Super Area,Chennai,Semi-Furnished,Bachelors/Family,2,Contact Owner
3,34000,2120,Super Area,Chennai,Furnished,Bachelors/Family,3,Contact Owner
1,7500,560,Super Area,Chennai,Unfurnished,Bachelors/Family,1,Contact Owner
1,14000,420,Carpet Area,Chennai,Unfurnished,Bachelors,1,Contact Owner
3,21000,1330,Super Area,Chennai,Semi-Furnished,Bachelors/Family,3,Contact Owner
3,12000,930,Super Area,Chennai,Semi-Furnished,Family,2,Contact Owner
3,75000,1900,Carpet Area,Chennai,Semi-Furnished,Family,3,Contact Agent
2,15000,1200,Super Area,Chennai,Furnished,Bachelors/Family,2,Contact Owner
1,6000,350,Super Area,Chennai,Unfurnished,Bachelors/Family,1,Contact Owner
3,20500,1000,Super Area,Chennai,Semi-Furnished,Bachelors/Family,1,Contact Owner
2,13500,1210,Super Area,Chennai,Semi-Furnished,Bachelors/Family,2,Contact Owner
2,10000,750,Carpet Area,Chennai,Unfurnished,Bachelors/Family,2,Contact Owner
3,15000,1150,Carpet Area,Chennai,Semi-Furnished,Bachelors/Family,3,Contact Owner
2,11000,800,Carpet Area,Chennai,Unfurnished,Family,2,Contact Owner
2,12000,930,Carpet Area,Chennai,Furnished,Family,2,Contact Owner
2,15000,2800,Carpet Area,Chennai,Unfurnished,Family,2,Contact Owner
2,20000,800,Carpet Area,Chennai,Semi-Furnished,Family,2,Contact Agent
2,24000,850,Super Area,Chennai,Unfurnished,Bachelors/Family,2,Contact Owner
2,16000,650,Super Area,Chennai,Semi-Furnished,Bachelors/Family,2,Contact Owner
2,10000,770,Super Area,Chennai,Unfurnished,Family,1,Contact Owner
3,30000,1800,Carpet Area,Chennai,Semi-Furnished,Bachelors,3,Contact Owner
3,26000,1100,Carpet Area,Chennai,Semi-Furnished,Bachelors/Family,2,Contact Agent
2,10000,950,Super Area,Chennai,Semi-Furnished,Bachelors/Family,2,Contact Owner
3,15000,1250,Super Area,Chennai,Semi-Furnished,Bachelors/Family,2,Contact Owner
1,9000,400,Super Area,Chennai,Unfurnished,Bachelors/Family,1,Contact Owner
2,9000,575,Carpet Area,Chennai,Semi-Furnished,Bachelors/Family,2,Contact Owner
2,15000,1234,Super Area,Chennai,Semi-Furnished,Bachelors/Family,2,Contact Owner
2,12000,870,Carpet Area,Chennai,Semi-Furnished,Bachelors/Family,2,Contact Owner
2,20000,1162,Super Area,Chennai,Semi-Furnished,Bachelors/Family,2,Contact Agent
3,15000,2200,Super Area,Chennai,Unfurnished,Bachelors,3,Contact Owner
1,8000,500,Super Area,Chennai,Unfurnished,Bachelors/Family,1,Contact Owner
3,13000,900,Super Area,Chennai,Unfurnished,Bachelors/Family,1,Contact Owner
1,6800,600,Super Area,Chennai,Unfurnished,Bachelors/Family,1,Contact Owner
2,9000,600,Super Area,Chennai,Furnished,Bachelors/Family,1,Contact Owner
3,14000,1600,Carpet Area,Chennai,Furnished,Bachelors/Family,3,Contact Owner
4,55000,2400,Carpet Area,Chennai,Unfurnished,Bachelors/Family,4,Contact Agent
3,50000,1600,Carpet Area,Chennai,Semi-Furnished,Bachelors,3,Contact Agent
1,8000,400,Carpet Area,Chennai,Unfurnished,Bachelors/Family,1,Contact Owner
2,16000,1000,Super Area,Chennai,Semi-Furnished,Bachelors/Family,2,Contact Owner
2,15000,600,Carpet Area,Chennai,Unfurnished,Bachelors,2,Contact Owner
2,15000,750,Carpet Area,Chennai,Unfurnished,Bachelors,2,Contact Owner
2,15000,700,Super Area,Chennai,Semi-Furnished,Bachelors/Family,2,Contact Owner
4,75000,2200,Super Area,Chennai,Semi-Furnished,Family,5,Contact Owner
1,9000,500,Super Area,Chennai,Semi-Furnished,Bachelors/Family,1,Contact Owner
1,6500,700,Super Area,Chennai,Unfurnished,Bachelors/Family,1,Contact Owner
3,17000,1480,Super Area,Chennai,Furnished,Bachelors/Family,2,Contact Owner
3,49000,1700,Carpet Area,Chennai,Furnished,Bachelors,3,Contact Agent
2,15000,830,Super Area,Chennai,Semi-Furnished,Bachelors/Family,2,Contact Owner
3,25000,1425,Carpet Area,Chennai,Semi-Furnished,Bachelors/Family,2,Contact Owner
3,40000,1550,Carpet Area,Chennai,Unfurnished,Bachelors,3,Contact Agent
1,8000,200,Super Area,Chennai,Semi-Furnished,Bachelors/Family,1,Contact Owner
2,17500,1200,Carpet Area,Chennai,Semi-Furnished,Bachelors/Family,2,Contact Owner
3,11000,800,Super Area,Chennai,Semi-Furnished,Bachelors/Family,2,Contact Owner
3,8500,1261,Carpet Area,Chennai,Semi-Furnished,Bachelors/Family,3,Contact Owner
2,11000,425,Carpet Area,Chennai,Semi-Furnished,Bachelors/Family,2,Contact Owner
2,12500,940,Super Area,Chennai,Unfurnished,Bachelors/Family,2,Contact Owner
3,90000,2300,Carpet Area,Chennai,Semi-Furnished,Bachelors,3,Contact Agent
2,14000,700,Super Area,Chennai,Unfurnished,Bachelors/Family,2,Contact Owner
3,150000,2400,Carpet Area,Chennai,Furnished,Bachelors/Family,3,Contact Agent
2,25000,1145,Super Area,Chennai,Semi-Furnished,Bachelors,2,Contact Owner
2,18000,750,Super Area,Chennai,Semi-Furnished,Bachelors/Family,2,Contact Agent
3,17000,1250,Super Area,Chennai,Semi-Furnished,Bachelors/Family,3,Contact Owner
2,8500,900,Super Area,Chennai,Unfurnished,Bachelors/Family,2,Contact Owner
3,15000,800,Carpet Area,Chennai,Semi-Furnished,Bachelors,2,Contact Owner
2,22000,800,Super Area,Chennai,Semi-Furnished,Bachelors/Family,2,Contact Owner
2,15000,900,Super Area,Chennai,Semi-Furnished,Bachelors/Family,2,Contact Owner
2,10000,600,Super Area,Chennai,Unfurnished,Bachelors/Family,1,Contact Owner
1,5000,250,Super Area,Chennai,Unfurnished,Bachelors/Family,1,Contact Owner
2,10000,910,Super Area,Chennai,Semi-Furnished,Bachelors/Family,2,Contact Owner
3,15000,1350,Super Area,Chennai,Unfurnished,Bachelors/Family,3,Contact Owner
3,34500,450,Carpet Area,Chennai,Semi-Furnished,Bachelors,3,Contact Owner
1,8000,600,Super Area,Chennai,Unfurnished,Bachelors/Family,1,Contact Owner
3,330000,3600,Carpet Area,Chennai,Semi-Furnished,Bachelors/Family,3,Contact Agent
2,22000,800,Carpet Area,Chennai,Unfurnished,Family,2,Contact Owner
2,13000,850,Carpet Area,Chennai,Unfurnished,Family,2,Contact Owner
2,6500,1000,Super Area,Chennai,Semi-Furnished,Bachelors/Family,2,Contact Owner
2,18000,900,Carpet Area,Chennai,Semi-Furnished,Bachelors,2,Contact Agent
3,30000,2400,Super Area,Chennai,Furnished,Bachelors/Family,3,Contact Owner
1,8500,400,Carpet Area,Chennai,Unfurnished,Bachelors/Family,1,Contact Owner
4,20000,1900,Carpet Area,Chennai,Semi-Furnished,Family,4,Contact Agent
2,12000,900,Super Area,Chennai,Semi-Furnished,Bachelors/Family,2,Contact Owner
2,18000,805,Super Area,Chennai,Semi-Furnished,Bachelors/Family,2,Contact Owner
2,19000,1200,Super Area,Chennai,Unfurnished,Bachelors/Family,2,Contact Owner
2,12000,800,Super Area,Chennai,Furnished,Bachelors/Family,2,Contact Owner
3,16000,1158,Carpet Area,Chennai,Semi-Furnished,Bachelors/Family,2,Contact Owner
1,5700,400,Super Area,Chennai,Unfurnished,Bachelors/Family,1,Contact Owner
1,15000,450,Super Area,Chennai,Unfurnished,Bachelors/Family,1,Contact Owner
2,11000,960,Super Area,Chennai,Semi-Furnished,Family,2,Contact Owner
3,17000,1400,Super Area,Chennai,Semi-Furnished,Bachelors/Family,2,Contact Owner
2,18000,970,Super Area,Chennai,Furnished,Bachelors/Family,2,Contact Owner
2,9500,1000,Super Area,Chennai,Unfurnished,Bachelors/Family,2,Contact Owner
2,12000,900,Carpet Area,Chennai,Semi-Furnished,Bachelors/Family,2,Contact Owner
2,8000,800,Super Area,Chennai,Semi-Furnished,Bachelors/Family,2,Contact Owner
2,12000,1100,Carpet Area,Chennai,Semi-Furnished,Family,1,Contact Owner
2,16000,800,Super Area,Chennai,Unfurnished,Bachelors/Family,2,Contact Owner
2,8000,800,Super Area,Chennai,Unfurnished,Bachelors/Family,1,Contact Owner
2,10000,898,Super Area,Chennai,Semi-Furnished,Family,2,Contact Owner
2,15000,800,Carpet Area,Chennai,Semi-Furnished,Bachelors/Family,2,Contact Owner
2,7500,600,Super Area,Chennai,Unfurnished,Bachelors/Family,1,Contact Owner
3,30000,2000,Carpet Area,Chennai,Furnished,Bachelors/Family,3,Contact Owner
2,16000,870,Super Area,Chennai,Unfurnished,Bachelors/Family,2,Contact Owner
2,14000,1100,Carpet Area,Chennai,Semi-Furnished,Family,2,Contact Agent
2,10000,650,Carpet Area,Chennai,Unfurnished,Bachelors/Family,2,Contact Owner
3,25000,1100,Carpet Area,Chennai,Unfurnished,Bachelors,2,Contact Agent
2,11500,1250,Carpet Area,Chennai,Semi-Furnished,Bachelors/Family,2,Contact Owner
2,11000,1145,Super Area,Chennai,Unfurnished,Bachelors/Family,2,Contact Owner
2,10000,780,Super Area,Chennai,Semi-Furnished,Bachelors/Family,2,Contact Owner
1,7000,680,Super Area,Chennai,Unfurnished,Bachelors/Family,1,Contact Owner
2,18000,860,Super Area,Chennai,Semi-Furnished,Bachelors/Family,2,Contact Owner
1,7500,600,Super Area,Chennai,Unfurnished,Bachelors/Family,1,Contact Owner
2,7500,750,Carpet Area,Chennai,Semi-Furnished,Bachelors/Family,1,Contact Owner
2,12000,800,Super Area,Chennai,Unfurnished,Bachelors/Family,2,Contact Owner
2,12000,570,Carpet Area,Chennai,Unfurnished,Bachelors/Family,2,Contact Owner
2,40000,1150,Super Area,Chennai,Furnished,Bachelors/Family,2,Contact Owner
1,5000,350,Super Area,Chennai,Unfurnished,Bachelors/Family,1,Contact Owner
2,20000,894,Super Area,Chennai,Semi-Furnished,Bachelors/Family,2,Contact Owner
1,6500,600,Super Area,Chennai,Semi-Furnished,Bachelors/Family,1,Contact Owner
3,12000,900,Super Area,Chennai,Semi-Furnished,Bachelors/Family,2,Contact Owner
1,12000,550,Super Area,Chennai,Unfurnished,Bachelors/Family,1,Contact Owner
2,14000,717,Super Area,Chennai,Semi-Furnished,Bachelors/Family,2,Contact Owner
2,13000,660,Carpet Area,Chennai,Semi-Furnished,Family,2,Contact Agent
1,9000,700,Carpet Area,Chennai,Semi-Furnished,Family,1,Contact Owner
1,10000,800,Super Area,Chennai,Semi-Furnished,Bachelors/Family,1,Contact Owner
3,15000,1070,Super Area,Chennai,Unfurnished,Family,2,Contact Owner
2,15000,1000,Super Area,Chennai,Semi-Furnished,Family,2,Contact Owner
2,19000,1500,Super Area,Chennai,Semi-Furnished,Bachelors/Family,2,Contact Owner
2,15000,900,Super Area,Chennai,Unfurnished,Bachelors/Family,2,Contact Owner
2,16000,1700,Super Area,Chennai,Unfurnished,Bachelors/Family,2,Contact Owner
2,12000,900,Super Area,Chennai,Semi-Furnished,Bachelors/Family,2,Contact Owner
2,11000,805,Super Area,Chennai,Unfurnished,Bachelors/Family,2,Contact Owner
2,8000,750,Super Area,Chennai,Unfurnished,Bachelors/Family,2,Contact Owner
2,10000,1000,Super Area,Chennai,Furnished,Bachelors/Family,2,Contact Owner
3,70000,1500,Carpet Area,Chennai,Furnished,Bachelors/Family,3,Contact Owner
3,45000,3200,Super Area,Chennai,Unfurnished,Bachelors/Family,3,Contact Owner
3,60000,1700,Carpet Area,Chennai,Semi-Furnished,Bachelors/Family,3,Contact Agent
2,12000,1000,Super Area,Chennai,Semi-Furnished,Bachelors/Family,2,Contact Owner
3,80000,2036,Super Area,Chennai,Semi-Furnished,Bachelors,3,Contact Agent
2,23999,610,Carpet Area,Chennai,Furnished,Bachelors/Family,1,Contact Agent
2,23000,1100,Super Area,Chennai,Furnished,Bachelors/Family,2,Contact Owner
2,16000,900,Carpet Area,Chennai,Semi-Furnished,Bachelors,2,Contact Owner
2,14000,840,Super Area,Chennai,Semi-Furnished,Bachelors/Family,2,Contact Owner
3,13000,965,Super Area,Chennai,Semi-Furnished,Bachelors/Family,2,Contact Owner
2,14000,800,Super Area,Chennai,Unfurnished,Bachelors/Family,2,Contact Owner
1,7000,700,Super Area,Chennai,Unfurnished,Bachelors/Family,2,Contact Owner
1,3500,600,Super Area,Chennai,Unfurnished,Bachelors,1,Contact Owner
1,12000,650,Carpet Area,Chennai,Semi-Furnished,Family,2,Contact Owner
1,8000,320,Super Area,Chennai,Unfurnished,Bachelors/Family,1,Contact Owner
2,25000,700,Super Area,Chennai,Semi-Furnished,Bachelors/Family,1,Contact Owner
2,12000,850,Super Area,Chennai,Unfurnished,Bachelors/Family,2,Contact Owner
1,7000,550,Super Area,Chennai,Unfurnished,Bachelors/Family,1,Contact Owner
3,20000,1400,Carpet Area,Chennai,Semi-Furnished,Family,3,Contact Owner
2,18000,1300,Super Area,Chennai,Unfurnished,Bachelors/Family,2,Contact Owner
2,15000,1125,Super Area,Chennai,Semi-Furnished,Bachelors/Family,2,Contact Owner
2,11000,780,Carpet Area,Chennai,Semi-Furnished,Family,2,Contact Owner
3,65000,2200,Carpet Area,Chennai,Unfurnished,Bachelors,3,Contact Agent
3,75000,2500,Carpet Area,Chennai,Unfurnished,Bachelors/Family,3,Contact Agent
1,15000,1300,Super Area,Chennai,Furnished,Bachelors,2,Contact Owner
2,12000,619,Carpet Area,Chennai,Furnished,Bachelors/Family,1,Contact Owner
2,8500,700,Carpet Area,Chennai,Semi-Furnished,Bachelors/Family,1,Contact Owner
3,38000,2100,Super Area,Chennai,Semi-Furnished,Bachelors/Family,3,Contact Owner
3,30000,2000,Super Area,Chennai,Unfurnished,Bachelors/Family,3,Contact Owner
1,9000,700,Super Area,Chennai,Semi-Furnished,Bachelors/Family,1,Contact Owner
3,25000,2000,Super Area,Chennai,Semi-Furnished,Bachelors/Family,3,Contact Owner
2,9000,600,Carpet Area,Chennai,Unfurnished,Bachelors/Family,2,Contact Owner
1,8500,550,Carpet Area,Chennai,Unfurnished,Bachelors,2,Contact Owner
1,7000,300,Super Area,Chennai,Unfurnished,Bachelors/Family,1,Contact Owner
2,25000,800,Carpet Area,Chennai,Semi-Furnished,Bachelors,2,Contact Agent
2,8500,850,Super Area,Chennai,Unfurnished,Bachelors/Family,2,Contact Owner
1,6500,450,Carpet Area,Chennai,Semi-Furnished,Bachelors/Family,1,Contact Owner
1,7000,500,Super Area,Chennai,Unfurnished,Bachelors/Family,1,Contact Owner
1,4500,115,Super Area,Chennai,Unfurnished,Bachelors,1,Contact Owner
2,22000,800,Carpet Area,Chennai,Unfurnished,Bachelors/Family,2,Contact Owner
2,10000,600,Super Area,Chennai,Semi-Furnished,Family,1,Contact Owner
2,16000,800,Super Area,Chennai,Unfurnished,Bachelors/Family,2,Contact Owner
3,85000,1725,Super Area,Chennai,Furnished,Bachelors/Family,2,Contact Agent
2,15000,1330,Carpet Area,Chennai,Furnished,Bachelors/Family,2,Contact Owner
3,25000,2064,Super Area,Chennai,Semi-Furnished,Family,4,Contact Owner
1,9000,700,Super Area,Chennai,Semi-Furnished,Bachelors/Family,1,Contact Owner
2,20000,900,Super Area,Chennai,Semi-Furnished,Bachelors/Family,2,Contact Owner
2,15000,1066,Super Area,Chennai,Unfurnished,Family,2,Contact Owner
2,9000,700,Carpet Area,Chennai,Semi-Furnished,Bachelors,2,Contact Owner
2,14000,900,Super Area,Chennai,Furnished,Bachelors/Family,2,Contact Owner
2,15000,700,Super Area,Chennai,Semi-Furnished,Bachelors/Family,2,Contact Owner
3,14000,950,Carpet Area,Chennai,Semi-Furnished,Bachelors/Family,2,Contact Owner
2,8000,850,Super Area,Chennai,Unfurnished,Bachelors/Family,2,Contact Owner
2,13500,600,Carpet Area,Chennai,Furnished,Bachelors/Family,2,Contact Agent
2,12000,750,Super Area,Chennai,Semi-Furnished,Bachelors,2,Contact Owner
2,7500,850,Super Area,Chennai,Unfurnished,Bachelors/Family,2,Contact Owner
3,20000,1650,Carpet Area,Chennai,Semi-Furnished,Bachelors,3,Contact Owner
2,11000,960,Super Area,Chennai,Unfurnished,Family,2,Contact Owner
2,11000,1200,Carpet Area,Chennai,Unfurnished,Bachelors,2,Contact Owner
2,17500,650,Carpet Area,Chennai,Furnished,Bachelors/Family,2,Contact Owner
2,8000,800,Carpet Area,Chennai,Unfurnished,Bachelors/Family,2,Contact Owner
3,25000,1350,Super Area,Chennai,Semi-Furnished,Bachelors/Family,3,Contact Owner
2,12000,560,Carpet Area,Chennai,Semi-Furnished,Family,2,Contact Owner
1,5250,250,Super Area,Chennai,Unfurnished,Bachelors/Family,1,Contact Owner
2,25000,685,Super Area,Chennai,Unfurnished,Bachelors,2,Contact Owner
2,14000,1021,Super Area,Chennai,Semi-Furnished,Bachelors/Family,2,Contact Owner
3,24000,1200,Carpet Area,Chennai,Unfurnished,Bachelors/Family,3,Contact Owner
3,35000,1557,Super Area,Chennai,Semi-Furnished,Bachelors/Family,3,Contact Owner
2,8000,550,Super Area,Chennai,Unfurnished,Bachelors/Family,1,Contact Agent
2,16000,800,Super Area,Chennai,Semi-Furnished,Bachelors/Family,2,Contact Owner
3,28000,917,Carpet Area,Chennai,Semi-Furnished,Family,2,Contact Owner
2,16000,960,Super Area,Chennai,Semi-Furnished,Bachelors/Family,2,Contact Owner
2,13000,1000,Super Area,Chennai,Unfurnished,Bachelors/Family,2,Contact Owner
2,35000,1000,Super Area,Chennai,Furnished,Bachelors,2,Contact Agent
1,11000,579,Super Area,Chennai,Semi-Furnished,Bachelors/Family,1,Contact Owner
1,5000,800,Carpet Area,Chennai,Unfurnished,Bachelors/Family,1,Contact Owner
2,23000,1100,Carpet Area,Chennai,Unfurnished,Bachelors,2,Contact Agent
2,11000,635,Carpet Area,Chennai,Semi-Furnished,Bachelors,2,Contact Owner
3,25000,1700,Carpet Area,Chennai,Semi-Furnished,Bachelors/Family,3,Contact Owner
1,4500,600,Super Area,Chennai,Unfurnished,Bachelors/Family,1,Contact Owner
4,100000,2500,Carpet Area,Chennai,Unfurnished,Bachelors/Family,4,Contact Agent
3,47500,1920,Super Area,Chennai,Semi-Furnished,Family,3,Contact Agent
2,7500,850,Super Area,Chennai,Semi-Furnished,Bachelors,2,Contact Owner
3,16500,1850,Super Area,Chennai,Unfurnished,Bachelors,3,Contact Owner
2,18000,1375,Carpet Area,Chennai,Furnished,Family,1,Contact Owner
2,7000,700,Super Area,Chennai,Unfurnished,Bachelors/Family,2,Contact Owner
1,8000,700,Super Area,Chennai,Unfurnished,Bachelors/Family,2,Contact Owner
1,10000,675,Super Area,Chennai,Unfurnished,Bachelors/Family,1,Contact Owner
3,7000,900,Super Area,Chennai,Unfurnished,Bachelors/Family,2,Contact Owner
2,35000,1020,Carpet Area,Chennai,Furnished,Bachelors/Family,2,Contact Owner
4,100000,3000,Carpet Area,Chennai,Unfurnished,Bachelors,4,Contact Agent
2,13000,800,Carpet Area,Chennai,Semi-Furnished,Bachelors,1,Contact Owner
2,10000,600,Super Area,Chennai,Unfurnished,Bachelors/Family,1,Contact Owner
2,14000,890,Super Area,Chennai,Unfurnished,Family,2,Contact Owner
3,46000,1700,Super Area,Chennai,Semi-Furnished,Bachelors/Family,3,Contact Agent
4,65000,2000,Carpet Area,Chennai,Semi-Furnished,Bachelors,3,Contact Agent
2,9000,800,Carpet Area,Chennai,Semi-Furnished,Bachelors/Family,2,Contact Owner
3,13500,1002,Super Area,Chennai,Furnished,Bachelors/Family,2,Contact Owner
3,29000,1225,Carpet Area,Chennai,Semi-Furnished,Bachelors/Family,3,Contact Agent
2,23999,610,Carpet Area,Chennai,Furnished,Bachelors/Family,1,Contact Agent
3,26000,1200,Super Area,Chennai,Semi-Furnished,Family,3,Contact Owner
2,8200,850,Super Area,Chennai,Unfurnished,Bachelors/Family,2,Contact Owner
1,15000,500,Super Area,Chennai,Semi-Furnished,Family,1,Contact Owner
2,10000,778,Super Area,Chennai,Unfurnished,Bachelors/Family,2,Contact Owner
2,20000,850,Carpet Area,Chennai,Unfurnished,Bachelors,2,Contact Owner
2,15000,800,Carpet Area,Chennai,Unfurnished,Bachelors/Family,2,Contact Owner
2,14000,1200,Super Area,Chennai,Semi-Furnished,Bachelors/Family,2,Contact Owner
2,11000,750,Super Area,Chennai,Unfurnished,Bachelors/Family,2,Contact Owner
1,6500,550,Super Area,Chennai,Unfurnished,Bachelors/Family,1,Contact Owner
3,26000,1567,Carpet Area,Chennai,Furnished,Bachelors/Family,3,Contact Owner
1,7500,650,Super Area,Chennai,Semi-Furnished,Bachelors/Family,1,Contact Owner
2,14500,1150,Carpet Area,Chennai,Unfurnished,Bachelors,2,Contact Owner
6,280000,4500,Carpet Area,Chennai,Semi-Furnished,Bachelors,5,Contact Agent
2,12000,900,Super Area,Chennai,Unfurnished,Bachelors/Family,2,Contact Owner
3,45000,1450,Carpet Area,Chennai,Unfurnished,Bachelors,2,Contact Agent
2,22000,850,Super Area,Chennai,Semi-Furnished,Bachelors/Family,2,Contact Owner
1,7000,550,Super Area,Chennai,Unfurnished,Bachelors/Family,1,Contact Owner
1,7000,600,Carpet Area,Chennai,Unfurnished,Bachelors/Family,1,Contact Owner
2,45000,1200,Super Area,Chennai,Furnished,Bachelors/Family,2,Contact Owner
4,20000,1450,Super Area,Chennai,Semi-Furnished,Bachelors/Family,4,Contact Owner
2,14000,560,Carpet Area,Chennai,Semi-Furnished,Family,2,Contact Owner
2,18000,1113,Super Area,Chennai,Semi-Furnished,Family,2,Contact Owner
3,20000,1600,Super Area,Chennai,Semi-Furnished,Bachelors/Family,4,Contact Owner
1,10000,550,Carpet Area,Chennai,Unfurnished,Bachelors/Family,1,Contact Owner
2,25000,1200,Carpet Area,Chennai,Unfurnished,Bachelors/Family,2,Contact Agent
2,18000,900,Super Area,Chennai,Semi-Furnished,Family,2,Contact Owner
1,5000,800,Super Area,Chennai,Unfurnished,Family,1,Contact Owner
2,12000,1200,Super Area,Chennai,Semi-Furnished,Bachelors/Family,2,Contact Owner
2,13000,1000,Super Area,Chennai,Semi-Furnished,Bachelors/Family,2,Contact Owner
2,30000,1100,Super Area,Chennai,Semi-Furnished,Bachelors/Family,2,Contact Owner
2,9000,700,Super Area,Chennai,Furnished,Bachelors/Family,1,Contact Owner
1,12000,650,Super Area,Chennai,Unfurnished,Bachelors/Family,1,Contact Owner
3,30000,1500,Carpet Area,Chennai,Semi-Furnished,Family,2,Contact Owner
3,20000,1175,Carpet Area,Chennai,Furnished,Bachelors,2,Contact Owner
2,12000,750,Super Area,Chennai,Unfurnished,Bachelors/Family,2,Contact Owner
2,9500,1010,Super Area,Chennai,Semi-Furnished,Bachelors/Family,2,Contact Owner
2,22000,1050,Super Area,Chennai,Semi-Furnished,Family,2,Contact Agent
3,23000,1060,Carpet Area,Chennai,Unfurnished,Bachelors,2,Contact Owner
2,9500,900,Super Area,Chennai,Unfurnished,Bachelors/Family,2,Contact Owner
2,13500,1000,Super Area,Chennai,Semi-Furnished,Family,2,Contact Owner
1,12000,450,Super Area,Chennai,Unfurnished,Bachelors/Family,1,Contact Owner
3,33000,1600,Carpet Area,Chennai,Semi-Furnished,Bachelors/Family,3,Contact Agent
3,33000,1760,Super Area,Chennai,Semi-Furnished,Bachelors/Family,3,Contact Owner
2,18999,618,Carpet Area,Chennai,Semi-Furnished,Bachelors/Family,2,Contact Agent
3,18000,1220,Super Area,Chennai,Semi-Furnished,Bachelors/Family,2,Contact Owner
1,8500,580,Super Area,Chennai,Unfurnished,Bachelors/Family,1,Contact Owner
3,20000,1651,Super Area,Chennai,Semi-Furnished,Family,3,Contact Owner
2,9000,705,Carpet Area,Chennai,Semi-Furnished,Bachelors/Family,2,Contact Owner
1,7000,700,Super Area,Chennai,Unfurnished,Bachelors/Family,1,Contact Owner
3,53000,1700,Carpet Area,Chennai,Furnished,Bachelors/Family,3,Contact Agent
2,14000,901,Super Area,Chennai,Unfurnished,Bachelors/Family,2,Contact Owner
2,21000,1100,Super Area,Chennai,Furnished,Bachelors/Family,2,Contact Owner
3,16000,1120,Super Area,Chennai,Semi-Furnished,Bachelors/Family,2,Contact Owner
2,26000,1300,Carpet Area,Chennai,Semi-Furnished,Bachelors,2,Contact Agent
3,20000,1350,Super Area,Chennai,Furnished,Bachelors,3,Contact Owner
2,25000,1340,Super Area,Chennai,Semi-Furnished,Family,2,Contact Owner
1,10000,250,Super Area,Chennai,Unfurnished,Bachelors/Family,1,Contact Owner
2,11500,700,Carpet Area,Chennai,Semi-Furnished,Bachelors/Family,2,Contact Owner
2,15000,650,Carpet Area,Chennai,Unfurnished,Bachelors,2,Contact Owner
1,4200,490,Super Area,Chennai,Semi-Furnished,Bachelors/Family,1,Contact Owner
2,9500,700,Carpet Area,Chennai,Unfurnished,Bachelors/Family,1,Contact Owner
1,8000,580,Super Area,Chennai,Unfurnished,Bachelors/Family,2,Contact Owner
2,16000,1400,Carpet Area,Chennai,Semi-Furnished,Bachelors,3,Contact Owner
2,12000,850,Carpet Area,Chennai,Semi-Furnished,Bachelors/Family,2,Contact Owner
2,12000,850,Carpet Area,Chennai,Semi-Furnished,Bachelors/Family,2,Contact Owner
2,12000,900,Super Area,Chennai,Unfurnished,Bachelors/Family,2,Contact Owner
2,13000,780,Super Area,Chennai,Furnished,Bachelors/Family,2,Contact Owner
3,15723,1246,Super Area,Chennai,Semi-Furnished,Bachelors/Family,2,Contact Owner
1,6000,300,Super Area,Chennai,Semi-Furnished,Bachelors/Family,1,Contact Owner
2,10000,900,Super Area,Chennai,Unfurnished,Bachelors/Family,2,Contact Owner
1,3000,350,Super Area,Chennai,Unfurnished,Bachelors/Family,1,Contact Owner
2,7500,900,Super Area,Chennai,Unfurnished,Bachelors/Family,2,Contact Owner
2,18000,1099,Super Area,Chennai,Semi-Furnished,Family,2,Contact Owner
3,16500,1530,Carpet Area,Chennai,Semi-Furnished,Bachelors/Family,3,Contact Owner
3,35000,2000,Super Area,Chennai,Semi-Furnished,Bachelors/Family,3,Contact Owner
3,15000,1095,Super Area,Chennai,Furnished,Bachelors/Family,2,Contact Owner
2,7000,780,Carpet Area,Chennai,Unfurnished,Family,2,Contact Owner
3,38000,1300,Carpet Area,Chennai,Unfurnished,Bachelors/Family,3,Contact Agent
2,20000,900,Super Area,Chennai,Semi-Furnished,Bachelors/Family,2,Contact Owner
1,7500,450,Super Area,Chennai,Unfurnished,Bachelors/Family,1,Contact Owner
2,12500,400,Super Area,Chennai,Unfurnished,Bachelors/Family,2,Contact Owner
3,16000,900,Super Area,Chennai,Semi-Furnished,Bachelors/Family,2,Contact Owner
2,16000,935,Carpet Area,Chennai,Unfurnished,Bachelors,2,Contact Owner
1,8500,450,Super Area,Chennai,Unfurnished,Bachelors/Family,1,Contact Owner
2,30000,1020,Carpet Area,Chennai,Furnished,Bachelors/Family,2,Contact Agent
3,16000,1280,Super Area,Chennai,Semi-Furnished,Bachelors/Family,2,Contact Owner
1,5700,450,Carpet Area,Chennai,Semi-Furnished,Family,1,Contact Owner
2,18000,1120,Super Area,Chennai,Semi-Furnished,Bachelors/Family,2,Contact Owner
2,15000,1000,Super Area,Chennai,Semi-Furnished,Bachelors/Family,2,Contact Owner
2,7500,1000,Super Area,Chennai,Semi-Furnished,Bachelors/Family,2,Contact Owner
2,9000,750,Super Area,Chennai,Unfurnished,Bachelors/Family,2,Contact Owner
2,13000,1000,Super Area,Chennai,Semi-Furnished,Bachelors/Family,2,Contact Owner
3,25000,1100,Super Area,Chennai,Unfurnished,Bachelors/Family,2,Contact Owner
3,130000,3000,Super Area,Chennai,Furnished,Bachelors/Family,3,Contact Agent
2,13000,650,Super Area,Chennai,Semi-Furnished,Bachelors/Family,2,Contact Owner
3,20000,1500,Carpet Area,Chennai,Semi-Furnished,Bachelors/Family,3,Contact Owner
1,18000,500,Super Area,Chennai,Unfurnished,Bachelors/Family,1,Contact Owner
2,8000,700,Super Area,Chennai,Unfurnished,Bachelors/Family,1,Contact Owner
1,16000,450,Super Area,Chennai,Furnished,Bachelors/Family,1,Contact Owner
2,18000,700,Carpet Area,Chennai,Unfurnished,Bachelors,2,Contact Agent
2,19000,1250,Super Area,Chennai,Semi-Furnished,Family,2,Contact Owner
2,7500,700,Super Area,Chennai,Unfurnished,Bachelors/Family,2,Contact Owner
2,15000,650,Super Area,Chennai,Semi-Furnished,Bachelors/Family,2,Contact Owner
2,19000,850,Super Area,Chennai,Semi-Furnished,Bachelors/Family,2,Contact Owner
2,10000,750,Carpet Area,Chennai,Unfurnished,Bachelors,2,Contact Owner
3,45000,1780,Super Area,Chennai,Semi-Furnished,Bachelors/Family,3,Contact Owner
2,20000,980,Super Area,Chennai,Unfurnished,Bachelors/Family,2,Contact Owner
2,7500,700,Super Area,Chennai,Unfurnished,Bachelors/Family,2,Contact Owner
2,14000,600,Carpet Area,Chennai,Semi-Furnished,Bachelors/Family,2,Contact Agent
2,5000,800,Super Area,Chennai,Unfurnished,Bachelors/Family,2,Contact Owner
2,20000,1500,Super Area,Chennai,Semi-Furnished,Bachelors/Family,2,Contact Owner
3,15000,1402,Carpet Area,Chennai,Semi-Furnished,Bachelors/Family,3,Contact Owner
3,75000,1500,Carpet Area,Chennai,Semi-Furnished,Bachelors/Family,3,Contact Agent
3,30000,1300,Super Area,Chennai,Furnished,Bachelors/Family,3,Contact Owner
3,30000,1484,Carpet Area,Chennai,Semi-Furnished,Bachelors/Family,3,Contact Agent
1,12500,630,Carpet Area,Chennai,Semi-Furnished,Bachelors,1,Contact Owner
2,24000,1150,Carpet Area,Chennai,Semi-Furnished,Bachelors/Family,2,Contact Agent
2,10000,800,Carpet Area,Chennai,Unfurnished,Family,2,Contact Owner
2,12000,600,Carpet Area,Chennai,Semi-Furnished,Bachelors,2,Contact Owner
3,45000,2200,Super Area,Chennai,Unfurnished,Bachelors/Family,3,Contact Agent
2,10500,950,Super Area,Chennai,Semi-Furnished,Bachelors/Family,2,Contact Owner
2,6250,700,Super Area,Chennai,Unfurnished,Bachelors/Family,2,Contact Owner
1,6000,450,Super Area,Chennai,Semi-Furnished,Bachelors/Family,1,Contact Owner
1,7500,150,Carpet Area,Chennai,Unfurnished,Bachelors,1,Contact Owner
1,6300,360,Super Area,Chennai,Unfurnished,Bachelors/Family,1,Contact Owner
1,7000,750,Super Area,Chennai,Semi-Furnished,Bachelors/Family,1,Contact Owner
2,14000,1065,Super Area,Chennai,Semi-Furnished,Family,2,Contact Owner
2,10000,650,Super Area,Chennai,Unfurnished,Bachelors/Family,2,Contact Owner
2,30000,1140,Carpet Area,Chennai,Semi-Furnished,Bachelors/Family,2,Contact Agent
3,16000,1525,Carpet Area,Chennai,Semi-Furnished,Family,3,Contact Owner
3,22000,1450,Carpet Area,Chennai,Furnished,Bachelors/Family,3,Contact Owner
2,14000,1200,Carpet Area,Chennai,Semi-Furnished,Bachelors,2,Contact Owner
2,18000,1100,Super Area,Chennai,Semi-Furnished,Bachelors/Family,2,Contact Owner
2,10500,700,Super Area,Chennai,Semi-Furnished,Family,2,Contact Owner
1,6000,600,Carpet Area,Chennai,Unfurnished,Family,1,Contact Owner
3,20000,1200,Carpet Area,Chennai,Unfurnished,Bachelors/Family,2,Contact Owner
3,90000,2100,Carpet Area,Chennai,Unfurnished,Bachelors,3,Contact Agent
2,13500,950,Super Area,Chennai,Semi-Furnished,Bachelors/Family,2,Contact Owner
1,7000,800,Carpet Area,Chennai,Semi-Furnished,Bachelors/Family,1,Contact Owner
2,12500,900,Carpet Area,Chennai,Unfurnished,Bachelors,2,Contact Owner
2,15000,805,Super Area,Chennai,Semi-Furnished,Bachelors/Family,2,Contact Owner
2,14000,800,Carpet Area,Chennai,Unfurnished,Bachelors,2,Contact Owner
2,28000,2300,Carpet Area,Chennai,Furnished,Bachelors,2,Contact Owner
2,9500,1200,Super Area,Chennai,Semi-Furnished,Bachelors/Family,2,Contact Owner
3,16000,1200,Carpet Area,Chennai,Semi-Furnished,Bachelors/Family,2,Contact Owner
4,120000,4000,Super Area,Chennai,Semi-Furnished,Bachelors,4,Contact Agent
3,20000,1500,Carpet Area,Chennai,Unfurnished,Bachelors/Family,2,Contact Owner
1,21000,500,Carpet Area,Chennai,Furnished,Bachelors/Family,1,Contact Agent
2,22000,1050,Super Area,Chennai,Semi-Furnished,Bachelors/Family,2,Contact Owner
4,120000,2550,Carpet Area,Chennai,Semi-Furnished,Bachelors,4,Contact Agent
2,15000,650,Carpet Area,Chennai,Unfurnished,Bachelors,2,Contact Owner
1,5000,800,Carpet Area,Chennai,Unfurnished,Bachelors/Family,1,Contact Owner
2,15000,1000,Super Area,Chennai,Unfurnished,Bachelors/Family,2,Contact Owner
2,19000,900,Super Area,Chennai,Semi-Furnished,Bachelors/Family,2,Contact Owner
3,37500,1475,Super Area,Chennai,Semi-Furnished,Bachelors/Family,3,Contact Owner
1,8000,360,Super Area,Chennai,Semi-Furnished,Bachelors/Family,1,Contact Owner
3,45000,1600,Carpet Area,Chennai,Unfurnished,Bachelors/Family,3,Contact Agent
1,5000,550,Super Area,Chennai,Unfurnished,Bachelors/Family,1,Contact Owner
3,30000,1800,Super Area,Chennai,Unfurnished,Bachelors,2,Contact Owner
2,17000,1000,Super Area,Chennai,Unfurnished,Bachelors/Family,2,Contact Owner
2,15000,700,Super Area,Chennai,Furnished,Bachelors/Family,2,Contact Owner
1,3500,500,Super Area,Chennai,Semi-Furnished,Bachelors/Family,1,Contact Owner
3,25000,1132,Super Area,Chennai,Semi-Furnished,Bachelors/Family,2,Contact Agent
3,17000,1400,Carpet Area,Chennai,Semi-Furnished,Bachelors/Family,3,Contact Owner
5,50000,3300,Super Area,Chennai,Semi-Furnished,Bachelors/Family,5,Contact Owner
3,22000,1400,Carpet Area,Chennai,Semi-Furnished,Bachelors/Family,3,Contact Owner
2,12000,800,Super Area,Chennai,Semi-Furnished,Bachelors/Family,2,Contact Owner
3,10000,80,Carpet Area,Chennai,Semi-Furnished,Bachelors/Family,2,Contact Owner
3,10000,1000,Carpet Area,Chennai,Semi-Furnished,Bachelors/Family,3,Contact Owner
2,26000,1020,Super Area,Chennai,Semi-Furnished,Bachelors/Family,2,Contact Agent
2,9000,500,Carpet Area,Chennai,Furnished,Bachelors/Family,2,Contact Owner
2,12000,900,Super Area,Chennai,Furnished,Bachelors/Family,2,Contact Owner
2,8500,600,Carpet Area,Chennai,Unfurnished,Bachelors/Family,1,Contact Owner
2,7000,1100,Super Area,Chennai,Unfurnished,Bachelors/Family,2,Contact Owner
2,12000,1200,Carpet Area,Chennai,Unfurnished,Family,3,Contact Owner
2,12000,650,Carpet Area,Chennai,Unfurnished,Bachelors/Family,2,Contact Owner
2,26000,900,Super Area,Chennai,Semi-Furnished,Bachelors/Family,2,Contact Owner
3,13000,100,Carpet Area,Chennai,Unfurnished,Bachelors/Family,2,Contact Owner
2,30000,1100,Carpet Area,Chennai,Unfurnished,Bachelors/Family,2,Contact Owner
2,30000,585,Super Area,Chennai,Unfurnished,Bachelors/Family,2,Contact Owner
2,12000,740,Super Area,Chennai,Unfurnished,Bachelors/Family,2,Contact Owner
1,10000,550,Super Area,Chennai,Unfurnished,Bachelors/Family,1,Contact Owner
2,13000,786,Super Area,Chennai,Furnished,Bachelors/Family,2,Contact Owner
2,13000,1100,Carpet Area,Chennai,Unfurnished,Family,2,Contact Owner
3,40000,1500,Super Area,Chennai,Semi-Furnished,Bachelors,3,Contact Agent
3,25000,1440,Carpet Area,Chennai,Semi-Furnished,Bachelors/Family,3,Contact Owner
1,8000,700,Super Area,Chennai,Semi-Furnished,Bachelors/Family,1,Contact Owner
1,6000,450,Super Area,Chennai,Unfurnished,Bachelors/Family,1,Contact Owner
3,17000,1200,Super Area,Chennai,Semi-Furnished,Bachelors/Family,2,Contact Owner
3,17000,1785,Super Area,Chennai,Semi-Furnished,Family,3,Contact Owner
2,15000,1050,Super Area,Chennai,Semi-Furnished,Bachelors/Family,2,Contact Owner
2,8500,700,Super Area,Chennai,Semi-Furnished,Bachelors/Family,1,Contact Owner
2,8500,450,Carpet Area,Chennai,Unfurnished,Bachelors/Family,1,Contact Owner
2,11000,803,Super Area,Chennai,Semi-Furnished,Bachelors/Family,2,Contact Owner
3,60000,1800,Super Area,Chennai,Semi-Furnished,Bachelors,3,Contact Agent
2,18000,985,Carpet Area,Chennai,Unfurnished,Bachelors,2,Contact Owner
4,70000,2880,Super Area,Chennai,Semi-Furnished,Bachelors,3,Contact Agent
2,10000,850,Super Area,Chennai,Unfurnished,Bachelors,2,Contact Owner
3,20000,1100,Carpet Area,Chennai,Unfurnished,Bachelors/Family,2,Contact Owner
2,16000,1100,Super Area,Chennai,Semi-Furnished,Bachelors/Family,2,Contact Owner
2,10000,1500,Super Area,Chennai,Furnished,Bachelors/Family,2,Contact Owner
3,100000,1975,Super Area,Chennai,Semi-Furnished,Family,3,Contact Agent
1,7000,400,Super Area,Chennai,Unfurnished,Bachelors/Family,1,Contact Owner
2,17000,914,Super Area,Chennai,Semi-Furnished,Bachelors/Family,2,Contact Owner
2,17000,1000,Super Area,Chennai,Semi-Furnished,Bachelors/Family,2,Contact Owner
3,39000,1170,Super Area,Chennai,Semi-Furnished,Bachelors/Family,2,Contact Owner
1,6500,350,Super Area,Chennai,Unfurnished,Bachelors/Family,1,Contact Owner
3,15000,1120,Carpet Area,Chennai,Unfurnished,Bachelors,2,Contact Owner
2,17000,1100,Super Area,Chennai,Unfurnished,Bachelors/Family,2,Contact Owner
1,6800,500,Super Area,Chennai,Unfurnished,Bachelors/Family,1,Contact Owner
3,110000,1435,Super Area,Chennai,Furnished,Bachelors/Family,3,Contact Owner
1,8500,200,Carpet Area,Chennai,Semi-Furnished,Bachelors/Family,1,Contact Owner
3,65000,1444,Super Area,Chennai,Semi-Furnished,Bachelors,3,Contact Agent
1,7500,350,Super Area,Chennai,Semi-Furnished,Bachelors/Family,1,Contact Owner
2,10000,800,Super Area,Chennai,Semi-Furnished,Bachelors/Family,2,Contact Owner
3,34000,1503,Carpet Area,Chennai,Semi-Furnished,Family,2,Contact Owner
3,17000,1200,Super Area,Chennai,Unfurnished,Bachelors/Family,3,Contact Owner
3,23000,900,Carpet Area,Chennai,Unfurnished,Bachelors,2,Contact Owner
1,17000,625,Super Area,Chennai,Semi-Furnished,Bachelors/Family,1,Contact Owner
2,8500,860,Super Area,Chennai,Semi-Furnished,Bachelors/Family,2,Contact Owner
2,10000,960,Super Area,Chennai,Unfurnished,Bachelors/Family,2,Contact Owner
2,8000,550,Super Area,Chennai,Unfurnished,Bachelors,1,Contact Owner
3,30000,1000,Super Area,Chennai,Semi-Furnished,Bachelors/Family,3,Contact Owner
1,15000,520,Super Area,Chennai,Semi-Furnished,Bachelors/Family,1,Contact Owner
3,25000,1500,Super Area,Chennai,Unfurnished,Bachelors/Family,2,Contact Agent
2,16500,966,Super Area,Chennai,Semi-Furnished,Bachelors/Family,2,Contact Owner
3,40000,1400,Super Area,Chennai,Semi-Furnished,Bachelors/Family,3,Contact Owner
3,15000,1300,Super Area,Chennai,Semi-Furnished,Bachelors/Family,2,Contact Owner
3,12000,1062,Super Area,Chennai,Semi-Furnished,Bachelors/Family,2,Contact Owner
3,35000,1850,Carpet Area,Chennai,Semi-Furnished,Bachelors,3,Contact Owner
2,8000,600,Carpet Area,Chennai,Unfurnished,Bachelors/Family,2,Contact Owner
2,11000,1000,Super Area,Chennai,Semi-Furnished,Bachelors/Family,2,Contact Owner
3,20000,1065,Super Area,Chennai,Semi-Furnished,Bachelors/Family,3,Contact Owner
3,17000,950,Carpet Area,Chennai,Unfurnished,Bachelors,3,Contact Owner
2,9000,740,Super Area,Chennai,Unfurnished,Family,2,Contact Owner
2,16500,700,Super Area,Chennai,Semi-Furnished,Bachelors/Family,2,Contact Owner
2,12000,880,Carpet Area,Chennai,Unfurnished,Family,2,Contact Owner
2,12500,890,Super Area,Chennai,Unfurnished,Bachelors,2,Contact Owner
2,25000,1100,Super Area,Chennai,Unfurnished,Bachelors/Family,2,Contact Owner
2,15000,700,Super Area,Chennai,Furnished,Bachelors/Family,2,Contact Owner
3,14000,1155,Super Area,Chennai,Unfurnished,Bachelors/Family,2,Contact Owner
3,72000,1500,Carpet Area,Chennai,Semi-Furnished,Bachelors,3,Contact Agent
1,10000,550,Super Area,Chennai,Unfurnished,Bachelors/Family,1,Contact Owner
2,17000,1000,Super Area,Chennai,Semi-Furnished,Bachelors/Family,2,Contact Owner
2,12000,550,Super Area,Chennai,Unfurnished,Bachelors/Family,2,Contact Owner
3,72000,2900,Carpet Area,Chennai,Semi-Furnished,Bachelors,3,Contact Agent
3,26000,2100,Super Area,Chennai,Semi-Furnished,Bachelors/Family,2,Contact Agent
2,10500,1000,Super Area,Chennai,Unfurnished,Bachelors/Family,2,Contact Owner
2,15000,800,Super Area,Chennai,Unfurnished,Bachelors/Family,1,Contact Owner
2,8500,900,Carpet Area,Chennai,Unfurnished,Bachelors,1,Contact Owner
2,10000,800,Carpet Area,Chennai,Semi-Furnished,Bachelors/Family,2,Contact Owner
2,10000,1015,Super Area,Chennai,Semi-Furnished,Bachelors/Family,3,Contact Owner
3,25000,1700,Super Area,Chennai,Semi-Furnished,Bachelors/Family,3,Contact Owner
1,10000,850,Super Area,Chennai,Unfurnished,Bachelors/Family,1,Contact Owner
2,13000,1260,Super Area,Chennai,Semi-Furnished,Bachelors/Family,3,Contact Owner
2,16000,800,Super Area,Chennai,Semi-Furnished,Bachelors/Family,2,Contact Owner
1,5000,550,Carpet Area,Chennai,Unfurnished,Bachelors/Family,1,Contact Owner
2,9500,800,Carpet Area,Chennai,Semi-Furnished,Bachelors/Family,2,Contact Owner
3,18000,1200,Carpet Area,Chennai,Semi-Furnished,Bachelors,2,Contact Owner
3,24000,1570,Super Area,Chennai,Semi-Furnished,Bachelors/Family,3,Contact Owner
1,6166,570,Super Area,Chennai,Semi-Furnished,Bachelors/Family,1,Contact Owner
2,20000,900,Super Area,Chennai,Semi-Furnished,Bachelors/Family,2,Contact Owner
2,13000,700,Super Area,Chennai,Unfurnished,Bachelors/Family,2,Contact Owner
1,8000,500,Super Area,Chennai,Unfurnished,Bachelors/Family,1,Contact Owner
2,18000,1000,Super Area,Chennai,Unfurnished,Bachelors/Family,2,Contact Owner
2,20000,700,Carpet Area,Chennai,Unfurnished,Bachelors/Family,2,Contact Owner
2,14000,690,Super Area,Chennai,Unfurnished,Bachelors/Family,1,Contact Owner
2,15000,100,Carpet Area,Chennai,Semi-Furnished,Family,2,Contact Owner
3,25000,1200,Carpet Area,Chennai,Semi-Furnished,Bachelors/Family,3,Contact Agent
2,26000,1200,Carpet Area,Chennai,Semi-Furnished,Bachelors,2,Contact Agent
2,9000,800,Super Area,Chennai,Unfurnished,Bachelors/Family,2,Contact Owner
3,15000,1157,Super Area,Chennai,Unfurnished,Bachelors/Family,3,Contact Owner
2,15000,780,Super Area,Chennai,Semi-Furnished,Bachelors/Family,2,Contact Owner
3,130000,2792,Super Area,Chennai,Furnished,Bachelors/Family,5,Contact Owner
1,7500,500,Super Area,Chennai,Unfurnished,Bachelors/Family,1,Contact Owner
2,9500,750,Super Area,Chennai,Unfurnished,Bachelors/Family,2,Contact Owner
6,60000,1800,Super Area,Chennai,Furnished,Bachelors/Family,6,Contact Owner
1,7000,500,Super Area,Chennai,Semi-Furnished,Bachelors/Family,1,Contact Owner
2,23000,1153,Super Area,Chennai,Semi-Furnished,Family,2,Contact Owner
1,18000,500,Super Area,Chennai,Furnished,Bachelors/Family,1,Contact Owner
3,18000,1000,Carpet Area,Chennai,Unfurnished,Bachelors/Family,2,Contact Owner
1,6000,510,Super Area,Chennai,Unfurnished,Bachelors/Family,1,Contact Owner
2,13000,730,Carpet Area,Chennai,Semi-Furnished,Family,2,Contact Owner
2,15000,950,Super Area,Chennai,Unfurnished,Bachelors/Family,2,Contact Owner
2,10000,730,Super Area,Chennai,Semi-Furnished,Bachelors/Family,2,Contact Owner
3,22000,1400,Super Area,Chennai,Semi-Furnished,Bachelors/Family,2,Contact Owner
2,10000,900,Super Area,Chennai,Semi-Furnished,Bachelors/Family,2,Contact Owner
1,6500,506,Super Area,Chennai,Unfurnished,Bachelors/Family,1,Contact Owner
2,7000,749,Super Area,Chennai,Unfurnished,Bachelors/Family,2,Contact Owner
1,18000,520,Super Area,Chennai,Semi-Furnished,Bachelors/Family,1,Contact Owner
2,7000,850,Super Area,Chennai,Unfurnished,Bachelors/Family,2,Contact Owner
2,22000,1000,Super Area,Chennai,Semi-Furnished,Family,2,Contact Owner
1,7000,600,Super Area,Chennai,Unfurnished,Bachelors,1,Contact Owner
1,15000,1900,Carpet Area,Chennai,Semi-Furnished,Bachelors/Family,1,Contact Owner
2,8000,600,Carpet Area,Chennai,Semi-Furnished,Bachelors/Family,1,Contact Owner
1,7000,500,Super Area,Chennai,Unfurnished,Bachelors/Family,1,Contact Owner
1,9000,550,Super Area,Chennai,Unfurnished,Bachelors/Family,1,Contact Owner
2,9800,1200,Super Area,Chennai,Unfurnished,Bachelors/Family,2,Contact Owner
3,14500,1107,Carpet Area,Chennai,Semi-Furnished,Bachelors/Family,2,Contact Owner
1,15000,550,Carpet Area,Chennai,Semi-Furnished,Bachelors/Family,1,Contact Agent
2,22000,1150,Carpet Area,Chennai,Semi-Furnished,Bachelors/Family,2,Contact Agent
2,9000,600,Super Area,Chennai,Unfurnished,Bachelors/Family,2,Contact Owner
3,18000,1235,Super Area,Chennai,Semi-Furnished,Bachelors/Family,2,Contact Owner
1,8500,600,Super Area,Chennai,Unfurnished,Bachelors/Family,2,Contact Owner
1,6500,400,Super Area,Chennai,Semi-Furnished,Bachelors/Family,2,Contact Owner
3,40000,1400,Carpet Area,Chennai,Semi-Furnished,Bachelors/Family,3,Contact Agent
3,17000,800,Carpet Area,Chennai,Unfurnished,Bachelors/Family,2,Contact Owner
2,12000,700,Super Area,Chennai,Unfurnished,Bachelors/Family,2,Contact Owner
2,30000,900,Carpet Area,Chennai,Semi-Furnished,Bachelors/Family,2,Contact Owner
1,4000,400,Super Area,Chennai,Unfurnished,Bachelors/Family,1,Contact Owner
2,14000,850,Super Area,Chennai,Furnished,Bachelors/Family,2,Contact Owner
3,25000,1415,Super Area,Chennai,Furnished,Bachelors/Family,2,Contact Owner
1,8000,281,Carpet Area,Chennai,Unfurnished,Bachelors/Family,1,Contact Owner
1,12500,600,Super Area,Chennai,Furnished,Bachelors/Family,1,Contact Owner
5,100000,6000,Super Area,Chennai,Semi-Furnished,Bachelors/Family,4,Contact Agent
2,14000,1050,Carpet Area,Chennai,Unfurnished,Bachelors,2,Contact Owner
1,7500,390,Carpet Area,Chennai,Unfurnished,Bachelors/Family,1,Contact Owner
3,17500,950,Carpet Area,Chennai,Semi-Furnished,Bachelors/Family,2,Contact Owner
3,27000,1500,Carpet Area,Chennai,Semi-Furnished,Family,3,Contact Owner
2,16500,200,Carpet Area,Chennai,Unfurnished,Bachelors/Family,2,Contact Owner
2,12000,926,Super Area,Chennai,Semi-Furnished,Bachelors/Family,2,Contact Owner
3,45000,1700,Carpet Area,Chennai,Semi-Furnished,Bachelors,3,Contact Owner
2,15000,1068,Carpet Area,Chennai,Semi-Furnished,Family,2,Contact Owner
3,14000,1800,Carpet Area,Chennai,Semi-Furnished,Family,3,Contact Owner
2,17000,590,Carpet Area,Chennai,Semi-Furnished,Bachelors/Family,2,Contact Owner
3,34999,1400,Carpet Area,Chennai,Semi-Furnished,Bachelors/Family,3,Contact Agent
1,7000,550,Carpet Area,Chennai,Semi-Furnished,Bachelors/Family,1,Contact Owner
1,10500,520,Super Area,Chennai,Semi-Furnished,Bachelors/Family,1,Contact Owner
2,15000,900,Super Area,Chennai,Semi-Furnished,Bachelors/Family,2,Contact Owner
2,10000,700,Super Area,Chennai,Semi-Furnished,Bachelors/Family,2,Contact Owner
1,7000,400,Super Area,Chennai,Semi-Furnished,Bachelors/Family,1,Contact Owner
4,200000,2280,Carpet Area,Chennai,Semi-Furnished,Bachelors/Family,4,Contact Agent
2,12000,826,Super Area,Chennai,Semi-Furnished,Bachelors/Family,2,Contact Owner
2,10000,1050,Super Area,Chennai,Semi-Furnished,Bachelors/Family,2,Contact Owner
2,15000,700,Super Area,Chennai,Semi-Furnished,Bachelors/Family,2,Contact Owner
2,19000,800,Carpet Area,Chennai,Semi-Furnished,Bachelors/Family,2,Contact Agent
2,25000,850,Super Area,Chennai,Furnished,Bachelors/Family,2,Contact Owner
1,10000,502,Super Area,Chennai,Unfurnished,Bachelors/Family,1,Contact Owner
2,13000,925,Carpet Area,Chennai,Unfurnished,Bachelors,2,Contact Owner
2,12500,500,Super Area,Chennai,Unfurnished,Bachelors/Family,1,Contact Owner
2,10000,950,Super Area,Chennai,Unfurnished,Bachelors/Family,2,Contact Owner
2,16000,930,Super Area,Chennai,Semi-Furnished,Bachelors/Family,2,Contact Owner
2,11000,950,Carpet Area,Chennai,Semi-Furnished,Family,2,Contact Owner
2,13000,800,Carpet Area,Chennai,Semi-Furnished,Bachelors/Family,2,Contact Owner
2,15000,950,Super Area,Chennai,Semi-Furnished,Family,1,Contact Owner
3,15000,1100,Carpet Area,Chennai,Unfurnished,Family,2,Contact Owner
2,20000,750,Super Area,Chennai,Unfurnished,Bachelors/Family,3,Contact Owner
2,12000,1000,Super Area,Chennai,Semi-Furnished,Bachelors/Family,2,Contact Owner
2,600000,950,Carpet Area,Chennai,Unfurnished,Bachelors,2,Contact Owner
2,11000,800,Super Area,Chennai,Semi-Furnished,Family,2,Contact Owner
1,10000,500,Carpet Area,Chennai,Unfurnished,Bachelors,1,Contact Agent
3,30000,1500,Carpet Area,Chennai,Semi-Furnished,Bachelors/Family,3,Contact Agent
1,8000,550,Super Area,Chennai,Furnished,Bachelors/Family,1,Contact Owner
1,7000,400,Super Area,Chennai,Semi-Furnished,Bachelors/Family,1,Contact Owner
1,10000,550,Carpet Area,Chennai,Unfurnished,Bachelors,1,Contact Owner
2,9300,730,Super Area,Chennai,Unfurnished,Bachelors/Family,1,Contact Owner
2,10500,1000,Carpet Area,Chennai,Semi-Furnished,Family,2,Contact Owner
2,16000,975,Carpet Area,Chennai,Semi-Furnished,Bachelors/Family,2,Contact Agent
2,20000,1800,Super Area,Chennai,Semi-Furnished,Bachelors/Family,2,Contact Owner
2,9000,745,Super Area,Chennai,Semi-Furnished,Bachelors/Family,2,Contact Owner
2,18000,900,Carpet Area,Chennai,Semi-Furnished,Family,2,Contact Agent
2,10000,600,Super Area,Chennai,Unfurnished,Family,2,Contact Owner
2,16000,600,Super Area,Chennai,Unfurnished,Bachelors/Family,2,Contact Owner
1,13500,450,Carpet Area,Chennai,Unfurnished,Bachelors,1,Contact Owner
2,16000,1030,Super Area,Chennai,Semi-Furnished,Bachelors/Family,2,Contact Owner
2,8500,833,Super Area,Chennai,Unfurnished,Bachelors/Family,2,Contact Owner
2,15000,1000,Super Area,Chennai,Semi-Furnished,Bachelors/Family,2,Contact Owner
2,8200,840,Carpet Area,Chennai,Unfurnished,Bachelors/Family,2,Contact Owner
2,20000,750,Carpet Area,Chennai,Furnished,Family,2,Contact Owner
2,9000,950,Super Area,Chennai,Semi-Furnished,Bachelors/Family,2,Contact Owner
1,13500,550,Super Area,Chennai,Semi-Furnished,Bachelors/Family,1,Contact Owner
3,26000,1125,Super Area,Chennai,Semi-Furnished,Bachelors/Family,2,Contact Owner
2,11000,700,Carpet Area,Chennai,Unfurnished,Bachelors/Family,2,Contact Owner
2,18000,1100,Super Area,Chennai,Semi-Furnished,Bachelors/Family,2,Contact Owner
2,10000,700,Super Area,Chennai,Unfurnished,Bachelors/Family,2,Contact Owner
3,40000,1250,Carpet Area,Chennai,Semi-Furnished,Bachelors,3,Contact Agent
2,24000,1100,Super Area,Chennai,Unfurnished,Bachelors/Family,2,Contact Owner
1,18000,475,Carpet Area,Chennai,Semi-Furnished,Bachelors/Family,1,Contact Agent
2,11000,530,Super Area,Chennai,Semi-Furnished,Bachelors/Family,1,Contact Owner
2,23000,1050,Carpet Area,Chennai,Semi-Furnished,Family,2,Contact Agent
2,11000,830,Super Area,Chennai,Semi-Furnished,Family,2,Contact Owner
2,8000,809,Super Area,Chennai,Unfurnished,Bachelors/Family,2,Contact Owner
2,15000,900,Super Area,Chennai,Semi-Furnished,Bachelors/Family,2,Contact Owner
1,9500,700,Super Area,Chennai,Semi-Furnished,Bachelors/Family,1,Contact Owner
2,13500,1150,Super Area,Chennai,Semi-Furnished,Bachelors,2,Contact Owner
1,11000,750,Super Area,Chennai,Semi-Furnished,Bachelors/Family,1,Contact Owner
2,13000,920,Super Area,Chennai,Semi-Furnished,Bachelors/Family,2,Contact Owner
2,25000,1050,Carpet Area,Chennai,Semi-Furnished,Family,2,Contact Agent
2,12000,1800,Super Area,Chennai,Unfurnished,Bachelors/Family,2,Contact Owner
2,25000,1000,Carpet Area,Chennai,Semi-Furnished,Bachelors,2,Contact Agent
3,8500,1062,Carpet Area,Chennai,Semi-Furnished,Bachelors/Family,2,Contact Owner
2,8500,800,Super Area,Chennai,Unfurnished,Bachelors/Family,2,Contact Owner
1,5000,450,Super Area,Chennai,Unfurnished,Bachelors/Family,1,Contact Owner
2,8500,900,Super Area,Chennai,Unfurnished,Bachelors/Family,1,Contact Owner
4,100000,2240,Carpet Area,Chennai,Furnished,Bachelors/Family,4,Contact Agent
1,7500,500,Super Area,Chennai,Unfurnished,Bachelors/Family,1,Contact Owner
1,7000,750,Super Area,Chennai,Unfurnished,Bachelors/Family,1,Contact Agent
3,26000,1400,Super Area,Chennai,Semi-Furnished,Bachelors/Family,3,Contact Owner
2,12000,1200,Carpet Area,Chennai,Semi-Furnished,Bachelors,2,Contact Owner
2,18000,1424,Super Area,Chennai,Semi-Furnished,Bachelors/Family,2,Contact Owner
1,13000,450,Super Area,Chennai,Unfurnished,Bachelors,1,Contact Owner
3,160000,2700,Super Area,Chennai,Furnished,Bachelors,2,Contact Agent
2,8000,805,Super Area,Chennai,Unfurnished,Bachelors/Family,2,Contact Owner
1,6000,434,Super Area,Chennai,Unfurnished,Bachelors/Family,1,Contact Owner
2,12500,1000,Super Area,Chennai,Semi-Furnished,Bachelors/Family,2,Contact Owner
1,6500,595,Super Area,Chennai,Semi-Furnished,Bachelors/Family,1,Contact Owner
2,10000,685,Super Area,Chennai,Unfurnished,Bachelors/Family,2,Contact Owner
2,12500,1075,Super Area,Chennai,Semi-Furnished,Bachelors/Family,2,Contact Owner
3,22000,1100,Carpet Area,Chennai,Semi-Furnished,Bachelors,3,Contact Agent
2,17000,950,Carpet Area,Chennai,Unfurnished,Family,2,Contact Owner
3,20000,1500,Super Area,Chennai,Unfurnished,Bachelors,3,Contact Owner
3,22000,1100,Super Area,Chennai,Semi-Furnished,Bachelors/Family,2,Contact Owner
2,11500,1100,Carpet Area,Chennai,Semi-Furnished,Bachelors,2,Contact Owner
3,23000,1000,Carpet Area,Chennai,Unfurnished,Bachelors,3,Contact Owner
2,19000,800,Super Area,Chennai,Semi-Furnished,Bachelors/Family,2,Contact Owner
3,45000,1500,Super Area,Chennai,Semi-Furnished,Bachelors/Family,2,Contact Owner
3,17000,1250,Super Area,Chennai,Semi-Furnished,Bachelors/Family,2,Contact Owner
2,9500,650,Carpet Area,Chennai,Unfurnished,Bachelors/Family,2,Contact Owner
3,45000,1650,Super Area,Chennai,Unfurnished,Bachelors/Family,3,Contact Agent
4,60000,2317,Super Area,Chennai,Unfurnished,Bachelors/Family,4,Contact Agent
2,12000,950,Super Area,Chennai,Semi-Furnished,Family,2,Contact Owner
3,40000,1700,Super Area,Chennai,Furnished,Bachelors/Family,3,Contact Owner
3,16000,1300,Super Area,Chennai,Furnished,Bachelors/Family,2,Contact Owner
2,9000,805,Super Area,Chennai,Semi-Furnished,Bachelors/Family,2,Contact Owner
2,35000,1109,Super Area,Chennai,Semi-Furnished,Bachelors/Family,2,Contact Owner
1,4000,300,Super Area,Chennai,Unfurnished,Bachelors,1,Contact Owner
2,11000,700,Super Area,Chennai,Unfurnished,Bachelors/Family,1,Contact Owner
2,9500,950,Super Area,Chennai,Semi-Furnished,Bachelors/Family,2,Contact Owner
3,25000,1290,Super Area,Chennai,Unfurnished,Bachelors/Family,3,Contact Owner
2,10000,950,Super Area,Chennai,Unfurnished,Bachelors/Family,2,Contact Owner
1,12000,400,Super Area,Chennai,Furnished,Bachelors/Family,1,Contact Owner
2,19397,2000,Super Area,Chennai,Furnished,Bachelors/Family,2,Contact Owner
2,12000,939,Super Area,Chennai,Semi-Furnished,Bachelors/Family,2,Contact Owner
3,10000,1200,Carpet Area,Chennai,Unfurnished,Bachelors/Family,3,Contact Owner
2,20000,1800,Super Area,Chennai,Semi-Furnished,Bachelors/Family,2,Contact Owner
3,15000,1200,Carpet Area,Chennai,Unfurnished,Bachelors/Family,2,Contact Agent
2,28000,1200,Super Area,Chennai,Semi-Furnished,Family,2,Contact Owner
3,10000,1750,Super Area,Chennai,Unfurnished,Bachelors/Family,3,Contact Owner
1,3500,300,Super Area,Chennai,Unfurnished,Bachelors/Family,1,Contact Owner
1,8000,650,Carpet Area,Chennai,Unfurnished,Bachelors,1,Contact Owner
2,13500,950,Super Area,Chennai,Semi-Furnished,Bachelors/Family,2,Contact Owner
3,36000,1610,Super Area,Chennai,Semi-Furnished,Family,3,Contact Agent
2,15000,900,Super Area,Chennai,Unfurnished,Bachelors/Family,2,Contact Owner
1,5000,550,Carpet Area,Chennai,Unfurnished,Bachelors/Family,1,Contact Owner
2,10000,700,Super Area,Chennai,Unfurnished,Bachelors/Family,2,Contact Owner
2,10000,800,Super Area,Chennai,Unfurnished,Bachelors/Family,2,Contact Owner
2,8500,580,Super Area,Chennai,Semi-Furnished,Bachelors/Family,2,Contact Owner
2,11000,950,Super Area,Chennai,Semi-Furnished,Bachelors/Family,2,Contact Owner
1,8000,700,Carpet Area,Chennai,Unfurnished,Bachelors/Family,1,Contact Owner
2,12000,600,Super Area,Chennai,Semi-Furnished,Bachelors/Family,1,Contact Owner
1,5000,200,Super Area,Chennai,Semi-Furnished,Bachelors/Family,1,Contact Owner
1,7000,600,Super Area,Chennai,Semi-Furnished,Bachelors/Family,1,Contact Owner
2,15000,550,Super Area,Chennai,Unfurnished,Bachelors/Family,2,Contact Owner
1,10000,600,Super Area,Chennai,Unfurnished,Bachelors/Family,1,Contact Owner
3,37500,1680,Super Area,Chennai,Semi-Furnished,Family,3,Contact Agent
2,7000,1100,Carpet Area,Chennai,Unfurnished,Bachelors/Family,2,Contact Owner
1,6500,600,Super Area,Chennai,Unfurnished,Bachelors/Family,1,Contact Owner
2,16000,820,Carpet Area,Chennai,Semi-Furnished,Family,2,Contact Owner
3,34000,1125,Carpet Area,Chennai,Semi-Furnished,Family,3,Contact Agent
2,11500,973,Carpet Area,Chennai,Semi-Furnished,Family,2,Contact Owner
2,15000,780,Super Area,Chennai,Furnished,Bachelors/Family,1,Contact Owner
1,8000,400,Super Area,Chennai,Unfurnished,Bachelors/Family,1,Contact Owner
4,220000,4000,Super Area,Chennai,Semi-Furnished,Bachelors/Family,4,Contact Agent
2,22000,1000,Carpet Area,Chennai,Semi-Furnished,Bachelors/Family,2,Contact Agent
3,85000,3500,Carpet Area,Chennai,Semi-Furnished,Bachelors/Family,3,Contact Agent
1,6000,350,Super Area,Chennai,Semi-Furnished,Bachelors/Family,1,Contact Owner
2,14000,800,Carpet Area,Chennai,Semi-Furnished,Bachelors,2,Contact Owner
2,11500,700,Super Area,Chennai,Unfurnished,Bachelors/Family,2,Contact Owner
1,6000,550,Super Area,Chennai,Unfurnished,Bachelors/Family,1,Contact Owner
3,24000,2100,Super Area,Chennai,Semi-Furnished,Bachelors/Family,4,Contact Owner
3,32000,1700,Super Area,Chennai,Semi-Furnished,Bachelors/Family,3,Contact Owner
3,16000,1420,Carpet Area,Chennai,Semi-Furnished,Bachelors/Family,2,Contact Owner
2,13000,950,Carpet Area,Chennai,Semi-Furnished,Bachelors/Family,2,Contact Owner
2,14000,780,Super Area,Chennai,Semi-Furnished,Bachelors/Family,2,Contact Owner
1,7500,800,Carpet Area,Chennai,Unfurnished,Bachelors,1,Contact Owner
2,10000,500,Super Area,Chennai,Semi-Furnished,Bachelors/Family,1,Contact Owner
2,18500,1000,Super Area,Chennai,Semi-Furnished,Bachelors/Family,2,Contact Owner
2,12000,750,Super Area,Chennai,Unfurnished,Bachelors/Family,2,Contact Owner
2,17000,1200,Carpet Area,Chennai,Unfurnished,Bachelors/Family,2,Contact Owner
3,35000,1152,Carpet Area,Chennai,Semi-Furnished,Family,3,Contact Agent
2,9000,843,Super Area,Chennai,Semi-Furnished,Bachelors/Family,2,Contact Owner
2,13000,900,Super Area,Chennai,Unfurnished,Bachelors/Family,2,Contact Owner
2,27999,1250,Carpet Area,Chennai,Semi-Furnished,Bachelors/Family,2,Contact Agent
2,11000,650,Super Area,Chennai,Unfurnished,Bachelors/Family,2,Contact Owner
4,140000,2600,Carpet Area,Chennai,Semi-Furnished,Bachelors/Family,4,Contact Agent
1,12000,700,Super Area,Chennai,Unfurnished,Bachelors/Family,1,Contact Owner
2,13000,720,Carpet Area,Chennai,Unfurnished,Family,2,Contact Owner
4,250000,3500,Carpet Area,Chennai,Semi-Furnished,Bachelors/Family,4,Contact Agent
4,80000,3000,Carpet Area,Chennai,Unfurnished,Bachelors,4,Contact Agent
2,22999,1144,Carpet Area,Chennai,Semi-Furnished,Bachelors/Family,2,Contact Agent
3,36000,1750,Carpet Area,Chennai,Unfurnished,Bachelors,3,Contact Agent
3,70000,1450,Super Area,Chennai,Unfurnished,Bachelors/Family,2,Contact Owner
2,12500,590,Super Area,Chennai,Unfurnished,Bachelors/Family,1,Contact Owner
2,18000,900,Super Area,Chennai,Semi-Furnished,Bachelors/Family,2,Contact Owner
2,10000,800,Super Area,Chennai,Semi-Furnished,Bachelors/Family,1,Contact Owner
2,18000,1000,Super Area,Chennai,Semi-Furnished,Bachelors/Family,2,Contact Owner
3,37000,1650,Super Area,Chennai,Semi-Furnished,Family,3,Contact Agent
2,18000,700,Carpet Area,Chennai,Semi-Furnished,Bachelors/Family,2,Contact Owner
3,25000,1280,Super Area,Chennai,Semi-Furnished,Bachelors/Family,2,Contact Owner
2,10000,700,Super Area,Chennai,Unfurnished,Bachelors/Family,2,Contact Owner
2,15000,980,Super Area,Chennai,Unfurnished,Bachelors/Family,2,Contact Owner
2,15000,900,Carpet Area,Chennai,Semi-Furnished,Bachelors/Family,2,Contact Owner
1,9000,450,Super Area,Chennai,Unfurnished,Family,1,Contact Owner
2,14000,1200,Super Area,Chennai,Unfurnished,Bachelors/Family,2,Contact Owner
2,8500,650,Super Area,Chennai,Semi-Furnished,Bachelors/Family,2,Contact Owner
3,35000,1903,Super Area,Chennai,Semi-Furnished,Bachelors/Family,3,Contact Owner
2,10000,650,Super Area,Chennai,Semi-Furnished,Bachelors/Family,1,Contact Owner
1,5000,450,Carpet Area,Chennai,Unfurnished,Bachelors/Family,1,Contact Owner
2,23000,900,Carpet Area,Chennai,Unfurnished,Bachelors,2,Contact Owner
2,15000,550,Super Area,Chennai,Unfurnished,Family,1,Contact Owner
2,18500,750,Super Area,Chennai,Semi-Furnished,Bachelors/Family,2,Contact Owner
2,28000,1000,Super Area,Chennai,Semi-Furnished,Bachelors/Family,2,Contact Owner
3,32000,1050,Carpet Area,Chennai,Semi-Furnished,Family,3,Contact Agent
1,14000,650,Carpet Area,Chennai,Furnished,Family,2,Contact Owner
1,7000,400,Super Area,Chennai,Semi-Furnished,Bachelors/Family,1,Contact Owner
3,33000,1075,Carpet Area,Chennai,Semi-Furnished,Family,3,Contact Agent
3,100000,2000,Carpet Area,Chennai,Semi-Furnished,Bachelors,3,Contact Agent
2,18000,720,Super Area,Chennai,Semi-Furnished,Bachelors/Family,2,Contact Owner
3,16000,1000,Carpet Area,Chennai,Unfurnished,Bachelors,2,Contact Owner
1,8500,500,Super Area,Chennai,Unfurnished,Bachelors/Family,1,Contact Owner
2,10000,900,Super Area,Chennai,Furnished,Bachelors/Family,2,Contact Owner
2,13500,900,Super Area,Chennai,Semi-Furnished,Bachelors/Family,2,Contact Owner
2,19000,900,Super Area,Chennai,Semi-Furnished,Bachelors/Family,2,Contact Owner
1,11500,1000,Super Area,Chennai,Unfurnished,Bachelors/Family,2,Contact Owner
3,22000,1300,Super Area,Chennai,Semi-Furnished,Family,3,Contact Owner
3,12000,1383,Super Area,Chennai,Semi-Furnished,Bachelors,3,Contact Owner
2,10000,800,Carpet Area,Chennai,Semi-Furnished,Bachelors,2,Contact Owner
2,15000,1500,Carpet Area,Chennai,Unfurnished,Bachelors,2,Contact Owner
3,35000,1350,Carpet Area,Chennai,Semi-Furnished,Bachelors,2,Contact Agent
3,70000,2000,Carpet Area,Chennai,Semi-Furnished,Bachelors,3,Contact Agent
3,32000,1200,Carpet Area,Chennai,Unfurnished,Bachelors,2,Contact Agent
3,35000,1912,Carpet Area,Chennai,Unfurnished,Bachelors,3,Contact Agent
1,10000,500,Carpet Area,Chennai,Unfurnished,Bachelors,1,Contact Owner
2,11000,950,Super Area,Chennai,Unfurnished,Bachelors,2,Contact Owner
2,12000,1000,Carpet Area,Chennai,Unfurnished,Bachelors,2,Contact Owner
3,40000,1600,Carpet Area,Chennai,Unfurnished,Bachelors,3,Contact Owner
2,8000,900,Super Area,Chennai,Unfurnished,Bachelors/Family,2,Contact Owner
3,20000,1265,Super Area,Chennai,Semi-Furnished,Bachelors/Family,2,Contact Owner
3,12000,1060,Super Area,Chennai,Semi-Furnished,Bachelors/Family,2,Contact Owner
2,15000,1050,Super Area,Chennai,Semi-Furnished,Bachelors/Family,2,Contact Owner
3,27000,1500,Carpet Area,Chennai,Unfurnished,Bachelors,3,Contact Agent
2,13000,890,Carpet Area,Chennai,Unfurnished,Bachelors,2,Contact Owner
2,9000,700,Carpet Area,Chennai,Unfurnished,Bachelors/Family,3,Contact Owner
3,25000,1146,Carpet Area,Chennai,Semi-Furnished,Bachelors/Family,2,Contact Owner
1,12000,700,Super Area,Chennai,Semi-Furnished,Bachelors/Family,1,Contact Owner
2,18000,800,Carpet Area,Chennai,Semi-Furnished,Bachelors,2,Contact Agent
2,9500,640,Carpet Area,Chennai,Unfurnished,Bachelors/Family,2,Contact Owner
2,14000,909,Super Area,Chennai,Semi-Furnished,Bachelors/Family,2,Contact Owner
4,40000,2400,Carpet Area,Chennai,Unfurnished,Bachelors,3,Contact Agent
4,70000,3800,Carpet Area,Chennai,Semi-Furnished,Bachelors/Family,4,Contact Agent
2,15000,400,Super Area,Chennai,Unfurnished,Bachelors/Family,2,Contact Owner
2,8500,886,Super Area,Chennai,Unfurnished,Family,2,Contact Owner
3,27500,1570,Super Area,Chennai,Semi-Furnished,Bachelors/Family,3,Contact Owner
2,15000,900,Super Area,Chennai,Unfurnished,Bachelors/Family,2,Contact Owner
1,5000,400,Super Area,Chennai,Unfurnished,Bachelors/Family,1,Contact Owner
2,26000,1600,Super Area,Chennai,Semi-Furnished,Bachelors/Family,2,Contact Owner
2,14000,1000,Super Area,Chennai,Unfurnished,Bachelors/Family,2,Contact Owner
2,20000,850,Super Area,Chennai,Semi-Furnished,Bachelors/Family,2,Contact Owner
2,12000,750,Super Area,Chennai,Unfurnished,Bachelors/Family,2,Contact Owner
2,17000,750,Super Area,Chennai,Unfurnished,Bachelors/Family,2,Contact Owner
3,75000,2000,Carpet Area,Chennai,Semi-Furnished,Bachelors/Family,3,Contact Owner
3,19500,1270,Super Area,Chennai,Semi-Furnished,Bachelors,2,Contact Owner
2,10000,2000,Carpet Area,Chennai,Semi-Furnished,Bachelors/Family,2,Contact Owner
2,32000,1250,Super Area,Chennai,Furnished,Bachelors/Family,2,Contact Owner
2,15000,1000,Super Area,Chennai,Unfurnished,Family,2,Contact Owner
3,28000,1050,Carpet Area,Chennai,Semi-Furnished,Bachelors/Family,3,Contact Agent
2,10677,800,Super Area,Chennai,Semi-Furnished,Bachelors/Family,2,Contact Owner
3,50000,1625,Super Area,Chennai,Furnished,Bachelors/Family,3,Contact Agent
3,32500,1535,Super Area,Chennai,Unfurnished,Bachelors/Family,3,Contact Agent
2,23000,850,Carpet Area,Chennai,Furnished,Bachelors/Family,2,Contact Owner
4,75000,3800,Carpet Area,Hyderabad,Semi-Furnished,Bachelors/Family,4,Contact Agent
4,250000,4500,Carpet Area,Hyderabad,Semi-Furnished,Family,4,Contact Agent
2,10000,1100,Super Area,Hyderabad,Unfurnished,Bachelors/Family,2,Contact Owner
3,60000,3200,Carpet Area,Hyderabad,Semi-Furnished,Bachelors/Family,3,Contact Agent
2,12000,647,Super Area,Hyderabad,Unfurnished,Bachelors/Family,1,Contact Owner
3,48000,1798,Super Area,Hyderabad,Semi-Furnished,Bachelors/Family,3,Contact Agent
3,58000,1700,Carpet Area,Hyderabad,Furnished,Bachelors/Family,3,Contact Agent
2,14000,930,Super Area,Hyderabad,Semi-Furnished,Bachelors/Family,2,Contact Owner
1,7000,150,Super Area,Hyderabad,Unfurnished,Bachelors/Family,1,Contact Owner
2,13000,1200,Super Area,Hyderabad,Semi-Furnished,Bachelors/Family,2,Contact Owner
2,11000,1250,Super Area,Hyderabad,Unfurnished,Bachelors/Family,2,Contact Owner
2,9500,900,Super Area,Hyderabad,Semi-Furnished,Bachelors/Family,2,Contact Owner
1,7500,500,Super Area,Hyderabad,Semi-Furnished,Bachelors/Family,1,Contact Agent
2,14000,900,Carpet Area,Hyderabad,Semi-Furnished,Bachelors,2,Contact Owner
2,16000,1100,Super Area,Hyderabad,Furnished,Family,2,Contact Agent
3,18000,1500,Super Area,Hyderabad,Semi-Furnished,Bachelors/Family,3,Contact Agent
1,8200,500,Super Area,Hyderabad,Unfurnished,Bachelors/Family,1,Contact Owner
3,12000,1300,Carpet Area,Hyderabad,Furnished,Bachelors/Family,3,Contact Owner
1,10000,300,Super Area,Hyderabad,Furnished,Bachelors/Family,1,Contact Owner
2,13000,800,Super Area,Hyderabad,Semi-Furnished,Bachelors/Family,2,Contact Owner
3,22000,1400,Carpet Area,Hyderabad,Semi-Furnished,Bachelors/Family,2,Contact Owner
1,10500,500,Super Area,Hyderabad,Furnished,Bachelors/Family,1,Contact Owner
2,11000,750,Super Area,Hyderabad,Unfurnished,Bachelors/Family,2,Contact Owner
3,20000,1200,Super Area,Hyderabad,Semi-Furnished,Bachelors/Family,3,Contact Owner
3,14000,1350,Carpet Area,Hyderabad,Semi-Furnished,Bachelors/Family,2,Contact Owner
2,12500,1400,Super Area,Hyderabad,Unfurnished,Bachelors/Family,2,Contact Owner
1,10500,450,Super Area,Hyderabad,Unfurnished,Bachelors/Family,1,Contact Owner
3,30000,2061,Super Area,Hyderabad,Furnished,Bachelors/Family,3,Contact Owner
2,11000,100,Super Area,Hyderabad,Furnished,Family,2,Contact Owner
2,9000,1100,Super Area,Hyderabad,Semi-Furnished,Bachelors/Family,2,Contact Owner
3,35000,1650,Carpet Area,Hyderabad,Semi-Furnished,Family,3,Contact Owner
3,23382,1500,Super Area,Hyderabad,Semi-Furnished,Bachelors/Family,3,Contact Owner
2,9500,1140,Super Area,Hyderabad,Semi-Furnished,Bachelors/Family,2,Contact Owner
2,9000,990,Super Area,Hyderabad,Unfurnished,Bachelors,2,Contact Owner
3,60000,1700,Super Area,Hyderabad,Semi-Furnished,Bachelors/Family,3,Contact Owner
2,11000,1200,Super Area,Hyderabad,Unfurnished,Bachelors/Family,2,Contact Owner
2,11000,850,Super Area,Hyderabad,Unfurnished,Bachelors/Family,2,Contact Owner
2,11000,900,Super Area,Hyderabad,Unfurnished,Bachelors/Family,2,Contact Owner
2,8000,800,Super Area,Hyderabad,Semi-Furnished,Bachelors/Family,2,Contact Owner
2,9000,1000,Super Area,Hyderabad,Unfurnished,Bachelors,2,Contact Owner
2,8000,1020,Super Area,Hyderabad,Semi-Furnished,Bachelors/Family,2,Contact Owner
1,5500,300,Super Area,Hyderabad,Unfurnished,Bachelors/Family,1,Contact Owner
2,12000,1800,Super Area,Hyderabad,Semi-Furnished,Bachelors/Family,2,Contact Owner
3,25000,919,Carpet Area,Hyderabad,Semi-Furnished,Bachelors/Family,2,Contact Owner
3,23000,25,Carpet Area,Hyderabad,Semi-Furnished,Bachelors/Family,3,Contact Owner
2,12000,1050,Super Area,Hyderabad,Semi-Furnished,Bachelors/Family,2,Contact Owner
2,6500,200,Carpet Area,Hyderabad,Unfurnished,Bachelors,2,Contact Owner
1,9000,450,Super Area,Hyderabad,Unfurnished,Bachelors/Family,1,Contact Owner
4,25000,1000,Super Area,Hyderabad,Semi-Furnished,Bachelors/Family,3,Contact Owner
3,12500,1250,Carpet Area,Hyderabad,Semi-Furnished,Bachelors,2,Contact Owner
3,45000,1900,Carpet Area,Hyderabad,Unfurnished,Bachelors,3,Contact Agent
2,27000,1500,Super Area,Hyderabad,Semi-Furnished,Bachelors/Family,2,Contact Owner
3,75000,2395,Carpet Area,Hyderabad,Semi-Furnished,Family,3,Contact Agent
2,9000,1800,Super Area,Hyderabad,Furnished,Bachelors/Family,2,Contact Owner
2,12000,700,Carpet Area,Hyderabad,Unfurnished,Bachelors/Family,2,Contact Owner
3,24000,1700,Super Area,Hyderabad,Unfurnished,Family,2,Contact Agent
2,15000,1200,Super Area,Hyderabad,Unfurnished,Bachelors,2,Contact Owner
3,24000,1600,Carpet Area,Hyderabad,Semi-Furnished,Bachelors/Family,3,Contact Owner
2,12000,745,Super Area,Hyderabad,Unfurnished,Bachelors/Family,2,Contact Owner
3,27000,2210,Super Area,Hyderabad,Semi-Furnished,Family,3,Contact Owner
3,30000,1450,Carpet Area,Hyderabad,Semi-Furnished,Bachelors/Family,3,Contact Owner
3,20000,1400,Super Area,Hyderabad,Semi-Furnished,Family,3,Contact Owner
3,22000,2000,Carpet Area,Hyderabad,Furnished,Bachelors,3,Contact Owner
4,25000,1815,Super Area,Hyderabad,Semi-Furnished,Bachelors/Family,3,Contact Owner
2,23000,1000,Super Area,Hyderabad,Semi-Furnished,Bachelors/Family,1,Contact Owner
2,12000,1000,Super Area,Hyderabad,Unfurnished,Bachelors/Family,2,Contact Owner
2,18000,1200,Super Area,Hyderabad,Unfurnished,Bachelors/Family,3,Contact Owner
3,55000,2430,Super Area,Hyderabad,Semi-Furnished,Bachelors,3,Contact Agent
1,5000,140,Super Area,Hyderabad,Unfurnished,Bachelors/Family,1,Contact Owner
2,13000,1200,Super Area,Hyderabad,Semi-Furnished,Bachelors/Family,2,Contact Owner
2,9000,1100,Super Area,Hyderabad,Unfurnished,Bachelors/Family,3,Contact Owner
2,7000,800,Carpet Area,Hyderabad,Unfurnished,Bachelors,2,Contact Owner
3,28000,1500,Super Area,Hyderabad,Semi-Furnished,Bachelors/Family,3,Contact Owner
2,15000,1200,Super Area,Hyderabad,Semi-Furnished,Bachelors/Family,2,Contact Owner
3,14000,1350,Super Area,Hyderabad,Semi-Furnished,Bachelors/Family,3,Contact Owner
5,45000,2300,Carpet Area,Hyderabad,Unfurnished,Bachelors,3,Contact Owner
1,12000,1300,Super Area,Hyderabad,Furnished,Bachelors/Family,2,Contact Owner
2,12500,1000,Super Area,Hyderabad,Semi-Furnished,Bachelors/Family,2,Contact Owner
2,13000,1210,Super Area,Hyderabad,Unfurnished,Bachelors/Family,2,Contact Owner
2,9500,1050,Super Area,Hyderabad,Unfurnished,Bachelors/Family,2,Contact Owner
3,35000,1600,Carpet Area,Hyderabad,Semi-Furnished,Family,3,Contact Agent
1,4000,300,Super Area,Hyderabad,Unfurnished,Bachelors/Family,1,Contact Owner
1,8000,300,Super Area,Hyderabad,Semi-Furnished,Bachelors/Family,1,Contact Owner
2,12500,1010,Carpet Area,Hyderabad,Unfurnished,Bachelors,2,Contact Owner
3,65000,1850,Carpet Area,Hyderabad,Furnished,Bachelors,3,Contact Owner
2,13000,1300,Carpet Area,Hyderabad,Semi-Furnished,Bachelors,2,Contact Owner
2,12500,1100,Carpet Area,Hyderabad,Unfurnished,Bachelors,2,Contact Owner
3,45000,2200,Carpet Area,Hyderabad,Semi-Furnished,Bachelors/Family,3,Contact Agent
3,50000,2290,Super Area,Hyderabad,Semi-Furnished,Bachelors,3,Contact Agent
3,40000,1900,Carpet Area,Hyderabad,Semi-Furnished,Bachelors/Family,3,Contact Agent
3,30000,1600,Carpet Area,Hyderabad,Semi-Furnished,Bachelors/Family,3,Contact Agent
2,7000,800,Super Area,Hyderabad,Unfurnished,Bachelors/Family,1,Contact Owner
3,25000,1600,Super Area,Hyderabad,Furnished,Bachelors/Family,3,Contact Owner
1,9000,500,Super Area,Hyderabad,Unfurnished,Bachelors/Family,1,Contact Owner
3,16000,1500,Carpet Area,Hyderabad,Furnished,Family,3,Contact Owner
1,10500,650,Super Area,Hyderabad,Semi-Furnished,Bachelors/Family,1,Contact Owner
4,100000,3300,Carpet Area,Hyderabad,Semi-Furnished,Family,4,Contact Agent
2,9000,1200,Super Area,Hyderabad,Unfurnished,Bachelors/Family,2,Contact Owner
2,11000,800,Super Area,Hyderabad,Semi-Furnished,Bachelors/Family,2,Contact Owner
3,24000,1200,Super Area,Hyderabad,Semi-Furnished,Bachelors/Family,4,Contact Owner
2,12000,1000,Super Area,Hyderabad,Unfurnished,Bachelors/Family,1,Contact Owner
2,20000,1600,Super Area,Hyderabad,Unfurnished,Family,3,Contact Owner
2,24000,1200,Carpet Area,Hyderabad,Furnished,Bachelors/Family,2,Contact Owner
2,12000,1100,Super Area,Hyderabad,Semi-Furnished,Bachelors/Family,2,Contact Owner
3,12000,1250,Carpet Area,Hyderabad,Semi-Furnished,Family,3,Contact Owner
2,10000,1100,Carpet Area,Hyderabad,Unfurnished,Bachelors/Family,2,Contact Owner
2,45000,1600,Super Area,Hyderabad,Furnished,Bachelors/Family,2,Contact Owner
2,22000,1000,Super Area,Hyderabad,Semi-Furnished,Bachelors/Family,2,Contact Owner
1,6500,455,Super Area,Hyderabad,Unfurnished,Bachelors/Family,1,Contact Owner
3,40000,1473,Super Area,Hyderabad,Furnished,Bachelors/Family,2,Contact Owner
5,300000,4050,Super Area,Hyderabad,Unfurnished,Bachelors/Family,4,Contact Owner
1,4000,400,Super Area,Hyderabad,Unfurnished,Bachelors/Family,1,Contact Owner
2,12000,1300,Super Area,Hyderabad,Semi-Furnished,Bachelors/Family,2,Contact Owner
4,27000,2520,Carpet Area,Hyderabad,Semi-Furnished,Family,5,Contact Owner
1,10000,500,Super Area,Hyderabad,Furnished,Bachelors/Family,1,Contact Owner
2,10000,200,Super Area,Hyderabad,Unfurnished,Bachelors/Family,1,Contact Owner
2,10000,1200,Super Area,Hyderabad,Unfurnished,Bachelors/Family,2,Contact Owner
3,18000,1950,Super Area,Hyderabad,Semi-Furnished,Bachelors/Family,3,Contact Owner
1,14500,500,Carpet Area,Hyderabad,Semi-Furnished,Bachelors,1,Contact Agent
1,9000,500,Super Area,Hyderabad,Unfurnished,Bachelors/Family,3,Contact Owner
2,14000,1150,Super Area,Hyderabad,Furnished,Bachelors/Family,2,Contact Owner
2,18000,242,Super Area,Hyderabad,Unfurnished,Bachelors/Family,2,Contact Owner
2,9500,720,Carpet Area,Hyderabad,Semi-Furnished,Bachelors/Family,2,Contact Owner
3,49000,1800,Super Area,Hyderabad,Unfurnished,Bachelors,3,Contact Agent
1,9000,450,Super Area,Hyderabad,Semi-Furnished,Bachelors/Family,1,Contact Owner
2,130000,130,Super Area,Hyderabad,Unfurnished,Bachelors/Family,2,Contact Owner
2,8000,690,Super Area,Hyderabad,Unfurnished,Bachelors/Family,2,Contact Owner
2,13000,1000,Super Area,Hyderabad,Furnished,Bachelors/Family,2,Contact Owner
3,18000,1500,Super Area,Hyderabad,Semi-Furnished,Bachelors/Family,2,Contact Owner
3,18000,1150,Super Area,Hyderabad,Semi-Furnished,Bachelors/Family,3,Contact Owner
3,32000,1783,Super Area,Hyderabad,Semi-Furnished,Bachelors/Family,2,Contact Owner
2,15000,900,Super Area,Hyderabad,Unfurnished,Bachelors/Family,2,Contact Owner
3,35000,1725,Super Area,Hyderabad,Furnished,Bachelors/Family,3,Contact Owner
1,6000,680,Carpet Area,Hyderabad,Unfurnished,Bachelors/Family,1,Contact Owner
1,9000,550,Super Area,Hyderabad,Semi-Furnished,Bachelors/Family,1,Contact Owner
2,9500,1290,Super Area,Hyderabad,Semi-Furnished,Bachelors/Family,2,Contact Owner
2,12500,1450,Super Area,Hyderabad,Semi-Furnished,Bachelors/Family,2,Contact Owner
2,25000,1300,Super Area,Hyderabad,Semi-Furnished,Bachelors/Family,2,Contact Owner
2,15000,1450,Super Area,Hyderabad,Semi-Furnished,Bachelors/Family,2,Contact Owner
3,38000,1496,Carpet Area,Hyderabad,Semi-Furnished,Bachelors,2,Contact Agent
3,20000,1850,Super Area,Hyderabad,Semi-Furnished,Family,2,Contact Owner
3,15000,1600,Carpet Area,Hyderabad,Semi-Furnished,Bachelors/Family,3,Contact Owner
3,130000,3500,Carpet Area,Hyderabad,Semi-Furnished,Family,3,Contact Agent
3,27000,1850,Super Area,Hyderabad,Semi-Furnished,Bachelors/Family,3,Contact Owner
2,16000,1210,Super Area,Hyderabad,Unfurnished,Bachelors/Family,2,Contact Owner
2,13000,1400,Super Area,Hyderabad,Semi-Furnished,Bachelors/Family,2,Contact Owner
2,10000,950,Super Area,Hyderabad,Semi-Furnished,Bachelors/Family,2,Contact Owner
2,10000,878,Super Area,Hyderabad,Semi-Furnished,Bachelors/Family,2,Contact Owner
2,17000,875,Super Area,Hyderabad,Unfurnished,Bachelors/Family,2,Contact Owner
2,12500,300,Super Area,Hyderabad,Furnished,Bachelors/Family,2,Contact Owner
3,25000,1800,Super Area,Hyderabad,Furnished,Bachelors/Family,3,Contact Owner
3,35000,1956,Super Area,Hyderabad,Semi-Furnished,Bachelors,3,Contact Owner
2,12000,800,Super Area,Hyderabad,Unfurnished,Bachelors/Family,1,Contact Owner
2,12000,1175,Super Area,Hyderabad,Unfurnished,Bachelors/Family,2,Contact Owner
2,15000,1080,Super Area,Hyderabad,Semi-Furnished,Bachelors/Family,2,Contact Owner
3,45000,1955,Super Area,Hyderabad,Unfurnished,Bachelors,3,Contact Agent
2,20000,950,Super Area,Hyderabad,Unfurnished,Bachelors/Family,2,Contact Owner
2,15000,800,Super Area,Hyderabad,Unfurnished,Bachelors/Family,2,Contact Owner
2,10000,1090,Super Area,Hyderabad,Unfurnished,Bachelors/Family,2,Contact Owner
3,15000,1450,Carpet Area,Hyderabad,Semi-Furnished,Family,3,Contact Owner
2,19800,1070,Carpet Area,Hyderabad,Semi-Furnished,Bachelors/Family,2,Contact Owner
2,8500,60,Super Area,Hyderabad,Unfurnished,Bachelors/Family,2,Contact Owner
4,130000,3133,Carpet Area,Hyderabad,Furnished,Family,5,Contact Agent
1,8500,900,Carpet Area,Hyderabad,Unfurnished,Family,1,Contact Owner
1,4500,60,Super Area,Hyderabad,Semi-Furnished,Bachelors/Family,1,Contact Owner
2,9000,600,Super Area,Hyderabad,Unfurnished,Bachelors/Family,2,Contact Owner
1,13000,750,Carpet Area,Hyderabad,Semi-Furnished,Family,1,Contact Owner
2,18000,900,Super Area,Hyderabad,Unfurnished,Bachelors/Family,2,Contact Owner
3,26000,1800,Carpet Area,Hyderabad,Semi-Furnished,Bachelors/Family,3,Contact Owner
1,17000,470,Super Area,Hyderabad,Furnished,Bachelors/Family,1,Contact Agent
2,9000,720,Super Area,Hyderabad,Unfurnished,Bachelors/Family,2,Contact Owner
1,8000,450,Super Area,Hyderabad,Unfurnished,Bachelors/Family,1,Contact Owner
2,10000,600,Super Area,Hyderabad,Unfurnished,Bachelors/Family,2,Contact Owner
2,12000,1100,Super Area,Hyderabad,Unfurnished,Bachelors/Family,2,Contact Owner
2,14000,1300,Super Area,Hyderabad,Unfurnished,Bachelors/Family,2,Contact Owner
2,25000,1500,Super Area,Hyderabad,Semi-Furnished,Bachelors/Family,2,Contact Owner
2,22000,1200,Super Area,Hyderabad,Furnished,Bachelors/Family,2,Contact Owner
4,45000,3000,Super Area,Hyderabad,Semi-Furnished,Bachelors/Family,4,Contact Owner
3,20000,2000,Carpet Area,Hyderabad,Semi-Furnished,Bachelors/Family,3,Contact Owner
2,16000,800,Super Area,Hyderabad,Unfurnished,Bachelors/Family,2,Contact Owner
3,35000,1000,Carpet Area,Hyderabad,Semi-Furnished,Bachelors/Family,3,Contact Owner
2,15000,1200,Super Area,Hyderabad,Unfurnished,Bachelors/Family,2,Contact Owner
3,35000,1250,Carpet Area,Hyderabad,Unfurnished,Bachelors,2,Contact Owner
1,14000,700,Carpet Area,Hyderabad,Semi-Furnished,Bachelors/Family,1,Contact Owner
2,25000,1100,Super Area,Hyderabad,Furnished,Bachelors/Family,2,Contact Owner
4,36000,2050,Super Area,Hyderabad,Semi-Furnished,Bachelors/Family,2,Contact Owner
2,20000,1428,Super Area,Hyderabad,Semi-Furnished,Family,2,Contact Agent
3,30000,1700,Carpet Area,Hyderabad,Furnished,Family,3,Contact Agent
2,12000,1140,Super Area,Hyderabad,Semi-Furnished,Family,2,Contact Owner
2,16000,1000,Super Area,Hyderabad,Semi-Furnished,Bachelors/Family,2,Contact Agent
2,13000,1160,Super Area,Hyderabad,Unfurnished,Bachelors,2,Contact Owner
3,22000,3000,Carpet Area,Hyderabad,Furnished,Bachelors/Family,2,Contact Owner
1,15000,450,Super Area,Hyderabad,Unfurnished,Family,1,Contact Agent
3,14000,1540,Super Area,Hyderabad,Unfurnished,Bachelors/Family,2,Contact Owner
2,8000,1000,Super Area,Hyderabad,Semi-Furnished,Bachelors/Family,2,Contact Owner
3,57000,1417,Carpet Area,Hyderabad,Furnished,Bachelors,3,Contact Agent
3,1200,2100,Carpet Area,Hyderabad,Furnished,Bachelors/Family,3,Contact Owner
2,8000,550,Carpet Area,Hyderabad,Unfurnished,Bachelors,1,Contact Owner
3,15000,1600,Super Area,Hyderabad,Semi-Furnished,Bachelors/Family,3,Contact Owner
2,17000,1200,Super Area,Hyderabad,Furnished,Bachelors/Family,2,Contact Owner
2,12000,500,Super Area,Hyderabad,Furnished,Bachelors/Family,2,Contact Owner
3,25000,1300,Carpet Area,Hyderabad,Semi-Furnished,Bachelors/Family,2,Contact Owner
2,13000,600,Super Area,Hyderabad,Unfurnished,Bachelors/Family,1,Contact Owner
3,35000,1565,Carpet Area,Hyderabad,Furnished,Bachelors/Family,3,Contact Owner
1,6500,350,Super Area,Hyderabad,Unfurnished,Bachelors/Family,1,Contact Owner
2,11000,1100,Super Area,Hyderabad,Unfurnished,Bachelors/Family,2,Contact Owner
2,25000,1200,Super Area,Hyderabad,Semi-Furnished,Bachelors/Family,2,Contact Owner
3,35000,2000,Super Area,Hyderabad,Furnished,Family,3,Contact Owner
3,27000,2200,Super Area,Hyderabad,Semi-Furnished,Bachelors/Family,3,Contact Owner
3,18000,1400,Super Area,Hyderabad,Unfurnished,Bachelors/Family,3,Contact Owner
3,20000,1950,Super Area,Hyderabad,Semi-Furnished,Bachelors/Family,3,Contact Owner
2,8500,130,Carpet Area,Hyderabad,Unfurnished,Bachelors/Family,2,Contact Owner
2,14000,1300,Super Area,Hyderabad,Semi-Furnished,Bachelors/Family,2,Contact Owner
3,35000,1675,Super Area,Hyderabad,Unfurnished,Bachelors/Family,3,Contact Owner
2,16000,1135,Super Area,Hyderabad,Semi-Furnished,Bachelors/Family,2,Contact Owner
3,20000,1800,Super Area,Hyderabad,Unfurnished,Bachelors/Family,2,Contact Owner
3,18000,1400,Super Area,Hyderabad,Furnished,Bachelors/Family,3,Contact Owner
4,140000,3698,Carpet Area,Hyderabad,Semi-Furnished,Family,5,Contact Agent
2,10000,950,Super Area,Hyderabad,Unfurnished,Bachelors/Family,2,Contact Owner
2,12000,650,Super Area,Hyderabad,Unfurnished,Bachelors/Family,2,Contact Owner
1,5300,100,Carpet Area,Hyderabad,Semi-Furnished,Bachelors/Family,1,Contact Owner
2,11000,950,Carpet Area,Hyderabad,Unfurnished,Bachelors,2,Contact Owner
2,12000,1000,Carpet Area,Hyderabad,Unfurnished,Bachelors,2,Contact Owner
2,12000,900,Carpet Area,Hyderabad,Semi-Furnished,Bachelors/Family,1,Contact Owner
3,20000,1800,Carpet Area,Hyderabad,Semi-Furnished,Bachelors/Family,3,Contact Owner
2,13000,1000,Super Area,Hyderabad,Unfurnished,Bachelors/Family,2,Contact Owner
3,22000,1800,Super Area,Hyderabad,Semi-Furnished,Bachelors/Family,3,Contact Owner
2,15000,1000,Super Area,Hyderabad,Semi-Furnished,Bachelors/Family,2,Contact Owner
1,5400,450,Super Area,Hyderabad,Unfurnished,Bachelors/Family,1,Contact Owner
3,16500,1771,Super Area,Hyderabad,Unfurnished,Bachelors/Family,3,Contact Owner
2,12000,1150,Carpet Area,Hyderabad,Furnished,Bachelors/Family,2,Contact Owner
2,8500,1000,Super Area,Hyderabad,Semi-Furnished,Bachelors/Family,2,Contact Owner
2,14000,1050,Carpet Area,Hyderabad,Semi-Furnished,Bachelors,2,Contact Owner
3,15000,1500,Carpet Area,Hyderabad,Unfurnished,Bachelors/Family,2,Contact Owner
2,6000,750,Super Area,Hyderabad,Unfurnished,Bachelors/Family,2,Contact Owner
2,14000,1100,Super Area,Hyderabad,Semi-Furnished,Bachelors/Family,2,Contact Owner
2,15000,800,Super Area,Hyderabad,Unfurnished,Bachelors/Family,2,Contact Owner
3,37000,150,Carpet Area,Hyderabad,Unfurnished,Bachelors,3,Contact Agent
1,6500,750,Super Area,Hyderabad,Unfurnished,Bachelors/Family,1,Contact Owner
2,10000,600,Super Area,Hyderabad,Unfurnished,Bachelors/Family,1,Contact Owner
2,12000,1080,Super Area,Hyderabad,Semi-Furnished,Bachelors/Family,2,Contact Owner
2,12000,1100,Super Area,Hyderabad,Unfurnished,Bachelors/Family,2,Contact Owner
2,9000,750,Super Area,Hyderabad,Semi-Furnished,Bachelors/Family,2,Contact Owner
3,60000,2405,Super Area,Hyderabad,Semi-Furnished,Bachelors,4,Contact Agent
2,18000,1248,Carpet Area,Hyderabad,Semi-Furnished,Bachelors/Family,2,Contact Owner
2,14000,1110,Carpet Area,Hyderabad,Semi-Furnished,Bachelors/Family,2,Contact Owner
3,50000,2300,Carpet Area,Hyderabad,Semi-Furnished,Bachelors/Family,3,Contact Agent
2,17000,1000,Carpet Area,Hyderabad,Furnished,Bachelors,2,Contact Owner
2,9000,800,Super Area,Hyderabad,Unfurnished,Bachelors/Family,2,Contact Owner
4,80000,3115,Super Area,Hyderabad,Furnished,Bachelors/Family,5,Contact Owner
1,7500,500,Super Area,Hyderabad,Unfurnished,Bachelors/Family,1,Contact Owner
2,14000,950,Carpet Area,Hyderabad,Unfurnished,Bachelors/Family,2,Contact Owner
2,14000,1374,Super Area,Hyderabad,Semi-Furnished,Bachelors/Family,2,Contact Owner
1,10000,1300,Carpet Area,Hyderabad,Furnished,Bachelors/Family,1,Contact Owner
2,17000,1150,Super Area,Hyderabad,Furnished,Bachelors/Family,2,Contact Owner
1,6500,450,Carpet Area,Hyderabad,Semi-Furnished,Bachelors,1,Contact Owner
2,10000,927,Super Area,Hyderabad,Semi-Furnished,Bachelors/Family,2,Contact Owner
3,22000,1500,Super Area,Hyderabad,Unfurnished,Bachelors/Family,3,Contact Owner
2,15000,1200,Super Area,Hyderabad,Unfurnished,Bachelors/Family,2,Contact Owner
2,12000,1200,Super Area,Hyderabad,Semi-Furnished,Bachelors/Family,2,Contact Owner
3,52000,2800,Carpet Area,Hyderabad,Furnished,Family,3,Contact Agent
1,6500,562,Super Area,Hyderabad,Unfurnished,Bachelors/Family,1,Contact Owner
2,20000,1500,Super Area,Hyderabad,Semi-Furnished,Bachelors/Family,2,Contact Owner
3,25000,1950,Super Area,Hyderabad,Semi-Furnished,Bachelors/Family,3,Contact Owner
3,14000,1360,Super Area,Hyderabad,Furnished,Bachelors,2,Contact Owner
3,25000,1800,Super Area,Hyderabad,Semi-Furnished,Bachelors/Family,3,Contact Owner
2,12500,950,Super Area,Hyderabad,Semi-Furnished,Bachelors/Family,2,Contact Owner
2,12000,780,Carpet Area,Hyderabad,Unfurnished,Bachelors,2,Contact Owner
1,10000,500,Super Area,Hyderabad,Semi-Furnished,Bachelors/Family,1,Contact Owner
2,17000,1050,Super Area,Hyderabad,Semi-Furnished,Bachelors/Family,2,Contact Owner
1,15500,600,Carpet Area,Hyderabad,Semi-Furnished,Bachelors,1,Contact Agent
3,65000,1800,Carpet Area,Hyderabad,Semi-Furnished,Bachelors/Family,3,Contact Agent
3,60000,1800,Carpet Area,Hyderabad,Unfurnished,Bachelors/Family,3,Contact Agent
3,45000,1900,Carpet Area,Hyderabad,Semi-Furnished,Family,3,Contact Agent
2,10500,1100,Super Area,Hyderabad,Unfurnished,Bachelors/Family,2,Contact Owner
2,9000,200,Super Area,Hyderabad,Unfurnished,Bachelors/Family,1,Contact Owner
3,20000,1400,Super Area,Hyderabad,Semi-Furnished,Bachelors/Family,3,Contact Owner
2,20000,1200,Carpet Area,Hyderabad,Semi-Furnished,Bachelors,2,Contact Agent
3,18000,1600,Super Area,Hyderabad,Furnished,Bachelors/Family,3,Contact Owner
2,12000,1150,Super Area,Hyderabad,Semi-Furnished,Bachelors/Family,2,Contact Owner
2,12000,130,Super Area,Hyderabad,Unfurnished,Bachelors/Family,2,Contact Owner
4,120000,3800,Carpet Area,Hyderabad,Semi-Furnished,Bachelors/Family,4,Contact Agent
3,28000,1720,Super Area,Hyderabad,Semi-Furnished,Bachelors/Family,3,Contact Owner
1,6000,500,Super Area,Hyderabad,Unfurnished,Bachelors/Family,1,Contact Owner
2,12500,1200,Super Area,Hyderabad,Unfurnished,Bachelors/Family,2,Contact Owner
4,31000,2400,Super Area,Hyderabad,Semi-Furnished,Bachelors/Family,4,Contact Owner
2,7000,800,Super Area,Hyderabad,Furnished,Bachelors/Family,2,Contact Owner
2,22000,1300,Super Area,Hyderabad,Semi-Furnished,Bachelors/Family,2,Contact Owner
2,17500,1400,Super Area,Hyderabad,Furnished,Bachelors/Family,2,Contact Owner
2,14000,650,Super Area,Hyderabad,Unfurnished,Bachelors/Family,2,Contact Owner
2,9500,103,Super Area,Hyderabad,Unfurnished,Bachelors/Family,2,Contact Owner
1,7000,950,Super Area,Hyderabad,Semi-Furnished,Bachelors/Family,1,Contact Owner
3,15000,1500,Super Area,Hyderabad,Unfurnished,Bachelors/Family,3,Contact Owner
3,15000,1550,Carpet Area,Hyderabad,Unfurnished,Bachelors/Family,2,Contact Owner
2,10000,140,Super Area,Hyderabad,Unfurnished,Bachelors/Family,2,Contact Owner
3,14000,1800,Super Area,Hyderabad,Unfurnished,Bachelors/Family,2,Contact Owner
4,85000,2550,Carpet Area,Hyderabad,Semi-Furnished,Bachelors/Family,4,Contact Agent
1,5500,500,Super Area,Hyderabad,Unfurnished,Bachelors/Family,1,Contact Owner
2,14000,800,Super Area,Hyderabad,Semi-Furnished,Bachelors/Family,2,Contact Owner
2,10000,800,Super Area,Hyderabad,Semi-Furnished,Bachelors/Family,2,Contact Owner
2,10000,1300,Super Area,Hyderabad,Unfurnished,Bachelors/Family,2,Contact Owner
2,13000,600,Super Area,Hyderabad,Unfurnished,Bachelors/Family,2,Contact Owner
3,20000,1000,Super Area,Hyderabad,Unfurnished,Bachelors/Family,3,Contact Owner
3,25000,1000,Carpet Area,Hyderabad,Semi-Furnished,Bachelors/Family,3,Contact Owner
1,7500,500,Super Area,Hyderabad,Semi-Furnished,Bachelors/Family,1,Contact Owner
1,200000,8000,Super Area,Hyderabad,Unfurnished,Bachelors/Family,10,Contact Owner
2,12000,1100,Carpet Area,Hyderabad,Unfurnished,Bachelors/Family,2,Contact Owner
2,9500,1100,Carpet Area,Hyderabad,Unfurnished,Bachelors/Family,2,Contact Owner
2,12000,200,Carpet Area,Hyderabad,Unfurnished,Bachelors,2,Contact Owner
2,10000,1800,Super Area,Hyderabad,Unfurnished,Family,2,Contact Owner
2,8000,190,Super Area,Hyderabad,Furnished,Bachelors/Family,2,Contact Owner
3,16000,1350,Super Area,Hyderabad,Unfurnished,Bachelors/Family,2,Contact Owner
2,12333,1200,Super Area,Hyderabad,Unfurnished,Bachelors/Family,2,Contact Owner
1,9500,400,Carpet Area,Hyderabad,Unfurnished,Bachelors,1,Contact Owner
2,16000,1200,Super Area,Hyderabad,Semi-Furnished,Bachelors/Family,2,Contact Owner
3,20000,1400,Super Area,Hyderabad,Semi-Furnished,Bachelors/Family,3,Contact Owner
3,14000,1300,Carpet Area,Hyderabad,Unfurnished,Bachelors,3,Contact Owner
1,7500,400,Carpet Area,Hyderabad,Unfurnished,Bachelors/Family,1,Contact Owner
1,13900,650,Super Area,Hyderabad,Unfurnished,Bachelors/Family,1,Contact Owner
1,5500,500,Super Area,Hyderabad,Unfurnished,Bachelors,1,Contact Owner
2,9000,875,Super Area,Hyderabad,Semi-Furnished,Bachelors/Family,2,Contact Owner
1,4700,850,Super Area,Hyderabad,Unfurnished,Bachelors/Family,2,Contact Owner
3,30000,1730,Super Area,Hyderabad,Semi-Furnished,Bachelors/Family,3,Contact Owner
3,16500,1500,Carpet Area,Hyderabad,Semi-Furnished,Bachelors,3,Contact Owner
3,24000,1600,Carpet Area,Hyderabad,Semi-Furnished,Bachelors/Family,3,Contact Owner
2,9500,900,Super Area,Hyderabad,Unfurnished,Bachelors/Family,2,Contact Owner
2,12000,925,Super Area,Hyderabad,Semi-Furnished,Bachelors/Family,2,Contact Owner
2,15000,1500,Super Area,Hyderabad,Unfurnished,Bachelors/Family,2,Contact Owner
3,22500,1600,Carpet Area,Hyderabad,Semi-Furnished,Family,3,Contact Owner
3,32000,1300,Carpet Area,Hyderabad,Semi-Furnished,Bachelors,3,Contact Agent
2,10000,1200,Super Area,Hyderabad,Semi-Furnished,Bachelors/Family,2,Contact Owner
2,13000,133,Super Area,Hyderabad,Semi-Furnished,Bachelors/Family,2,Contact Owner
2,7000,950,Super Area,Hyderabad,Unfurnished,Family,2,Contact Owner
3,12000,1200,Super Area,Hyderabad,Semi-Furnished,Bachelors/Family,3,Contact Owner
2,7500,950,Super Area,Hyderabad,Unfurnished,Bachelors/Family,2,Contact Owner
2,15000,1095,Super Area,Hyderabad,Semi-Furnished,Bachelors/Family,2,Contact Owner
1,8000,400,Super Area,Hyderabad,Unfurnished,Bachelors/Family,1,Contact Owner
3,25000,2210,Super Area,Hyderabad,Semi-Furnished,Family,3,Contact Owner
3,26000,1450,Super Area,Hyderabad,Semi-Furnished,Bachelors/Family,2,Contact Agent
3,15000,192,Super Area,Hyderabad,Semi-Furnished,Bachelors/Family,3,Contact Owner
1,3000,80,Super Area,Hyderabad,Semi-Furnished,Bachelors/Family,1,Contact Owner
2,12500,1315,Super Area,Hyderabad,Semi-Furnished,Bachelors/Family,2,Contact Owner
3,42000,1600,Carpet Area,Hyderabad,Semi-Furnished,Bachelors/Family,3,Contact Agent
2,20000,1450,Super Area,Hyderabad,Semi-Furnished,Bachelors/Family,2,Contact Owner
3,40000,1900,Carpet Area,Hyderabad,Semi-Furnished,Bachelors/Family,3,Contact Agent
3,45000,2600,Carpet Area,Hyderabad,Semi-Furnished,Bachelors/Family,3,Contact Agent
1,8500,450,Super Area,Hyderabad,Unfurnished,Bachelors/Family,2,Contact Owner
2,15000,1000,Super Area,Hyderabad,Semi-Furnished,Bachelors/Family,2,Contact Owner
2,9000,100,Super Area,Hyderabad,Unfurnished,Bachelors/Family,2,Contact Owner
2,14000,1100,Super Area,Hyderabad,Unfurnished,Bachelors/Family,2,Contact Owner
2,11000,1200,Super Area,Hyderabad,Unfurnished,Bachelors/Family,2,Contact Owner
2,10000,1400,Super Area,Hyderabad,Unfurnished,Bachelors/Family,2,Contact Owner
3,55000,2000,Carpet Area,Hyderabad,Semi-Furnished,Family,3,Contact Agent
2,10000,1070,Carpet Area,Hyderabad,Unfurnished,Family,2,Contact Owner
2,25000,1450,Carpet Area,Hyderabad,Unfurnished,Family,2,Contact Owner
2,27000,1230,Super Area,Hyderabad,Furnished,Bachelors/Family,2,Contact Owner
2,12000,1000,Super Area,Hyderabad,Semi-Furnished,Bachelors,3,Contact Owner
2,16000,1200,Super Area,Hyderabad,Unfurnished,Bachelors/Family,2,Contact Owner
2,8000,150,Super Area,Hyderabad,Unfurnished,Bachelors/Family,2,Contact Owner
2,14000,850,Super Area,Hyderabad,Semi-Furnished,Family,2,Contact Owner
2,10000,1300,Super Area,Hyderabad,Unfurnished,Bachelors/Family,2,Contact Owner
4,150000,4761,Super Area,Hyderabad,Semi-Furnished,Family,5,Contact Agent
2,16000,1250,Super Area,Hyderabad,Semi-Furnished,Bachelors/Family,2,Contact Owner
1,6000,100,Super Area,Hyderabad,Unfurnished,Bachelors/Family,1,Contact Owner
3,26000,1550,Carpet Area,Hyderabad,Unfurnished,Bachelors,2,Contact Owner
2,13000,1300,Carpet Area,Hyderabad,Unfurnished,Bachelors/Family,2,Contact Owner
3,28000,1600,Carpet Area,Hyderabad,Semi-Furnished,Bachelors,2,Contact Owner
2,8500,1200,Super Area,Hyderabad,Unfurnished,Bachelors/Family,3,Contact Owner
2,12500,1200,Super Area,Hyderabad,Semi-Furnished,Bachelors/Family,2,Contact Owner
3,25000,1970,Super Area,Hyderabad,Semi-Furnished,Bachelors/Family,3,Contact Owner
2,10000,650,Carpet Area,Hyderabad,Unfurnished,Bachelors,2,Contact Owner
2,12000,1000,Super Area,Hyderabad,Unfurnished,Bachelors/Family,3,Contact Owner
3,15000,1500,Super Area,Hyderabad,Unfurnished,Bachelors/Family,3,Contact Owner
2,6000,1250,Super Area,Hyderabad,Unfurnished,Family,2,Contact Owner
3,30000,1940,Carpet Area,Hyderabad,Semi-Furnished,Bachelors,3,Contact Owner
2,18000,700,Carpet Area,Hyderabad,Unfurnished,Bachelors/Family,2,Contact Owner
2,8500,700,Super Area,Hyderabad,Semi-Furnished,Bachelors/Family,1,Contact Owner
2,7500,100,Super Area,Hyderabad,Unfurnished,Bachelors/Family,2,Contact Owner
1,12000,300,Super Area,Hyderabad,Semi-Furnished,Bachelors/Family,1,Contact Owner
2,15000,980,Super Area,Hyderabad,Semi-Furnished,Bachelors/Family,2,Contact Owner
2,15500,800,Super Area,Hyderabad,Semi-Furnished,Bachelors/Family,2,Contact Owner
3,20000,1250,Super Area,Hyderabad,Unfurnished,Bachelors/Family,2,Contact Owner
2,11000,1000,Carpet Area,Hyderabad,Semi-Furnished,Family,2,Contact Owner
2,15000,1000,Super Area,Hyderabad,Unfurnished,Bachelors/Family,2,Contact Owner
3,17000,1800,Carpet Area,Hyderabad,Unfurnished,Bachelors/Family,3,Contact Owner
3,20000,2000,Carpet Area,Hyderabad,Semi-Furnished,Bachelors/Family,3,Contact Owner
3,20000,1500,Super Area,Hyderabad,Semi-Furnished,Bachelors/Family,3,Contact Owner
2,12000,1050,Super Area,Hyderabad,Unfurnished,Bachelors/Family,3,Contact Owner
2,25000,1100,Super Area,Hyderabad,Furnished,Bachelors/Family,2,Contact Owner
2,11500,1000,Carpet Area,Hyderabad,Semi-Furnished,Bachelors/Family,2,Contact Owner
2,6500,700,Super Area,Hyderabad,Unfurnished,Bachelors/Family,2,Contact Owner
1,10000,750,Super Area,Hyderabad,Unfurnished,Bachelors/Family,1,Contact Owner
1,6000,450,Super Area,Hyderabad,Unfurnished,Bachelors/Family,1,Contact Owner
3,14000,1000,Super Area,Hyderabad,Unfurnished,Bachelors/Family,2,Contact Owner
3,34000,1500,Carpet Area,Hyderabad,Semi-Furnished,Family,3,Contact Agent
2,15000,1550,Super Area,Hyderabad,Furnished,Family,2,Contact Owner
2,20000,1450,Super Area,Hyderabad,Semi-Furnished,Bachelors/Family,2,Contact Owner
2,9500,650,Carpet Area,Hyderabad,Unfurnished,Bachelors/Family,2,Contact Owner
2,10000,650,Carpet Area,Hyderabad,Unfurnished,Bachelors/Family,2,Contact Owner
3,30000,1500,Carpet Area,Hyderabad,Semi-Furnished,Bachelors/Family,3,Contact Agent
2,13000,900,Super Area,Hyderabad,Furnished,Bachelors/Family,2,Contact Owner
3,45000,1645,Carpet Area,Hyderabad,Semi-Furnished,Bachelors/Family,3,Contact Agent
2,8000,600,Super Area,Hyderabad,Unfurnished,Bachelors/Family,2,Contact Owner
2,25000,1250,Super Area,Hyderabad,Semi-Furnished,Bachelors/Family,2,Contact Owner
2,12000,1300,Carpet Area,Hyderabad,Semi-Furnished,Bachelors,2,Contact Owner
2,19000,1000,Carpet Area,Hyderabad,Semi-Furnished,Family,2,Contact Owner
3,22000,1500,Super Area,Hyderabad,Semi-Furnished,Bachelors/Family,3,Contact Owner
2,15000,1150,Super Area,Hyderabad,Semi-Furnished,Bachelors/Family,2,Contact Owner
2,15000,110,Super Area,Hyderabad,Semi-Furnished,Bachelors/Family,2,Contact Owner
2,10000,103,Super Area,Hyderabad,Unfurnished,Bachelors/Family,2,Contact Owner
2,10000,1050,Carpet Area,Hyderabad,Unfurnished,Bachelors,2,Contact Owner
2,7000,60,Super Area,Hyderabad,Unfurnished,Bachelors/Family,2,Contact Owner
2,15000,1170,Super Area,Hyderabad,Unfurnished,Bachelors/Family,2,Contact Owner
2,9500,167,Super Area,Hyderabad,Unfurnished,Bachelors/Family,2,Contact Owner
1,6500,500,Super Area,Hyderabad,Semi-Furnished,Bachelors/Family,1,Contact Owner
1,10000,600,Super Area,Hyderabad,Unfurnished,Bachelors/Family,1,Contact Owner
1,8000,600,Super Area,Hyderabad,Unfurnished,Bachelors/Family,1,Contact Owner
1,3300,200,Super Area,Hyderabad,Unfurnished,Bachelors/Family,1,Contact Owner
2,12000,600,Super Area,Hyderabad,Unfurnished,Bachelors/Family,1,Contact Owner
2,20000,900,Super Area,Hyderabad,Semi-Furnished,Bachelors/Family,2,Contact Owner
2,12000,800,Super Area,Hyderabad,Unfurnished,Bachelors/Family,2,Contact Owner
3,20000,1000,Carpet Area,Hyderabad,Semi-Furnished,Bachelors/Family,2,Contact Owner
3,70000,3200,Carpet Area,Hyderabad,Semi-Furnished,Family,3,Contact Agent
2,10000,1400,Super Area,Hyderabad,Furnished,Bachelors/Family,2,Contact Owner
1,8500,550,Super Area,Hyderabad,Unfurnished,Bachelors/Family,1,Contact Owner
1,8000,540,Carpet Area,Hyderabad,Unfurnished,Family,1,Contact Owner
1,8000,400,Super Area,Hyderabad,Unfurnished,Bachelors/Family,1,Contact Owner
2,13000,1225,Super Area,Hyderabad,Unfurnished,Bachelors,2,Contact Owner
3,15500,1430,Carpet Area,Hyderabad,Furnished,Bachelors/Family,2,Contact Owner
2,30000,1200,Super Area,Hyderabad,Furnished,Bachelors/Family,2,Contact Owner
2,10000,1197,Super Area,Hyderabad,Unfurnished,Bachelors/Family,2,Contact Owner
2,18000,1150,Carpet Area,Hyderabad,Semi-Furnished,Bachelors,2,Contact Agent
1,12000,500,Super Area,Hyderabad,Semi-Furnished,Bachelors/Family,1,Contact Owner
2,9000,1200,Carpet Area,Hyderabad,Semi-Furnished,Bachelors/Family,2,Contact Owner
1,6000,500,Super Area,Hyderabad,Semi-Furnished,Bachelors/Family,2,Contact Owner
3,32000,1600,Super Area,Hyderabad,Furnished,Bachelors/Family,3,Contact Owner
2,36000,1100,Super Area,Hyderabad,Furnished,Bachelors/Family,2,Contact Owner
2,17000,1220,Super Area,Hyderabad,Semi-Furnished,Bachelors/Family,2,Contact Owner
3,20000,1500,Super Area,Hyderabad,Furnished,Bachelors/Family,3,Contact Owner
1,9000,500,Super Area,Hyderabad,Unfurnished,Bachelors/Family,1,Contact Owner
2,9500,850,Super Area,Hyderabad,Unfurnished,Bachelors/Family,2,Contact Owner
2,7000,1000,Super Area,Hyderabad,Unfurnished,Bachelors/Family,2,Contact Owner
3,17000,100,Carpet Area,Hyderabad,Unfurnished,Bachelors/Family,3,Contact Owner
2,19500,1140,Super Area,Hyderabad,Furnished,Bachelors/Family,2,Contact Owner
2,25000,1100,Super Area,Hyderabad,Furnished,Bachelors/Family,2,Contact Owner
3,14000,1400,Super Area,Hyderabad,Semi-Furnished,Bachelors/Family,2,Contact Owner
2,16000,1350,Super Area,Hyderabad,Semi-Furnished,Bachelors/Family,2,Contact Owner
2,15000,180,Carpet Area,Hyderabad,Unfurnished,Bachelors/Family,2,Contact Owner
2,13000,1250,Super Area,Hyderabad,Unfurnished,Bachelors/Family,2,Contact Owner
2,12000,1300,Super Area,Hyderabad,Unfurnished,Bachelors/Family,2,Contact Owner
2,12000,840,Super Area,Hyderabad,Unfurnished,Bachelors/Family,2,Contact Owner
2,7500,1200,Super Area,Hyderabad,Semi-Furnished,Bachelors/Family,2,Contact Owner
2,13000,700,Super Area,Hyderabad,Furnished,Bachelors/Family,2,Contact Owner
4,52000,2700,Super Area,Hyderabad,Furnished,Bachelors/Family,4,Contact Owner
2,22000,1100,Carpet Area,Hyderabad,Furnished,Family,2,Contact Agent
2,18000,1000,Carpet Area,Hyderabad,Semi-Furnished,Bachelors,2,Contact Owner
2,7000,1000,Super Area,Hyderabad,Semi-Furnished,Bachelors/Family,3,Contact Owner
3,16500,1600,Super Area,Hyderabad,Semi-Furnished,Family,3,Contact Owner
3,13000,1550,Carpet Area,Hyderabad,Unfurnished,Bachelors,3,Contact Owner
1,6000,600,Super Area,Hyderabad,Semi-Furnished,Bachelors/Family,1,Contact Owner
1,6000,500,Super Area,Hyderabad,Semi-Furnished,Bachelors/Family,1,Contact Owner
2,21000,1100,Carpet Area,Hyderabad,Semi-Furnished,Bachelors/Family,2,Contact Agent
3,10000,1000,Carpet Area,Hyderabad,Furnished,Family,2,Contact Owner
2,12000,1000,Super Area,Hyderabad,Semi-Furnished,Bachelors/Family,2,Contact Owner
3,30000,1800,Carpet Area,Hyderabad,Unfurnished,Bachelors/Family,3,Contact Owner
2,15000,1300,Carpet Area,Hyderabad,Semi-Furnished,Bachelors/Family,2,Contact Agent
2,10000,1100,Super Area,Hyderabad,Unfurnished,Bachelors/Family,2,Contact Owner
2,9000,950,Super Area,Hyderabad,Unfurnished,Bachelors/Family,2,Contact Owner
2,10000,1000,Carpet Area,Hyderabad,Semi-Furnished,Bachelors,2,Contact Owner
2,8000,1200,Super Area,Hyderabad,Unfurnished,Bachelors/Family,2,Contact Owner
6,60000,2800,Super Area,Hyderabad,Furnished,Bachelors/Family,7,Contact Owner
2,8000,550,Super Area,Hyderabad,Unfurnished,Bachelors/Family,2,Contact Owner
2,8500,1000,Carpet Area,Hyderabad,Semi-Furnished,Bachelors/Family,2,Contact Owner
2,7500,800,Super Area,Hyderabad,Semi-Furnished,Bachelors/Family,2,Contact Owner
2,5000,600,Super Area,Hyderabad,Unfurnished,Bachelors/Family,1,Contact Owner
3,30000,1800,Carpet Area,Hyderabad,Unfurnished,Family,3,Contact Owner
1,7500,500,Super Area,Hyderabad,Semi-Furnished,Bachelors/Family,1,Contact Owner
2,12000,1000,Super Area,Hyderabad,Unfurnished,Bachelors/Family,2,Contact Owner
2,15500,1100,Super Area,Hyderabad,Semi-Furnished,Bachelors/Family,2,Contact Owner
3,26000,1450,Super Area,Hyderabad,Semi-Furnished,Family,2,Contact Owner
1,8000,550,Super Area,Hyderabad,Semi-Furnished,Bachelors/Family,1,Contact Owner
2,12000,933,Super Area,Hyderabad,Unfurnished,Bachelors,2,Contact Owner
3,15000,1100,Carpet Area,Hyderabad,Semi-Furnished,Bachelors/Family,2,Contact Owner
2,10000,1030,Super Area,Hyderabad,Semi-Furnished,Family,2,Contact Owner
3,20000,1150,Carpet Area,Hyderabad,Semi-Furnished,Family,3,Contact Owner
2,12500,850,Carpet Area,Hyderabad,Unfurnished,Bachelors,2,Contact Owner
2,18000,1000,Super Area,Hyderabad,Unfurnished,Bachelors/Family,2,Contact Owner
3,21000,1400,Carpet Area,Hyderabad,Semi-Furnished,Family,3,Contact Owner
3,95000,2700,Carpet Area,Hyderabad,Furnished,Bachelors,3,Contact Agent
3,26000,1700,Carpet Area,Hyderabad,Semi-Furnished,Family,3,Contact Owner
3,53000,1742,Super Area,Hyderabad,Semi-Furnished,Family,2,Contact Agent
2,13000,1000,Super Area,Hyderabad,Unfurnished,Bachelors/Family,2,Contact Owner
2,12000,1440,Super Area,Hyderabad,Semi-Furnished,Bachelors/Family,2,Contact Owner
3,28000,1600,Super Area,Hyderabad,Semi-Furnished,Bachelors/Family,3,Contact Owner
3,57000,1838,Super Area,Hyderabad,Unfurnished,Bachelors,3,Contact Agent
2,10000,1200,Super Area,Hyderabad,Unfurnished,Bachelors,2,Contact Owner
3,21467,200,Super Area,Hyderabad,Unfurnished,Bachelors/Family,1,Contact Owner
1,32000,1050,Carpet Area,Hyderabad,Furnished,Bachelors,1,Contact Agent
1,7000,400,Carpet Area,Hyderabad,Unfurnished,Bachelors/Family,1,Contact Owner
2,30000,1350,Super Area,Hyderabad,Semi-Furnished,Bachelors,2,Contact Agent
3,40000,1960,Super Area,Hyderabad,Unfurnished,Bachelors,3,Contact Agent
1,9000,800,Super Area,Hyderabad,Unfurnished,Bachelors/Family,1,Contact Owner
2,15000,1000,Super Area,Hyderabad,Unfurnished,Bachelors,2,Contact Owner
2,18000,1100,Super Area,Hyderabad,Unfurnished,Bachelors/Family,2,Contact Owner
3,25000,1480,Super Area,Hyderabad,Furnished,Bachelors/Family,3,Contact Owner
1,8500,700,Carpet Area,Hyderabad,Unfurnished,Bachelors/Family,1,Contact Owner
3,20000,1500,Super Area,Hyderabad,Furnished,Bachelors/Family,2,Contact Owner
2,12000,1000,Super Area,Hyderabad,Semi-Furnished,Bachelors/Family,2,Contact Owner
2,12500,900,Super Area,Hyderabad,Semi-Furnished,Bachelors/Family,2,Contact Owner
3,25000,1250,Super Area,Hyderabad,Semi-Furnished,Bachelors/Family,2,Contact Owner
2,10000,1100,Super Area,Hyderabad,Unfurnished,Bachelors/Family,3,Contact Owner
3,18000,1300,Super Area,Hyderabad,Semi-Furnished,Bachelors,2,Contact Owner
3,12000,1275,Carpet Area,Hyderabad,Unfurnished,Bachelors/Family,2,Contact Owner
3,13000,1265,Super Area,Hyderabad,Semi-Furnished,Bachelors/Family,3,Contact Owner
1,13000,700,Carpet Area,Hyderabad,Unfurnished,Bachelors,1,Contact Owner
2,25000,1150,Super Area,Hyderabad,Furnished,Bachelors/Family,2,Contact Owner
2,9000,850,Carpet Area,Hyderabad,Semi-Furnished,Family,2,Contact Owner
2,10000,1285,Super Area,Hyderabad,Semi-Furnished,Bachelors/Family,2,Contact Owner
3,15000,2000,Super Area,Hyderabad,Semi-Furnished,Bachelors/Family,3,Contact Owner
2,20000,1000,Super Area,Hyderabad,Semi-Furnished,Bachelors/Family,3,Contact Owner
1,13500,700,Super Area,Hyderabad,Semi-Furnished,Bachelors/Family,1,Contact Owner
3,21000,1100,Super Area,Hyderabad,Semi-Furnished,Bachelors/Family,2,Contact Owner
2,10000,1000,Super Area,Hyderabad,Semi-Furnished,Bachelors/Family,2,Contact Owner
2,10000,800,Super Area,Hyderabad,Unfurnished,Bachelors/Family,2,Contact Owner
2,10000,1400,Super Area,Hyderabad,Furnished,Bachelors/Family,2,Contact Owner
2,24000,1350,Carpet Area,Hyderabad,Semi-Furnished,Bachelors/Family,2,Contact Owner
2,13000,1100,Super Area,Hyderabad,Semi-Furnished,Bachelors/Family,2,Contact Owner
2,8000,840,Super Area,Hyderabad,Unfurnished,Bachelors/Family,2,Contact Owner
2,55000,1325,Super Area,Hyderabad,Furnished,Bachelors/Family,2,Contact Owner
5,50000,3500,Carpet Area,Hyderabad,Unfurnished,Bachelors/Family,6,Contact Owner
3,32000,1250,Carpet Area,Hyderabad,Semi-Furnished,Bachelors/Family,3,Contact Owner
3,22000,1500,Super Area,Hyderabad,Semi-Furnished,Bachelors/Family,3,Contact Owner
2,8500,1050,Carpet Area,Hyderabad,Unfurnished,Bachelors/Family,2,Contact Owner
3,12000,1200,Super Area,Hyderabad,Semi-Furnished,Bachelors/Family,2,Contact Owner
3,15000,1500,Carpet Area,Hyderabad,Semi-Furnished,Bachelors/Family,3,Contact Owner
1,3000,100,Super Area,Hyderabad,Semi-Furnished,Bachelors/Family,1,Contact Owner
3,52000,1742,Super Area,Hyderabad,Semi-Furnished,Family,3,Contact Agent
2,9500,650,Carpet Area,Hyderabad,Unfurnished,Bachelors/Family,2,Contact Owner
3,46000,2235,Carpet Area,Hyderabad,Unfurnished,Family,5,Contact Agent
2,12000,1000,Super Area,Hyderabad,Semi-Furnished,Bachelors/Family,2,Contact Owner
2,8000,175,Super Area,Hyderabad,Semi-Furnished,Bachelors/Family,2,Contact Owner
2,9000,160,Super Area,Hyderabad,Unfurnished,Bachelors/Family,2,Contact Owner
2,10000,1200,Super Area,Hyderabad,Furnished,Bachelors/Family,2,Contact Owner
2,39000,1283,Super Area,Hyderabad,Unfurnished,Bachelors,2,Contact Agent
1,9000,600,Super Area,Hyderabad,Semi-Furnished,Bachelors/Family,1,Contact Agent
4,120000,3455,Super Area,Hyderabad,Semi-Furnished,Family,4,Contact Agent
3,25000,1500,Carpet Area,Hyderabad,Semi-Furnished,Family,3,Contact Owner
1,14000,540,Carpet Area,Hyderabad,Unfurnished,Bachelors,1,Contact Agent
1,6000,500,Super Area,Hyderabad,Unfurnished,Bachelors/Family,1,Contact Owner
2,15000,1100,Super Area,Hyderabad,Unfurnished,Bachelors/Family,2,Contact Owner
2,8000,1350,Carpet Area,Hyderabad,Unfurnished,Bachelors,2,Contact Owner
1,6000,400,Super Area,Hyderabad,Unfurnished,Bachelors/Family,1,Contact Owner
2,10000,120,Super Area,Hyderabad,Semi-Furnished,Bachelors/Family,2,Contact Owner
3,35000,3050,Super Area,Hyderabad,Semi-Furnished,Bachelors/Family,3,Contact Owner
2,16000,400,Super Area,Hyderabad,Unfurnished,Bachelors/Family,3,Contact Owner
2,14000,800,Super Area,Hyderabad,Semi-Furnished,Bachelors/Family,2,Contact Owner
2,10000,90,Super Area,Hyderabad,Unfurnished,Bachelors/Family,1,Contact Owner
1,7000,500,Super Area,Hyderabad,Unfurnished,Bachelors/Family,1,Contact Owner
2,8000,1150,Super Area,Hyderabad,Unfurnished,Bachelors/Family,2,Contact Owner
3,22000,1700,Super Area,Hyderabad,Semi-Furnished,Bachelors/Family,2,Contact Owner
2,12000,1000,Super Area,Hyderabad,Unfurnished,Bachelors/Family,2,Contact Owner
3,10000,1100,Carpet Area,Hyderabad,Semi-Furnished,Bachelors/Family,1,Contact Agent
3,15000,1360,Super Area,Hyderabad,Semi-Furnished,Bachelors/Family,3,Contact Owner
1,6500,400,Super Area,Hyderabad,Unfurnished,Bachelors/Family,1,Contact Owner
2,25000,1150,Super Area,Hyderabad,Unfurnished,Bachelors/Family,2,Contact Owner
2,12000,700,Super Area,Hyderabad,Semi-Furnished,Bachelors/Family,2,Contact Owner
1,9000,100,Carpet Area,Hyderabad,Unfurnished,Bachelors/Family,1,Contact Owner
2,7000,800,Carpet Area,Hyderabad,Unfurnished,Bachelors,2,Contact Owner
2,20000,500,Super Area,Hyderabad,Semi-Furnished,Bachelors/Family,2,Contact Owner
2,9000,900,Super Area,Hyderabad,Semi-Furnished,Bachelors/Family,2,Contact Owner
3,30000,1500,Carpet Area,Hyderabad,Semi-Furnished,Bachelors/Family,2,Contact Owner
3,15500,1600,Super Area,Hyderabad,Semi-Furnished,Family,3,Contact Owner
2,10500,1300,Super Area,Hyderabad,Unfurnished,Bachelors/Family,2,Contact Owner
3,16000,1305,Super Area,Hyderabad,Semi-Furnished,Bachelors/Family,2,Contact Owner
1,6000,400,Super Area,Hyderabad,Unfurnished,Bachelors/Family,1,Contact Owner
2,15000,600,Super Area,Hyderabad,Furnished,Bachelors/Family,2,Contact Owner
2,21000,1130,Super Area,Hyderabad,Unfurnished,Bachelors,2,Contact Owner
4,400000,7000,Carpet Area,Hyderabad,Semi-Furnished,Bachelors/Family,6,Contact Agent
1,9000,890,Carpet Area,Hyderabad,Semi-Furnished,Bachelors,1,Contact Owner
3,30000,1606,Super Area,Hyderabad,Semi-Furnished,Bachelors/Family,3,Contact Owner
1,6500,650,Super Area,Hyderabad,Unfurnished,Bachelors/Family,1,Contact Owner
2,6000,600,Super Area,Hyderabad,Unfurnished,Bachelors/Family,1,Contact Owner
2,45000,1350,Carpet Area,Hyderabad,Furnished,Bachelors,2,Contact Agent
2,15000,1050,Super Area,Hyderabad,Unfurnished,Bachelors/Family,2,Contact Owner
2,16000,1600,Super Area,Hyderabad,Unfurnished,Bachelors/Family,3,Contact Owner
3,22000,1840,Super Area,Hyderabad,Semi-Furnished,Bachelors/Family,3,Contact Owner
2,12000,1100,Super Area,Hyderabad,Unfurnished,Bachelors/Family,2,Contact Owner
2,13000,800,Super Area,Hyderabad,Semi-Furnished,Bachelors/Family,2,Contact Owner
2,10000,800,Super Area,Hyderabad,Unfurnished,Bachelors/Family,2,Contact Owner
2,15000,1100,Super Area,Hyderabad,Semi-Furnished,Bachelors/Family,2,Contact Owner
3,15000,2000,Super Area,Hyderabad,Semi-Furnished,Bachelors/Family,3,Contact Owner
1,9000,750,Super Area,Hyderabad,Unfurnished,Bachelors/Family,1,Contact Owner
3,20000,1650,Super Area,Hyderabad,Semi-Furnished,Bachelors/Family,2,Contact Owner
2,6500,600,Super Area,Hyderabad,Unfurnished,Bachelors/Family,2,Contact Owner
3,45000,2352,Carpet Area,Hyderabad,Semi-Furnished,Family,4,Contact Owner
3,42000,2671,Carpet Area,Hyderabad,Semi-Furnished,Family,3,Contact Owner
2,12000,550,Super Area,Hyderabad,Unfurnished,Bachelors/Family,2,Contact Owner
3,24000,1700,Super Area,Hyderabad,Semi-Furnished,Bachelors/Family,4,Contact Owner
2,16000,1050,Carpet Area,Hyderabad,Semi-Furnished,Bachelors/Family,2,Contact Owner
6,20000,2400,Super Area,Hyderabad,Unfurnished,Family,4,Contact Owner
2,15000,800,Super Area,Hyderabad,Semi-Furnished,Bachelors/Family,2,Contact Owner
2,15000,1000,Super Area,Hyderabad,Semi-Furnished,Bachelors/Family,2,Contact Owner
2,8000,1100,Super Area,Hyderabad,Unfurnished,Bachelors/Family,2,Contact Owner
1,6500,160,Super Area,Hyderabad,Unfurnished,Bachelors/Family,1,Contact Owner
2,22000,1230,Super Area,Hyderabad,Semi-Furnished,Family,2,Contact Owner
1,6200,500,Super Area,Hyderabad,Unfurnished,Bachelors/Family,1,Contact Owner
1,9000,300,Super Area,Hyderabad,Furnished,Bachelors/Family,1,Contact Owner
2,9000,1156,Carpet Area,Hyderabad,Unfurnished,Bachelors,2,Contact Owner
2,15000,1100,Super Area,Hyderabad,Semi-Furnished,Bachelors/Family,2,Contact Owner
2,15000,1250,Carpet Area,Hyderabad,Semi-Furnished,Bachelors,2,Contact Owner
3,15000,900,Super Area,Hyderabad,Semi-Furnished,Bachelors/Family,3,Contact Owner
1,6800,650,Super Area,Hyderabad,Unfurnished,Bachelors/Family,1,Contact Owner
1,5000,350,Super Area,Hyderabad,Unfurnished,Bachelors/Family,1,Contact Owner
2,12000,1500,Super Area,Hyderabad,Furnished,Bachelors/Family,2,Contact Owner
2,12000,100,Super Area,Hyderabad,Semi-Furnished,Bachelors/Family,2,Contact Owner
2,12000,900,Super Area,Hyderabad,Semi-Furnished,Bachelors/Family,2,Contact Owner
2,18000,990,Super Area,Hyderabad,Furnished,Bachelors/Family,2,Contact Owner
3,25000,1700,Super Area,Hyderabad,Semi-Furnished,Bachelors/Family,3,Contact Owner
2,15000,900,Super Area,Hyderabad,Furnished,Bachelors/Family,2,Contact Owner
3,23000,1700,Super Area,Hyderabad,Semi-Furnished,Bachelors/Family,3,Contact Owner
2,10500,1050,Super Area,Hyderabad,Unfurnished,Bachelors/Family,2,Contact Owner
3,37000,1550,Super Area,Hyderabad,Semi-Furnished,Bachelors/Family,3,Contact Owner
2,16000,1050,Carpet Area,Hyderabad,Semi-Furnished,Bachelors/Family,2,Contact Owner
3,25000,1600,Super Area,Hyderabad,Semi-Furnished,Bachelors/Family,3,Contact Owner
2,14000,1250,Super Area,Hyderabad,Unfurnished,Bachelors/Family,2,Contact Owner
2,10000,700,Super Area,Hyderabad,Semi-Furnished,Bachelors/Family,1,Contact Owner
2,12500,1100,Super Area,Hyderabad,Semi-Furnished,Bachelors/Family,2,Contact Owner
2,15000,850,Super Area,Hyderabad,Semi-Furnished,Bachelors/Family,1,Contact Owner
3,35000,1700,Carpet Area,Hyderabad,Semi-Furnished,Bachelors,3,Contact Owner
3,30000,1800,Carpet Area,Hyderabad,Furnished,Bachelors/Family,3,Contact Owner
1,8000,520,Super Area,Hyderabad,Semi-Furnished,Bachelors/Family,1,Contact Owner
2,7000,800,Super Area,Hyderabad,Unfurnished,Bachelors/Family,2,Contact Owner
1,5500,67,Super Area,Hyderabad,Semi-Furnished,Bachelors/Family,1,Contact Owner
1,5000,500,Super Area,Hyderabad,Unfurnished,Bachelors/Family,1,Contact Owner
2,8500,1060,Super Area,Hyderabad,Semi-Furnished,Bachelors/Family,2,Contact Owner
2,8000,900,Super Area,Hyderabad,Furnished,Bachelors/Family,1,Contact Owner
2,16000,1650,Super Area,Hyderabad,Semi-Furnished,Bachelors/Family,1,Contact Owner
2,7500,800,Super Area,Hyderabad,Semi-Furnished,Bachelors/Family,2,Contact Owner
6,35000,3400,Super Area,Hyderabad,Unfurnished,Bachelors/Family,7,Contact Owner
3,8000,1100,Carpet Area,Hyderabad,Semi-Furnished,Bachelors/Family,1,Contact Agent
2,45000,1492,Super Area,Hyderabad,Semi-Furnished,Bachelors/Family,2,Contact Agent
3,9000,1100,Carpet Area,Hyderabad,Semi-Furnished,Bachelors/Family,1,Contact Agent
4,60000,2990,Super Area,Hyderabad,Semi-Furnished,Bachelors/Family,3,Contact Owner
3,70000,2780,Super Area,Hyderabad,Semi-Furnished,Bachelors/Family,3,Contact Agent
2,9000,1100,Carpet Area,Hyderabad,Unfurnished,Bachelors/Family,2,Contact Owner
2,11000,90,Super Area,Hyderabad,Semi-Furnished,Bachelors/Family,2,Contact Owner
2,5800,760,Super Area,Hyderabad,Unfurnished,Family,2,Contact Owner
1,9000,600,Super Area,Hyderabad,Furnished,Bachelors/Family,1,Contact Owner
2,18000,940,Super Area,Hyderabad,Semi-Furnished,Bachelors/Family,2,Contact Agent
3,45000,1742,Carpet Area,Hyderabad,Semi-Furnished,Family,3,Contact Agent
3,55000,2000,Carpet Area,Hyderabad,Semi-Furnished,Bachelors/Family,3,Contact Agent
1,9500,800,Super Area,Hyderabad,Semi-Furnished,Bachelors/Family,1,Contact Owner
3,35000,1800,Super Area,Hyderabad,Furnished,Bachelors/Family,3,Contact Owner
2,7500,1350,Super Area,Hyderabad,Unfurnished,Bachelors/Family,2,Contact Owner
3,25000,1685,Super Area,Hyderabad,Furnished,Bachelors/Family,3,Contact Owner
2,12500,1250,Super Area,Hyderabad,Unfurnished,Bachelors/Family,3,Contact Owner
3,22000,1800,Carpet Area,Hyderabad,Semi-Furnished,Family,3,Contact Owner
2,7500,853,Super Area,Hyderabad,Semi-Furnished,Bachelors/Family,2,Contact Owner
3,42000,2000,Carpet Area,Hyderabad,Semi-Furnished,Family,3,Contact Agent
1,8000,800,Super Area,Hyderabad,Furnished,Bachelors/Family,1,Contact Owner
2,20000,1200,Super Area,Hyderabad,Semi-Furnished,Bachelors/Family,1,Contact Owner
2,19000,1100,Carpet Area,Hyderabad,Semi-Furnished,Bachelors/Family,2,Contact Agent
1,14000,550,Carpet Area,Hyderabad,Unfurnished,Bachelors,1,Contact Agent
4,200000,4761,Carpet Area,Hyderabad,Semi-Furnished,Bachelors,6,Contact Owner
2,18500,920,Carpet Area,Hyderabad,Semi-Furnished,Family,2,Contact Owner
3,38000,1400,Carpet Area,Hyderabad,Semi-Furnished,Bachelors/Family,2,Contact Owner
3,67000,2310,Super Area,Hyderabad,Semi-Furnished,Family,3,Contact Agent
2,5000,650,Super Area,Hyderabad,Unfurnished,Family,2,Contact Owner
1,25000,700,Carpet Area,Hyderabad,Semi-Furnished,Bachelors/Family,2,Contact Owner
1,7000,300,Super Area,Hyderabad,Unfurnished,Bachelors/Family,1,Contact Owner
4,10000,100,Super Area,Hyderabad,Unfurnished,Bachelors/Family,2,Contact Owner
2,25000,1050,Carpet Area,Hyderabad,Furnished,Bachelors/Family,2,Contact Owner
2,11000,1125,Super Area,Hyderabad,Unfurnished,Bachelors,2,Contact Owner
4,17000,1600,Super Area,Hyderabad,Unfurnished,Bachelors/Family,4,Contact Owner
3,47000,2400,Super Area,Hyderabad,Furnished,Bachelors/Family,3,Contact Agent
2,10000,650,Super Area,Hyderabad,Unfurnished,Bachelors/Family,2,Contact Owner
1,7500,1000,Super Area,Hyderabad,Unfurnished,Bachelors/Family,1,Contact Owner
2,10000,900,Super Area,Hyderabad,Semi-Furnished,Bachelors/Family,2,Contact Owner
2,11000,1250,Super Area,Hyderabad,Semi-Furnished,Bachelors/Family,3,Contact Owner
2,21000,1020,Super Area,Hyderabad,Furnished,Bachelors/Family,2,Contact Owner
3,15000,1270,Carpet Area,Hyderabad,Furnished,Family,2,Contact Owner
1,7500,600,Super Area,Hyderabad,Unfurnished,Bachelors/Family,1,Contact Owner
1,6500,500,Carpet Area,Hyderabad,Unfurnished,Bachelors,1,Contact Owner
2,7500,800,Super Area,Hyderabad,Semi-Furnished,Bachelors/Family,2,Contact Owner
3,15000,1500,Super Area,Hyderabad,Unfurnished,Bachelors/Family,2,Contact Owner
2,11000,1200,Super Area,Hyderabad,Semi-Furnished,Bachelors/Family,2,Contact Owner
3,23000,1900,Carpet Area,Hyderabad,Semi-Furnished,Bachelors/Family,3,Contact Owner
2,11000,950,Super Area,Hyderabad,Unfurnished,Bachelors/Family,2,Contact Owner
1,8000,300,Super Area,Hyderabad,Semi-Furnished,Bachelors/Family,1,Contact Owner
2,13000,1250,Super Area,Hyderabad,Unfurnished,Bachelors/Family,2,Contact Owner
2,17000,1200,Super Area,Hyderabad,Unfurnished,Bachelors,2,Contact Owner
2,16000,1100,Super Area,Hyderabad,Semi-Furnished,Bachelors/Family,2,Contact Owner
2,12000,1100,Super Area,Hyderabad,Semi-Furnished,Bachelors/Family,2,Contact Owner
2,20000,1500,Super Area,Hyderabad,Semi-Furnished,Bachelors/Family,2,Contact Owner
3,18000,1400,Super Area,Hyderabad,Semi-Furnished,Bachelors/Family,2,Contact Owner
3,50000,1742,Carpet Area,Hyderabad,Semi-Furnished,Family,3,Contact Agent
2,23000,1250,Carpet Area,Hyderabad,Semi-Furnished,Bachelors/Family,2,Contact Agent
1,16500,650,Super Area,Hyderabad,Furnished,Bachelors/Family,1,Contact Owner
3,25000,1545,Super Area,Hyderabad,Furnished,Bachelors/Family,2,Contact Owner
1,13000,700,Carpet Area,Hyderabad,Unfurnished,Bachelors/Family,2,Contact Owner
2,12000,1600,Super Area,Hyderabad,Unfurnished,Bachelors/Family,2,Contact Owner
3,37000,1700,Super Area,Hyderabad,Furnished,Bachelors/Family,3,Contact Owner
2,6500,920,Super Area,Hyderabad,Unfurnished,Bachelors/Family,2,Contact Owner
2,13000,1115,Carpet Area,Hyderabad,Unfurnished,Family,2,Contact Owner
3,17500,1000,Carpet Area,Hyderabad,Semi-Furnished,Family,2,Contact Owner
2,15000,1200,Super Area,Hyderabad,Unfurnished,Bachelors/Family,2,Contact Owner
1,4000,500,Super Area,Hyderabad,Unfurnished,Bachelors/Family,1,Contact Owner
3,15000,1850,Super Area,Hyderabad,Semi-Furnished,Bachelors/Family,2,Contact Owner
1,9000,600,Super Area,Hyderabad,Unfurnished,Bachelors/Family,2,Contact Owner
2,13000,200,Carpet Area,Hyderabad,Unfurnished,Family,2,Contact Owner
3,25000,1500,Super Area,Hyderabad,Semi-Furnished,Bachelors/Family,3,Contact Owner
3,37000,2100,Super Area,Hyderabad,Semi-Furnished,Bachelors/Family,3,Contact Agent
3,25000,1250,Super Area,Hyderabad,Semi-Furnished,Bachelors/Family,3,Contact Owner
1,13000,800,Super Area,Hyderabad,Semi-Furnished,Bachelors/Family,1,Contact Owner
3,20000,1450,Super Area,Hyderabad,Unfurnished,Bachelors/Family,2,Contact Owner
3,37000,1960,Super Area,Hyderabad,Semi-Furnished,Bachelors/Family,3,Contact Agent
3,40000,1965,Super Area,Hyderabad,Semi-Furnished,Bachelors/Family,3,Contact Agent
3,45000,1834,Super Area,Hyderabad,Semi-Furnished,Bachelors/Family,3,Contact Agent
3,44000,1834,Super Area,Hyderabad,Semi-Furnished,Bachelors/Family,3,Contact Agent
2,15000,1150,Super Area,Hyderabad,Unfurnished,Bachelors/Family,2,Contact Owner
3,37000,1800,Super Area,Hyderabad,Furnished,Bachelors/Family,3,Contact Agent
2,12000,1000,Super Area,Hyderabad,Semi-Furnished,Bachelors/Family,2,Contact Owner
2,8000,1200,Super Area,Hyderabad,Unfurnished,Bachelors/Family,2,Contact Owner
3,30000,2000,Super Area,Hyderabad,Unfurnished,Bachelors/Family,5,Contact Owner
1,12000,700,Super Area,Hyderabad,Semi-Furnished,Bachelors/Family,1,Contact Owner
1,6000,400,Super Area,Hyderabad,Unfurnished,Bachelors/Family,1,Contact Owner
2,9500,1250,Super Area,Hyderabad,Furnished,Bachelors/Family,2,Contact Owner
1,10000,500,Super Area,Hyderabad,Unfurnished,Bachelors/Family,1,Contact Owner
3,16000,1550,Super Area,Hyderabad,Unfurnished,Bachelors/Family,3,Contact Owner
2,20000,1000,Super Area,Hyderabad,Unfurnished,Bachelors/Family,2,Contact Owner
2,10000,1200,Carpet Area,Hyderabad,Unfurnished,Family,2,Contact Owner
2,13000,1200,Carpet Area,Hyderabad,Unfurnished,Bachelors/Family,2,Contact Owner
2,17000,1200,Carpet Area,Hyderabad,Semi-Furnished,Bachelors,2,Contact Owner
2,15000,1800,Super Area,Hyderabad,Semi-Furnished,Bachelors/Family,2,Contact Owner
2,10000,1100,Super Area,Hyderabad,Furnished,Family,2,Contact Owner
3,25000,1650,Carpet Area,Hyderabad,Semi-Furnished,Bachelors,2,Contact Owner
3,15000,225,Carpet Area,Hyderabad,Unfurnished,Bachelors/Family,3,Contact Owner
1,11000,550,Super Area,Hyderabad,Furnished,Bachelors/Family,1,Contact Owner
1,7500,350,Super Area,Hyderabad,Unfurnished,Bachelors/Family,1,Contact Owner
2,15000,600,Super Area,Hyderabad,Unfurnished,Bachelors/Family,1,Contact Owner
1,7500,500,Super Area,Hyderabad,Unfurnished,Bachelors/Family,1,Contact Owner
2,11000,1100,Super Area,Hyderabad,Unfurnished,Bachelors/Family,2,Contact Owner
2,15000,1205,Super Area,Hyderabad,Furnished,Bachelors/Family,2,Contact Owner
2,9500,1200,Super Area,Hyderabad,Semi-Furnished,Bachelors/Family,1,Contact Owner
1,5000,540,Super Area,Hyderabad,Semi-Furnished,Bachelors/Family,1,Contact Owner
3,20000,1800,Carpet Area,Hyderabad,Semi-Furnished,Bachelors/Family,4,Contact Owner
1,8500,500,Super Area,Hyderabad,Unfurnished,Bachelors/Family,1,Contact Owner
2,9000,1200,Super Area,Hyderabad,Semi-Furnished,Bachelors/Family,2,Contact Owner
2,15000,1180,Super Area,Hyderabad,Semi-Furnished,Bachelors/Family,2,Contact Owner
2,20000,1000,Super Area,Hyderabad,Unfurnished,Bachelors/Family,2,Contact Owner
2,11500,675,Carpet Area,Hyderabad,Unfurnished,Bachelors,2,Contact Owner
3,13000,1450,Super Area,Hyderabad,Unfurnished,Bachelors/Family,2,Contact Owner
1,11000,100,Super Area,Hyderabad,Unfurnished,Bachelors/Family,1,Contact Owner
1,6000,500,Carpet Area,Hyderabad,Unfurnished,Bachelors,1,Contact Owner
2,15000,100,Super Area,Hyderabad,Unfurnished,Bachelors/Family,2,Contact Owner
4,45000,2300,Carpet Area,Hyderabad,Semi-Furnished,Bachelors/Family,4,Contact Owner
1,5000,300,Super Area,Hyderabad,Unfurnished,Bachelors/Family,1,Contact Owner
1,6000,300,Super Area,Hyderabad,Unfurnished,Bachelors/Family,1,Contact Owner
1,8000,800,Carpet Area,Hyderabad,Unfurnished,Bachelors/Family,1,Contact Owner
2,15000,1280,Super Area,Hyderabad,Unfurnished,Bachelors/Family,3,Contact Owner
2,10000,110,Carpet Area,Hyderabad,Unfurnished,Bachelors,2,Contact Owner
2,9000,920,Super Area,Hyderabad,Semi-Furnished,Bachelors/Family,2,Contact Owner
2,16000,2000,Super Area,Hyderabad,Unfurnished,Bachelors/Family,2,Contact Owner
2,16000,770,Super Area,Hyderabad,Semi-Furnished,Bachelors/Family,2,Contact Owner
3,45000,3200,Carpet Area,Hyderabad,Semi-Furnished,Bachelors/Family,3,Contact Agent
2,12000,1500,Carpet Area,Hyderabad,Unfurnished,Bachelors,2,Contact Owner
2,14500,1100,Super Area,Hyderabad,Semi-Furnished,Bachelors/Family,2,Contact Owner
1,8000,450,Super Area,Hyderabad,Unfurnished,Bachelors/Family,1,Contact Owner
6,80000,4500,Super Area,Hyderabad,Semi-Furnished,Bachelors/Family,6,Contact Owner
2,15000,1300,Carpet Area,Hyderabad,Semi-Furnished,Bachelors/Family,2,Contact Owner
1,15500,1000,Carpet Area,Hyderabad,Semi-Furnished,Bachelors/Family,1,Contact Owner
2,8000,900,Carpet Area,Hyderabad,Semi-Furnished,Bachelors,2,Contact Owner
1,7500,400,Super Area,Hyderabad,Unfurnished,Bachelors/Family,1,Contact Owner
3,15000,10,Carpet Area,Hyderabad,Furnished,Bachelors/Family,3,Contact Owner
1,5000,450,Super Area,Hyderabad,Unfurnished,Bachelors/Family,1,Contact Owner
2,10000,1300,Super Area,Hyderabad,Unfurnished,Bachelors/Family,2,Contact Owner
2,16000,1000,Super Area,Hyderabad,Furnished,Bachelors/Family,2,Contact Owner
2,15000,1300,Carpet Area,Hyderabad,Semi-Furnished,Bachelors,2,Contact Owner
1,6000,350,Super Area,Hyderabad,Semi-Furnished,Bachelors/Family,1,Contact Owner
3,32000,1560,Super Area,Hyderabad,Semi-Furnished,Bachelors/Family,3,Contact Owner
3,22000,1800,Carpet Area,Hyderabad,Semi-Furnished,Bachelors/Family,3,Contact Agent
1,9000,600,Carpet Area,Hyderabad,Semi-Furnished,Bachelors/Family,1,Contact Agent
2,12000,350,Carpet Area,Hyderabad,Unfurnished,Bachelors,1,Contact Owner
2,16000,1100,Carpet Area,Hyderabad,Furnished,Bachelors,2,Contact Owner
2,13000,1100,Super Area,Hyderabad,Semi-Furnished,Bachelors/Family,2,Contact Owner
2,20000,1170,Super Area,Hyderabad,Unfurnished,Bachelors/Family,2,Contact Owner
1,9000,550,Carpet Area,Hyderabad,Unfurnished,Bachelors/Family,1,Contact Owner
2,11000,1000,Super Area,Hyderabad,Unfurnished,Bachelors/Family,2,Contact Owner
2,12500,1100,Super Area,Hyderabad,Furnished,Bachelors/Family,2,Contact Owner
4,140000,3789,Carpet Area,Hyderabad,Semi-Furnished,Family,5,Contact Agent
3,65000,2700,Carpet Area,Hyderabad,Semi-Furnished,Bachelors/Family,3,Contact Agent
3,60000,2170,Carpet Area,Hyderabad,Semi-Furnished,Bachelors/Family,3,Contact Owner
2,26000,1160,Super Area,Hyderabad,Furnished,Family,2,Contact Owner
2,8000,800,Super Area,Hyderabad,Furnished,Bachelors/Family,2,Contact Owner
2,14000,1200,Super Area,Hyderabad,Unfurnished,Bachelors/Family,2,Contact Owner
3,15000,1422,Super Area,Hyderabad,Semi-Furnished,Bachelors/Family,3,Contact Owner
2,15000,1200,Super Area,Hyderabad,Semi-Furnished,Bachelors/Family,2,Contact Owner
2,7000,1200,Super Area,Hyderabad,Unfurnished,Bachelors/Family,2,Contact Owner
2,16000,1080,Carpet Area,Hyderabad,Semi-Furnished,Bachelors/Family,2,Contact Agent
2,17000,1050,Carpet Area,Hyderabad,Semi-Furnished,Bachelors/Family,2,Contact Agent
2,18000,1100,Carpet Area,Hyderabad,Semi-Furnished,Bachelors/Family,2,Contact Agent
2,20000,700,Super Area,Hyderabad,Unfurnished,Bachelors/Family,2,Contact Owner
2,18000,1150,Super Area,Hyderabad,Semi-Furnished,Bachelors/Family,2,Contact Owner
2,19000,1124,Super Area,Hyderabad,Furnished,Bachelors/Family,2,Contact Owner
1,7000,650,Super Area,Hyderabad,Semi-Furnished,Bachelors/Family,1,Contact Owner
2,10000,1125,Carpet Area,Hyderabad,Unfurnished,Bachelors,2,Contact Owner
2,9000,850,Super Area,Hyderabad,Semi-Furnished,Bachelors/Family,2,Contact Owner
2,30000,1140,Super Area,Hyderabad,Furnished,Family,2,Contact Owner
2,20000,1350,Super Area,Hyderabad,Semi-Furnished,Bachelors,2,Contact Owner
1,6500,600,Super Area,Hyderabad,Unfurnished,Bachelors/Family,1,Contact Owner
2,9000,1050,Super Area,Hyderabad,Unfurnished,Bachelors/Family,2,Contact Owner
3,20000,1100,Super Area,Hyderabad,Semi-Furnished,Bachelors/Family,3,Contact Owner
2,8000,1200,Super Area,Hyderabad,Semi-Furnished,Bachelors/Family,2,Contact Owner
3,22000,1450,Super Area,Hyderabad,Semi-Furnished,Bachelors/Family,2,Contact Owner
2,17000,1000,Super Area,Hyderabad,Semi-Furnished,Family,2,Contact Owner
1,7000,300,Super Area,Hyderabad,Semi-Furnished,Bachelors/Family,1,Contact Owner
6,30000,4200,Super Area,Hyderabad,Semi-Furnished,Bachelors/Family,5,Contact Owner
2,12000,1000,Super Area,Hyderabad,Unfurnished,Bachelors/Family,2,Contact Owner
3,53000,2300,Carpet Area,Hyderabad,Furnished,Bachelors,3,Contact Agent
2,11000,900,Super Area,Hyderabad,Unfurnished,Bachelors/Family,2,Contact Owner
1,7500,650,Carpet Area,Hyderabad,Semi-Furnished,Bachelors,1,Contact Agent
1,7500,850,Carpet Area,Hyderabad,Semi-Furnished,Bachelors,1,Contact Agent
2,12000,1300,Super Area,Hyderabad,Semi-Furnished,Bachelors/Family,2,Contact Owner
2,12000,950,Super Area,Hyderabad,Furnished,Bachelors/Family,2,Contact Owner
1,10500,150,Carpet Area,Hyderabad,Unfurnished,Bachelors/Family,1,Contact Owner
2,6000,900,Carpet Area,Hyderabad,Unfurnished,Bachelors/Family,2,Contact Owner
1,4500,50,Super Area,Hyderabad,Unfurnished,Bachelors/Family,1,Contact Owner
2,25000,1200,Super Area,Hyderabad,Unfurnished,Family,2,Contact Owner
2,13000,1350,Super Area,Hyderabad,Unfurnished,Bachelors/Family,2,Contact Owner
1,6000,400,Super Area,Hyderabad,Unfurnished,Bachelors/Family,1,Contact Owner
2,12500,800,Super Area,Hyderabad,Unfurnished,Bachelors/Family,2,Contact Owner
3,26000,1450,Super Area,Hyderabad,Semi-Furnished,Bachelors/Family,2,Contact Owner
3,60000,2405,Super Area,Hyderabad,Semi-Furnished,Bachelors,3,Contact Agent
3,35000,2500,Super Area,Hyderabad,Unfurnished,Bachelors/Family,2,Contact Owner
4,16000,1000,Super Area,Hyderabad,Semi-Furnished,Bachelors/Family,2,Contact Owner
2,12000,1200,Super Area,Hyderabad,Unfurnished,Bachelors/Family,2,Contact Owner
4,110000,3250,Carpet Area,Hyderabad,Semi-Furnished,Bachelors/Family,5,Contact Owner
3,20000,1600,Carpet Area,Hyderabad,Semi-Furnished,Family,3,Contact Owner
2,12000,980,Super Area,Hyderabad,Unfurnished,Bachelors/Family,2,Contact Owner
3,25000,1600,Super Area,Hyderabad,Semi-Furnished,Bachelors/Family,3,Contact Owner
2,17000,1000,Super Area,Hyderabad,Semi-Furnished,Bachelors/Family,2,Contact Owner
1,5500,40,Super Area,Hyderabad,Unfurnished,Bachelors/Family,1,Contact Owner
1,8000,850,Super Area,Hyderabad,Unfurnished,Bachelors/Family,1,Contact Owner
2,17000,840,Super Area,Hyderabad,Furnished,Bachelors/Family,2,Contact Owner
2,15000,600,Carpet Area,Hyderabad,Unfurnished,Bachelors,1,Contact Owner
1,9000,650,Super Area,Hyderabad,Furnished,Bachelors/Family,1,Contact Agent
2,16000,1100,Super Area,Hyderabad,Furnished,Family,2,Contact Agent
3,30000,214,Super Area,Hyderabad,Furnished,Bachelors,4,Contact Owner
3,30000,1700,Super Area,Hyderabad,Semi-Furnished,Family,3,Contact Agent
2,13000,1500,Carpet Area,Hyderabad,Unfurnished,Family,2,Contact Owner
2,8000,600,Super Area,Hyderabad,Unfurnished,Bachelors/Family,2,Contact Owner
2,13000,950,Super Area,Hyderabad,Unfurnished,Bachelors/Family,2,Contact Owner
2,7000,900,Super Area,Hyderabad,Unfurnished,Bachelors/Family,1,Contact Owner
1,5000,500,Carpet Area,Hyderabad,Furnished,Bachelors/Family,1,Contact Owner
3,18000,1450,Carpet Area,Hyderabad,Semi-Furnished,Family,3,Contact Owner
3,35000,1250,Super Area,Hyderabad,Furnished,Bachelors,2,Contact Owner
3,15000,1500,Super Area,Hyderabad,Semi-Furnished,Family,3,Contact Owner
3,15000,1500,Super Area,Hyderabad,Semi-Furnished,Bachelors/Family,3,Contact Owner
2,17000,855,Carpet Area,Hyderabad,Unfurnished,Bachelors,2,Contact Agent
2,25000,1040,Carpet Area,Hyderabad,Unfurnished,Bachelors,2,Contact Owner
2,12000,1350,Super Area,Hyderabad,Unfurnished,Bachelors/Family,2,Contact Owner
2,15000,1000,Carpet Area,Hyderabad,Semi-Furnished,Bachelors/Family,2,Contact Owner
3,29000,2000,Super Area,Hyderabad,Semi-Furnished,Bachelors/Family,3,Contact Owner
3,35000,1750,Carpet Area,Hyderabad,Semi-Furnished,Bachelors/Family,3,Contact Agent
3,45000,1500,Carpet Area,Hyderabad,Semi-Furnished,Family,2,Contact Agent
2,15000,1000,Carpet Area,Hyderabad,Unfurnished,Bachelors,2,Contact Owner
