user_id,variant,region,device,session_minutes,purchased
1,treatment,South,desktop,7.286,1
2,treatment,Midwest,mobile,1.034,0
3,treatment,South,mobile,4.375,0
4,control,West,mobile,2.227,0
5,control,Midwest,desktop,9.348,0
6,treatment,West,mobile,2.304,0
7,treatment,Mountain,desktop,1.831,0
8,treatment,South,mobile,2.055,0
9,treatment,Northeast,mobile,4.253,0
10,control,West,mobile,10.454,0
11,control,South,desktop,5.565,0
12,treatment,Mountain,mobile,7.012,0
13,control,South,desktop,7.99,1
14,treatment,Mountain,mobile,1.26,0
15,control,West,mobile,3.86,0
16,treatment,Midwest,mobile,6.014,0
17,treatment,West,desktop,2.746,0
18,treatment,Northeast,desktop,6.641,1
19,treatment,South,mobile,5.831,0
20,control,West,mobile,4.805,0
21,treatment,Midwest,mobile,4.012,0
22,control,West,mobile,2.377,0
23,treatment,South,mobile,3.826,0
24,control,South,mobile,1.933,1
25,control,Midwest,desktop,4.278,0
26,treatment,West,desktop,5.42,1
27,control,West,mobile,3.713,0
28,control,Mountain,mobile,1.926,0
29,control,South,desktop,1.345,0
30,treatment,West,mobile,3.224,0
31,treatment,West,mobile,4.99,0
32,treatment,Midwest,desktop,4.609,0
33,control,Midwest,mobile,3.576,0
34,treatment,West,desktop,2.385,0
35,treatment,Northeast,desktop,2.997,0
36,control,South,mobile,2.539,0
37,treatment,Northeast,mobile,4.089,0
38,treatment,South,desktop,1.598,1
39,treatment,West,mobile,2.121,0
40,treatment,West,mobile,3.715,1
41,control,South,mobile,2.658,0
42,treatment,West,mobile,6.929,1
43,treatment,Midwest,mobile,4.933,0
44,control,South,desktop,3.138,0
45,treatment,West,desktop,5.797,0
46,treatment,West,mobile,6.419,0
47,control,South,mobile,3.463,0
48,treatment,West,desktop,4.535,1
49,control,Midwest,desktop,12.338,0
50,control,Northeast,desktop,6.585,0
51,control,West,mobile,9.483,0
52,treatment,Mountain,mobile,7.257,0
53,control,Midwest,mobile,4.802,0
54,control,South,mobile,5.115,0
55,control,Midwest,mobile,4.08,0
56,control,Mountain,desktop,2.138,0
57,treatment,Northeast,mobile,21.508,0
58,treatment,South,desktop,2.138,1
59,treatment,Northeast,mobile,4.198,1
60,control,South,mobile,1.076,0
61,treatment,Northeast,desktop,5.447,0
62,control,South,desktop,1.311,0
63,treatment,Northeast,mobile,3.427,0
64,control,West,desktop,3.906,0
65,control,West,desktop,15.687,0
66,treatment,South,mobile,7.488,0
67,control,Northeast,mobile,3.228,0
68,treatment,South,mobile,11.915,0
69,control,Northeast,mobile,9.198,0
70,control,Northeast,desktop,4.937,0
71,treatment,Midwest,mobile,2.392,0
72,control,West,desktop,5.383,0
73,treatment,West,mobile,8.068,0
74,treatment,Midwest,mobile,5.958,0
75,treatment,Midwest,mobile,10.247,1
76,treatment,Northeast,mobile,4.259,0
77,control,West,mobile,2.783,0
78,treatment,West,desktop,5.735,0
79,treatment,Mountain,desktop,3.906,0
80,control,West,mobile,1.825,0
81,treatment,West,mobile,1.643,0
82,control,West,mobile,2.661,0
83,control,Northeast,desktop,8.254,0
84,control,Mountain,mobile,3.766,0
85,treatment,South,mobile,2.119,0
86,treatment,West,mobile,6.958,0
87,treatment,West,mobile,5.408,0
88,control,South,mobile,4.396,0
89,treatment,South,mobile,6.877,0
90,control,Midwest,mobile,4.453,0
91,control,Midwest,mobile,2.77,0
92,treatment,Northeast,mobile,3.943,0
93,control,Northeast,mobile,0.825,0
94,treatment,West,mobile,21.896,0
95,treatment,South,mobile,3.481,0
96,treatment,Mountain,mobile,0.706,0
97,treatment,West,desktop,6.511,0
98,control,Mountain,mobile,2.483,1
99,control,Midwest,mobile,1.93,1
100,treatment,Northeast,desktop,3.539,0
101,treatment,West,desktop,13.038,1
102,treatment,Northeast,mobile,3.248,0
103,treatment,West,mobile,8.794,0
104,treatment,South,mobile,2.625,0
105,treatment,West,desktop,6.724,0
106,treatment,West,mobile,3.683,0
107,treatment,West,mobile,3.419,1
108,control,West,desktop,4.259,0
109,treatment,Midwest,desktop,6.507,0
110,control,Mountain,desktop,7.266,0
111,control,Northeast,mobile,2.626,0
112,treatment,Mountain,mobile,8.559,0
113,control,Northeast,desktop,9.993,0
114,treatment,West,mobile,0.998,0
115,treatment,South,mobile,0.607,0
116,control,South,desktop,3.553,0
117,control,Mountain,mobile,3.034,0
118,treatment,Mountain,desktop,4.447,0
119,treatment,West,mobile,4.599,0
120,treatment,South,mobile,3.88,0
121,control,Northeast,desktop,2.896,0
122,treatment,South,mobile,4.148,0
123,treatment,Northeast,mobile,4.464,0
124,treatment,South,mobile,7.941,0
125,treatment,South,mobile,10.817,0
126,control,West,desktop,1.987,0
127,control,West,mobile,2.667,1
128,control,West,mobile,6.404,0
129,control,Northeast,mobile,6.679,0
130,treatment,West,mobile,6.833,0
131,control,Northeast,desktop,3.565,0
132,control,West,mobile,3.205,0
133,treatment,South,mobile,6.042,0
134,control,South,mobile,9.61,0
135,control,West,mobile,1.53,0
136,treatment,Midwest,mobile,4.433,0
137,treatment,West,mobile,4.763,1
138,control,West,mobile,5.313,1
139,treatment,West,desktop,1.867,0
140,treatment,South,mobile,1.094,0
141,treatment,Midwest,desktop,3.028,0
142,control,Northeast,desktop,5.453,0
143,control,Northeast,mobile,9.355,0
144,control,Mountain,mobile,1.961,0
145,treatment,Mountain,mobile,14.147,0
146,control,Mountain,desktop,1.955,0
147,control,Midwest,desktop,3.211,0
148,treatment,Midwest,desktop,8.573,0
149,control,West,mobile,5.727,1
150,control,Midwest,mobile,20.729,0
151,control,Mountain,desktop,2.642,1
152,treatment,West,desktop,4.539,0
153,treatment,West,desktop,7.016,0
154,control,Northeast,mobile,6.041,0
155,treatment,West,desktop,4.797,0
156,control,South,mobile,1.226,0
157,control,South,desktop,13.809,0
158,control,Mountain,mobile,8.098,0
159,treatment,West,mobile,8.349,0
160,control,West,mobile,2.51,0
161,treatment,West,desktop,13.529,0
162,treatment,West,desktop,15.784,0
163,treatment,Midwest,mobile,7.53,0
164,control,West,mobile,1.049,0
165,treatment,Midwest,mobile,1.788,0
166,treatment,South,mobile,8.241,0
167,treatment,Mountain,desktop,6.765,0
168,treatment,South,mobile,4.657,0
169,treatment,South,mobile,5.652,0
170,control,South,mobile,1.376,0
171,control,South,mobile,3.424,1
172,treatment,West,mobile,9.535,0
173,control,Northeast,mobile,4.238,1
174,treatment,Mountain,desktop,4.422,0
175,treatment,South,mobile,4.327,0
176,control,West,mobile,4.867,0
177,control,Northeast,mobile,2.133,0
178,treatment,South,desktop,18.201,0
179,control,Northeast,desktop,7.279,0
180,control,West,mobile,15.434,0
181,treatment,West,mobile,6.157,1
182,treatment,Northeast,mobile,6.491,0
183,treatment,Midwest,mobile,2.285,0
184,control,South,desktop,1.164,0
185,treatment,Northeast,desktop,5.044,0
186,treatment,West,mobile,5.861,0
187,treatment,West,mobile,11.3,0
188,treatment,Midwest,desktop,12.306,0
189,control,Northeast,mobile,3.158,0
190,treatment,South,mobile,5.119,0
191,control,Mountain,mobile,6.587,0
192,control,West,desktop,6.034,1
193,treatment,Northeast,mobile,3.916,0
194,treatment,Mountain,desktop,5.675,0
195,control,Midwest,mobile,6.675,0
196,control,South,mobile,3.993,0
197,control,Midwest,mobile,0.633,0
198,treatment,Midwest,mobile,4.182,0
199,treatment,West,mobile,4.596,0
200,control,South,desktop,6.021,0
201,treatment,South,mobile,7.065,0
202,treatment,South,mobile,11.203,0
203,treatment,West,desktop,4.922,1
204,control,Mountain,mobile,7.594,0
205,treatment,West,mobile,1.594,0
206,treatment,Northeast,desktop,1.283,0
207,treatment,West,desktop,18.014,0
208,control,Mountain,mobile,6.228,0
209,control,West,mobile,5.043,1
210,treatment,Mountain,mobile,3.183,0
211,control,Midwest,desktop,3.985,0
212,treatment,Midwest,mobile,2.174,0
213,control,West,mobile,3.362,0
214,treatment,South,mobile,7.468,0
215,treatment,South,mobile,1.87,0
216,treatment,South,desktop,4.272,0
217,treatment,West,mobile,5.445,1
218,treatment,Northeast,mobile,4.991,0
219,treatment,South,desktop,5.413,0
220,control,South,mobile,2.2,0
221,control,Midwest,desktop,2.198,0
222,control,Mountain,mobile,0.931,0
223,treatment,Northeast,desktop,10.568,0
224,treatment,Northeast,mobile,8.552,0
225,treatment,Mountain,mobile,3.149,0
226,control,South,desktop,5.694,0
227,treatment,West,mobile,5.035,0
228,control,West,desktop,4.271,0
229,treatment,West,mobile,4.417,0
230,control,Northeast,desktop,5.217,0
231,control,Northeast,mobile,5.066,0
232,treatment,West,desktop,3.79,1
233,control,Northeast,desktop,3.23,0
234,control,West,mobile,7.308,0
235,treatment,West,mobile,5.099,0
236,control,Northeast,mobile,9.87,0
237,treatment,West,desktop,3.472,0
238,treatment,South,desktop,6.025,0
239,treatment,Northeast,mobile,15.868,0
240,control,Northeast,mobile,3.393,0
241,treatment,West,mobile,4.997,0
242,treatment,West,desktop,1.333,0
243,treatment,Northeast,mobile,10.964,0
244,control,Midwest,mobile,7.141,0
245,control,Midwest,mobile,6.311,0
246,control,Midwest,mobile,6.478,0
247,control,Mountain,mobile,5.044,0
248,treatment,Midwest,mobile,4.525,0
249,treatment,Northeast,mobile,3.363,0
250,treatment,Midwest,mobile,6.762,0
251,control,West,mobile,3.066,0
252,control,Northeast,desktop,16.044,0
253,control,Midwest,mobile,1.861,0
254,treatment,South,mobile,1.322,0
255,control,Northeast,mobile,9.41,0
256,treatment,West,desktop,4.628,0
257,treatment,West,desktop,1.21,0
258,treatment,Midwest,desktop,6.923,0
259,control,South,mobile,6.009,0
260,control,Midwest,desktop,1.761,0
261,control,South,mobile,3.477,0
262,control,Mountain,desktop,8.349,0
263,treatment,Northeast,desktop,3.851,0
264,treatment,Northeast,mobile,9.073,0
265,treatment,West,desktop,10.873,0
266,treatment,Midwest,mobile,3.998,0
267,treatment,Midwest,mobile,2.461,0
268,treatment,Midwest,mobile,0.96,0
269,control,West,desktop,10.277,1
270,control,West,mobile,7.565,0
271,control,Midwest,desktop,1.374,0
272,treatment,Mountain,mobile,9.009,0
273,treatment,South,mobile,5.451,1
274,treatment,Mountain,mobile,2.335,0
275,control,Northeast,desktop,6.143,0
276,control,Midwest,mobile,4.057,0
277,control,South,mobile,1.401,0
278,treatment,Northeast,desktop,1.305,0
279,treatment,South,mobile,8.722,0
280,treatment,South,desktop,3.76,0
281,treatment,Midwest,mobile,3.294,0
282,control,West,mobile,6.996,0
283,treatment,West,mobile,7.002,0
284,control,South,desktop,6.853,0
285,control,Northeast,desktop,4.08,0
286,treatment,Northeast,mobile,5.728,0
287,control,Mountain,mobile,7.6,0
288,control,Midwest,mobile,2.283,0
289,treatment,West,mobile,4.036,0
290,treatment,Mountain,desktop,5.902,0
291,control,Mountain,mobile,4.424,0
292,treatment,South,mobile,3.878,1
293,control,South,mobile,9.331,0
294,treatment,West,desktop,2.432,0
295,treatment,West,desktop,7.284,0
296,treatment,Mountain,mobile,3.964,0
297,treatment,South,mobile,2.313,0
298,treatment,Midwest,desktop,1.215,0
299,control,West,desktop,2.828,0
300,control,South,desktop,1.452,0
301,control,Midwest,desktop,5.311,1
302,control,South,mobile,2.923,0
303,control,South,desktop,9.427,0
304,treatment,Mountain,mobile,0.928,0
305,treatment,Northeast,mobile,6.237,0
306,treatment,Northeast,mobile,1.149,1
307,treatment,South,mobile,6.66,0
308,treatment,Midwest,desktop,6.234,0
309,treatment,Mountain,mobile,8.758,0
310,control,South,desktop,7.995,0
311,control,Northeast,mobile,8.596,0
312,control,South,mobile,5.294,0
313,treatment,Northeast,desktop,0.836,0
314,treatment,Northeast,mobile,8.351,0
315,treatment,Midwest,mobile,9.62,0
316,treatment,Midwest,desktop,1.962,0
317,treatment,Midwest,desktop,5.265,0
318,control,West,mobile,2.741,0
319,treatment,Northeast,desktop,6.097,0
320,control,Midwest,desktop,4.419,0
321,control,Midwest,mobile,7.377,0
322,treatment,West,desktop,2.848,0
323,control,Northeast,mobile,6.582,0
324,control,Mountain,desktop,3.994,0
325,control,Midwest,mobile,4.595,0
326,control,South,desktop,3.769,0
327,treatment,Midwest,desktop,4.441,0
328,control,West,desktop,7.092,0
329,treatment,West,mobile,1.468,0
330,control,South,desktop,8.232,0
331,control,South,desktop,0.816,0
332,treatment,South,mobile,0.378,0
333,control,West,mobile,4.625,0
334,treatment,Mountain,desktop,3.372,0
335,control,Midwest,desktop,1.377,0
336,control,Mountain,desktop,5.617,0
337,control,West,mobile,5.693,0
338,control,Midwest,mobile,6.993,0
339,treatment,West,desktop,8.584,0
340,control,South,mobile,2.853,1
341,control,West,mobile,8.078,0
342,control,Mountain,mobile,3.476,0
343,control,West,mobile,5.428,0
344,treatment,West,desktop,3.052,0
345,control,Midwest,desktop,2.442,0
346,control,South,mobile,1.04,0
347,control,Northeast,mobile,3.843,0
348,treatment,West,mobile,4.86,0
349,control,Midwest,desktop,4.96,0
350,treatment,Northeast,mobile,6.307,0
351,treatment,Northeast,desktop,8.716,1
352,treatment,West,desktop,3.842,0
353,control,Northeast,mobile,9.601,0
354,control,Northeast,mobile,0.676,0
355,control,West,desktop,12.845,0
356,treatment,Midwest,desktop,2.103,0
357,control,Midwest,mobile,4.482,1
358,control,Mountain,mobile,5.746,0
359,control,Midwest,desktop,2.869,1
360,treatment,South,mobile,4.917,0
361,treatment,Northeast,desktop,2.011,0
362,control,West,mobile,4.634,1
363,treatment,Midwest,desktop,7.115,0
364,treatment,West,mobile,1.397,0
365,treatment,Mountain,mobile,9.861,1
366,treatment,South,mobile,3.922,1
367,treatment,Northeast,desktop,2.499,0
368,treatment,Midwest,desktop,4.199,0
369,control,West,desktop,5.526,0
370,control,Northeast,desktop,6.308,0
371,treatment,West,mobile,1.961,1
372,control,Mountain,mobile,3.375,0
373,control,Midwest,mobile,10.796,0
374,treatment,Mountain,desktop,1.898,0
375,treatment,West,desktop,2.764,1
376,control,West,mobile,4.482,0
377,control,Midwest,mobile,1.758,1
378,control,Midwest,mobile,3.13,0
379,treatment,West,mobile,1.927,0
380,control,South,mobile,1.828,0
381,control,West,mobile,5.153,0
382,control,Mountain,desktop,5.16,0
383,treatment,South,mobile,7.68,1
384,treatment,Northeast,mobile,2.523,0
385,control,South,mobile,7.821,0
386,control,Midwest,mobile,5.773,0
387,control,West,mobile,2.654,0
388,control,Midwest,desktop,3.179,0
389,control,South,mobile,0.946,0
390,treatment,Mountain,mobile,4.444,0
391,treatment,West,mobile,8.381,0
392,treatment,Northeast,mobile,2.946,0
393,treatment,Northeast,mobile,4.358,0
394,control,Mountain,desktop,2.548,0
395,control,West,desktop,2.586,0
396,control,Midwest,mobile,4.873,1
397,treatment,South,desktop,7.838,0
398,treatment,Midwest,desktop,5.548,0
399,treatment,West,mobile,6.914,0
400,control,Mountain,mobile,5.167,0
401,control,Northeast,mobile,4.46,0
402,control,Midwest,desktop,3.753,0
403,control,West,mobile,4.625,0
404,control,Northeast,desktop,0.368,0
405,treatment,Northeast,mobile,2.681,0
406,treatment,Midwest,mobile,17.653,0
407,control,West,mobile,8.621,0
408,control,West,desktop,6.223,0
409,treatment,West,desktop,3.366,0
410,control,Northeast,desktop,1.866,1
411,treatment,Northeast,desktop,0.758,0
412,treatment,West,mobile,2.797,0
413,treatment,South,desktop,2.694,1
414,control,West,desktop,8.973,0
415,control,Northeast,mobile,3.307,0
416,control,Northeast,mobile,10.504,0
417,control,South,desktop,5.38,1
418,control,Midwest,mobile,2.072,0
419,treatment,Northeast,desktop,8.441,0
420,treatment,South,desktop,1.76,0
421,control,West,mobile,8.133,0
422,treatment,South,mobile,11.23,0
423,control,Northeast,mobile,13.641,0
424,control,Midwest,mobile,6.478,0
425,treatment,South,mobile,13.589,0
426,treatment,Mountain,mobile,3.055,0
427,treatment,South,desktop,5.362,0
428,control,South,mobile,5.029,0
429,control,Mountain,mobile,1.209,0
430,control,Mountain,mobile,3.794,0
431,treatment,Midwest,mobile,7.725,0
432,control,South,desktop,12.759,0
433,control,West,mobile,2.515,0
434,treatment,South,desktop,2.197,0
435,treatment,Mountain,mobile,3.76,0
436,control,Midwest,mobile,3.631,0
437,control,Mountain,mobile,1.767,0
438,control,Mountain,desktop,3.561,0
439,control,Midwest,mobile,5.826,0
440,control,West,desktop,4.634,0
441,treatment,Mountain,mobile,1.176,0
442,control,Northeast,mobile,6.501,0
443,treatment,South,desktop,7.295,0
444,treatment,West,desktop,8.453,0
445,treatment,West,mobile,14.672,0
446,control,South,desktop,4.802,0
447,treatment,Mountain,mobile,8.813,0
448,treatment,Midwest,mobile,2.853,0
449,control,West,mobile,3.015,0
450,treatment,Northeast,desktop,8.016,1
451,treatment,West,desktop,4.827,0
452,control,Northeast,mobile,9.771,0
453,treatment,Northeast,desktop,3.664,0
454,control,West,mobile,7.818,0
455,treatment,South,desktop,13.027,1
456,treatment,Midwest,mobile,6.896,0
457,control,Midwest,desktop,2.051,0
458,control,South,mobile,3.455,0
459,treatment,South,desktop,6.171,0
460,control,Mountain,mobile,3.395,1
461,treatment,South,desktop,3.539,1
462,treatment,South,mobile,1.062,0
463,treatment,South,desktop,9.81,0
464,control,Northeast,mobile,9.306,0
465,control,West,desktop,3.451,0
466,control,West,mobile,1.93,0
467,treatment,South,desktop,9.492,0
468,control,South,desktop,1.579,1
469,treatment,South,desktop,4.133,1
470,control,South,mobile,7.708,0
471,control,Northeast,desktop,2.437,0
472,treatment,Northeast,desktop,6.472,0
473,treatment,Northeast,mobile,4.208,0
474,treatment,Mountain,mobile,2.202,0
475,treatment,Northeast,mobile,1.189,0
476,treatment,Northeast,desktop,3.035,0
477,control,West,mobile,1.603,0
478,control,West,mobile,0.946,0
479,control,Northeast,mobile,7.107,0
480,treatment,South,desktop,0.1,0
481,control,West,mobile,7.74,0
482,control,Midwest,desktop,1.631,0
483,treatment,Northeast,desktop,1.471,1
484,control,Mountain,desktop,4.06,0
485,control,Mountain,desktop,2.347,0
486,treatment,West,mobile,7.454,0
487,control,West,desktop,4.094,0
488,treatment,Northeast,mobile,6.815,0
489,control,Midwest,mobile,5.481,0
490,control,South,mobile,1.978,0
491,control,Midwest,mobile,5.498,0
492,control,Northeast,mobile,4.481,0
493,treatment,Northeast,mobile,6.106,0
494,treatment,Midwest,desktop,2.921,0
495,control,Northeast,desktop,4.027,0
496,treatment,West,mobile,3.145,0
497,treatment,West,desktop,5.188,0
498,control,Northeast,mobile,6.525,0
499,treatment,South,mobile,4.352,0
500,control,West,mobile,0.466,0
501,control,South,mobile,7.701,0
502,control,West,mobile,2.369,0
503,control,Midwest,mobile,1.409,0
504,control,Mountain,desktop,6.85,1
505,treatment,West,mobile,1.245,0
506,control,Midwest,mobile,8.522,1
507,control,West,desktop,8.59,0
508,control,West,desktop,6.901,1
509,control,Midwest,mobile,3.111,0
510,control,Northeast,desktop,19.629,0
511,control,Midwest,mobile,17.058,0
512,treatment,Mountain,mobile,5.888,0
513,control,West,mobile,1.57,0
514,control,Midwest,desktop,11.328,0
515,control,West,mobile,1.292,0
516,control,South,mobile,11.519,0
517,treatment,South,mobile,4.082,0
518,treatment,Northeast,desktop,8.276,0
519,control,Midwest,mobile,4.836,0
520,control,Midwest,desktop,3.728,0
521,treatment,Midwest,desktop,10.843,0
522,treatment,South,mobile,4.028,0
523,treatment,West,mobile,2.375,0
524,control,Northeast,desktop,8.295,1
525,treatment,Northeast,mobile,8.046,0
526,treatment,West,desktop,2.82,0
527,control,Northeast,desktop,1.462,0
528,treatment,South,desktop,2.583,0
529,control,South,mobile,2.859,0
530,control,Midwest,mobile,5.438,0
531,treatment,South,mobile,5.572,0
532,control,Mountain,mobile,0.156,0
533,treatment,South,mobile,3.758,1
534,treatment,Mountain,desktop,2.681,0
535,treatment,Mountain,desktop,2.137,0
536,treatment,Mountain,mobile,9.633,0
537,control,Northeast,mobile,2.119,0
538,control,South,mobile,9.913,0
539,control,Mountain,mobile,2.168,0
540,control,West,mobile,4.671,0
541,control,Northeast,mobile,4.037,1
542,treatment,West,desktop,4.694,0
543,control,Mountain,mobile,15.977,0
544,treatment,West,mobile,6.21,0
545,treatment,Midwest,mobile,1.778,0
546,control,Midwest,mobile,3.893,0
547,control,West,desktop,9.031,0
548,treatment,South,mobile,6.155,0
549,control,West,mobile,5.702,0
550,control,Midwest,desktop,18.81,0
551,control,Mountain,desktop,12.486,0
552,treatment,Mountain,mobile,5.888,0
553,control,South,mobile,2.026,0
554,treatment,West,desktop,1.524,0
555,control,Northeast,mobile,0.979,0
556,control,West,desktop,5.457,0
557,control,Midwest,mobile,12.77,0
558,treatment,South,desktop,5.32,0
559,treatment,South,desktop,4.993,0
560,treatment,West,mobile,3.345,0
561,control,West,mobile,18.781,0
562,control,West,desktop,7.395,0
563,control,Northeast,mobile,9.201,0
564,control,West,mobile,3.203,0
565,control,Midwest,mobile,4.817,0
566,treatment,Northeast,mobile,4.04,0
567,control,Midwest,mobile,10.3,0
568,treatment,Mountain,mobile,4.563,0
569,treatment,Midwest,mobile,2.757,1
570,treatment,Northeast,mobile,0.833,0
571,control,Northeast,desktop,6.93,0
572,treatment,Northeast,mobile,6.839,0
573,control,Mountain,mobile,2.316,0
574,treatment,Midwest,mobile,4.518,0
575,control,Midwest,mobile,3.418,0
576,treatment,Midwest,mobile,2.556,0
577,treatment,West,desktop,0.64,0
578,treatment,Northeast,mobile,3.237,1
579,control,South,mobile,3.934,0
580,control,South,mobile,13.613,0
581,control,Midwest,mobile,7.89,0
582,treatment,South,mobile,10.074,0
583,control,Northeast,mobile,5.073,0
584,treatment,Northeast,mobile,11.401,0
585,treatment,West,mobile,4.141,0
586,treatment,South,mobile,5.29,0
587,control,Mountain,mobile,7.573,0
588,treatment,Northeast,mobile,8.905,0
589,treatment,West,mobile,10.068,1
590,treatment,Northeast,mobile,4.219,0
591,control,South,desktop,5.153,0
592,treatment,South,desktop,2.981,0
593,treatment,South,mobile,5.986,1
594,treatment,South,desktop,6.599,0
595,treatment,Midwest,mobile,2.695,0
596,treatment,South,desktop,5.698,0
597,control,South,mobile,5.135,0
598,control,Northeast,mobile,8.414,0
599,treatment,West,mobile,5.137,0
600,control,Midwest,mobile,3.582,0
601,control,Midwest,mobile,5.82,0
602,control,West,mobile,20.441,0
603,control,Midwest,mobile,13.693,1
604,treatment,West,mobile,4.658,0
605,control,Mountain,mobile,4.07,0
606,control,Northeast,mobile,4.388,0
607,control,Midwest,mobile,7.705,0
608,control,West,desktop,1.738,0
609,control,West,desktop,4.446,0
610,treatment,South,mobile,9.969,0
611,control,Northeast,desktop,10.259,0
612,treatment,South,mobile,4.656,0
613,control,Mountain,mobile,1.695,0
614,treatment,West,mobile,5.703,0
615,treatment,Northeast,mobile,10.81,0
616,treatment,Northeast,mobile,1.842,0
617,treatment,Midwest,mobile,4.156,1
618,treatment,South,mobile,11.141,0
619,control,West,desktop,7.036,0
620,control,Midwest,mobile,1.604,0
621,treatment,South,desktop,9.917,0
622,control,South,mobile,6.976,0
623,treatment,Mountain,mobile,1.97,0
624,control,Mountain,desktop,4.419,0
625,control,South,mobile,2.202,0
626,control,Midwest,desktop,3.377,0
627,treatment,Midwest,desktop,3.266,0
628,control,West,desktop,8.661,0
629,control,Mountain,mobile,11.325,0
630,treatment,Northeast,mobile,13.659,0
631,control,Mountain,desktop,3.205,0
632,control,Midwest,desktop,1.538,0
633,control,West,mobile,2.593,0
634,control,Northeast,mobile,10.218,0
635,treatment,Mountain,mobile,11.362,1
636,control,Northeast,mobile,5.5,0
637,control,Midwest,mobile,4.202,1
638,control,South,desktop,2.23,0
639,control,South,mobile,2.624,1
640,control,West,desktop,2.173,0
641,control,Midwest,desktop,4.92,0
642,control,Midwest,mobile,7.145,0
643,treatment,West,desktop,7.972,0
644,treatment,Midwest,desktop,6.628,0
645,treatment,Midwest,desktop,1.027,0
646,control,Midwest,mobile,7.632,0
647,control,West,mobile,2.763,0
648,treatment,South,mobile,7.669,0
649,control,Midwest,mobile,6.358,1
650,control,Mountain,mobile,6.355,0
651,control,West,mobile,6.643,0
652,treatment,Northeast,desktop,9.355,0
653,treatment,South,mobile,18.97,0
654,treatment,West,desktop,6.652,0
655,control,South,desktop,2.413,0
656,treatment,Midwest,desktop,2.098,0
657,control,West,mobile,2.843,0
658,control,South,desktop,9.059,0
659,treatment,South,mobile,2.449,0
660,treatment,South,mobile,11.005,0
661,control,Northeast,desktop,2.426,0
662,control,South,desktop,7.346,0
663,control,Northeast,desktop,2.288,0
664,treatment,Northeast,mobile,1.425,0
665,control,Midwest,mobile,2.454,0
666,control,Northeast,desktop,4.933,0
667,treatment,South,desktop,3.593,0
668,treatment,South,mobile,2.792,0
669,treatment,Midwest,mobile,1.929,0
670,treatment,Northeast,mobile,1.218,0
671,treatment,West,desktop,9.968,0
672,control,West,mobile,3.62,0
673,treatment,West,mobile,3.615,0
674,control,Midwest,mobile,8.977,0
675,treatment,West,mobile,11.201,0
676,control,Mountain,desktop,1.765,0
677,control,Northeast,mobile,6.313,0
678,control,South,mobile,1.225,0
679,treatment,Northeast,mobile,12.616,0
680,control,Mountain,mobile,6.653,0
681,control,Midwest,mobile,2.982,0
682,control,Mountain,mobile,4.196,0
683,control,West,mobile,3.903,0
684,treatment,Midwest,mobile,3.71,0
685,control,Midwest,mobile,3.354,0
686,treatment,West,mobile,2.739,0
687,control,West,desktop,8.852,0
688,treatment,Midwest,mobile,2.894,0
689,treatment,West,mobile,3.254,0
690,treatment,Northeast,mobile,4.925,0
691,control,West,desktop,5.863,0
692,control,South,desktop,9.025,0
693,treatment,Mountain,desktop,8.561,0
694,treatment,Mountain,desktop,6.474,0
695,treatment,South,mobile,21.771,0
696,control,Mountain,mobile,4.295,0
697,treatment,West,desktop,11.162,0
698,control,West,desktop,14.969,0
699,control,West,mobile,7.5,0
700,treatment,South,desktop,1.017,0
701,control,West,desktop,5.359,0
702,treatment,South,mobile,9.103,0
703,treatment,West,mobile,2.19,0
704,control,West,mobile,10.17,0
705,treatment,Mountain,desktop,6.889,0
706,control,West,desktop,6.135,0
707,control,Midwest,mobile,11.261,0
708,control,South,desktop,9.5,0
709,treatment,West,desktop,2.31,0
710,treatment,Northeast,desktop,1.298,0
711,control,South,mobile,5.06,0
712,control,Midwest,mobile,2.114,0
713,control,Midwest,desktop,5.501,0
714,treatment,West,mobile,3.546,0
715,control,Northeast,mobile,4.087,0
716,treatment,Midwest,mobile,0.668,0
717,treatment,South,mobile,2.498,0
718,control,South,desktop,4.04,1
719,treatment,Midwest,mobile,5.122,0
720,treatment,Midwest,mobile,10.973,0
721,treatment,Midwest,desktop,7.087,0
722,control,West,desktop,4.221,1
723,treatment,Midwest,mobile,4.154,0
724,control,South,mobile,11.394,0
725,control,Midwest,desktop,0.931,0
726,treatment,Northeast,mobile,8.257,0
727,control,Midwest,desktop,1.028,0
728,treatment,West,mobile,10.906,0
729,treatment,Mountain,mobile,3.348,0
730,treatment,Mountain,desktop,4.715,0
731,control,Northeast,desktop,8.869,0
732,control,South,desktop,3.372,1
733,treatment,Midwest,mobile,1.663,0
734,control,Northeast,mobile,4.643,0
735,treatment,Mountain,mobile,4.844,0
736,treatment,West,desktop,7.475,0
737,treatment,Mountain,desktop,9.001,0
738,treatment,Northeast,mobile,2.851,0
739,treatment,Northeast,mobile,2.741,0
740,treatment,Midwest,mobile,4.215,0
741,control,West,mobile,7.461,0
742,treatment,West,mobile,1.87,0
743,control,West,mobile,7.578,0
744,control,West,mobile,3.481,0
745,control,Midwest,mobile,4.004,0
746,treatment,South,mobile,1.005,0
747,control,West,mobile,7.864,0
748,control,West,mobile,1.821,0
749,control,Northeast,desktop,3.998,0
750,treatment,South,desktop,3.367,0
751,treatment,Northeast,mobile,5.479,1
752,control,Mountain,desktop,0.759,0
753,control,Mountain,mobile,9.587,0
754,control,South,mobile,2.776,0
755,treatment,South,mobile,3.442,0
756,treatment,Mountain,mobile,2.987,0
757,control,West,mobile,10.515,0
758,treatment,Mountain,desktop,9.627,0
759,treatment,West,mobile,3.242,0
760,treatment,Midwest,mobile,3.386,0
761,control,South,desktop,1.355,0
762,control,Mountain,mobile,1.067,0
763,treatment,Mountain,mobile,14.15,0
764,treatment,Midwest,mobile,4.097,0
765,control,Mountain,desktop,2.001,0
766,control,Midwest,desktop,1.65,0
767,treatment,South,mobile,13.846,0
768,treatment,South,mobile,10.328,0
769,treatment,West,desktop,5.065,0
770,treatment,Midwest,desktop,2.926,0
771,control,West,mobile,5.302,0
772,treatment,West,mobile,1.882,0
773,control,West,desktop,2.496,0
774,treatment,West,desktop,3.897,0
775,treatment,Mountain,desktop,4.189,0
776,treatment,South,mobile,7.48,0
777,control,Mountain,mobile,0.621,0
778,treatment,Midwest,mobile,10.327,1
779,treatment,Midwest,desktop,3.977,0
780,treatment,Mountain,desktop,16.298,0
781,treatment,West,mobile,6.732,1
782,treatment,Northeast,desktop,5.705,0
783,treatment,South,mobile,1.345,0
784,treatment,South,mobile,3.827,0
785,control,West,desktop,3.353,0
786,treatment,West,mobile,1.667,0
787,control,West,mobile,3.225,0
788,control,Midwest,desktop,2.311,0
789,treatment,West,mobile,1.76,1
790,treatment,Mountain,mobile,2.858,0
791,control,Northeast,mobile,9.116,0
792,control,West,desktop,5.379,1
793,treatment,Midwest,desktop,6.722,0
794,control,South,mobile,8.001,0
795,treatment,South,mobile,4.916,0
796,control,West,mobile,1.275,0
797,control,South,mobile,14.738,0
798,control,West,desktop,5.232,0
799,treatment,Northeast,mobile,7.379,0
800,control,Mountain,mobile,8.049,0
801,control,South,desktop,9.08,0
802,control,Northeast,desktop,5.288,0
803,treatment,West,desktop,10.12,0
804,treatment,West,desktop,4.975,0
805,control,South,desktop,2.296,0
806,treatment,Midwest,mobile,1.358,1
807,treatment,West,mobile,5.148,0
808,control,Midwest,mobile,8.841,0
809,control,South,desktop,2.064,0
810,treatment,Midwest,desktop,4.118,0
811,control,South,desktop,12.213,0
812,control,Northeast,desktop,4.685,0
813,treatment,South,desktop,1.502,0
814,control,West,desktop,2.876,0
815,treatment,West,mobile,13.109,0
816,treatment,South,mobile,2.109,0
817,treatment,Midwest,mobile,3.194,0
818,control,West,desktop,7.203,0
819,control,South,mobile,3.684,0
820,treatment,West,mobile,4.501,0
821,treatment,Northeast,desktop,4.344,0
822,control,Midwest,mobile,2.568,0
823,control,Midwest,desktop,2.215,0
824,control,West,mobile,7.517,0
825,control,West,desktop,7.124,0
826,control,Mountain,mobile,0.978,0
827,treatment,South,desktop,3.507,0
828,treatment,Northeast,mobile,3.853,0
829,treatment,Mountain,desktop,3.034,0
830,treatment,Mountain,mobile,2.554,0
831,treatment,Midwest,mobile,9.144,0
832,control,West,mobile,16.674,0
833,treatment,South,mobile,2.9,1
834,control,South,desktop,5.562,0
835,treatment,Northeast,desktop,7.014,0
836,control,South,mobile,9.306,0
837,control,South,desktop,7.565,1
838,control,Mountain,mobile,4.95,0
839,control,South,mobile,3.301,0
840,treatment,South,mobile,0.168,0
841,treatment,Northeast,mobile,3.245,0
842,control,Midwest,desktop,7.63,0
843,treatment,Northeast,mobile,5.122,0
844,treatment,Northeast,desktop,3.558,0
845,control,Mountain,mobile,0.651,0
846,control,Midwest,mobile,12.017,0
847,treatment,Midwest,mobile,3.693,1
848,control,South,mobile,4.476,1
849,control,Northeast,mobile,18.108,0
850,control,Mountain,mobile,2.927,0
851,treatment,West,desktop,6.388,0
852,treatment,Midwest,mobile,18.089,0
853,control,Northeast,desktop,5.392,0
854,control,Midwest,mobile,2.455,0
855,control,West,mobile,1.229,0
856,treatment,South,mobile,4.373,0
857,treatment,South,mobile,5.473,1
858,treatment,South,mobile,4.399,0
859,control,South,mobile,3.606,0
860,control,Midwest,mobile,6.511,0
861,control,Midwest,mobile,5.356,1
862,control,Mountain,mobile,6.336,0
863,control,West,desktop,3.398,0
864,control,Midwest,mobile,5.651,0
865,control,Northeast,desktop,6.68,1
866,treatment,Mountain,mobile,10.468,0
867,treatment,West,desktop,0.761,0
868,control,West,desktop,1.156,1
869,control,South,mobile,9.316,1
870,control,Midwest,mobile,5.397,0
871,treatment,West,mobile,2.669,0
872,treatment,West,mobile,9.493,1
873,control,Midwest,mobile,2.85,0
874,control,West,desktop,4.533,0
875,control,West,mobile,2.384,0
876,control,South,desktop,18.182,0
877,control,Northeast,mobile,5.893,0
878,treatment,Mountain,mobile,2.559,0
879,treatment,Midwest,mobile,11.922,0
880,treatment,Northeast,mobile,2.64,0
881,control,Mountain,mobile,1.777,1
882,control,Midwest,mobile,5.709,0
883,treatment,West,mobile,4.565,0
884,treatment,West,mobile,1.113,0
885,control,Midwest,mobile,6.842,1
886,control,Midwest,mobile,6.335,0
887,control,South,desktop,1.827,0
888,treatment,Mountain,mobile,5.047,0
889,control,Midwest,mobile,6.428,0
890,control,Northeast,desktop,5.887,0
891,control,West,mobile,9.657,0
892,treatment,West,mobile,11.079,1
893,treatment,West,mobile,4.099,0
894,control,South,desktop,0.865,0
895,control,West,mobile,3.467,0
896,control,Midwest,desktop,5.811,0
897,treatment,Northeast,desktop,2.762,0
898,treatment,South,desktop,12.534,0
899,treatment,Midwest,mobile,5.158,1
900,treatment,Northeast,desktop,3.685,0
901,treatment,West,desktop,4.775,0
902,control,Northeast,desktop,3.73,0
903,control,Midwest,mobile,2.648,0
904,treatment,Northeast,desktop,4.738,0
905,control,Northeast,desktop,1.042,0
906,control,Northeast,mobile,2.899,0
907,treatment,Mountain,mobile,1.346,0
908,control,Mountain,desktop,2.019,0
909,treatment,West,mobile,7.332,0
910,control,Northeast,mobile,1.79,0
911,treatment,Mountain,mobile,6.929,0
912,treatment,South,desktop,0.1,0
913,control,Mountain,mobile,1.725,0
914,control,West,mobile,8.379,0
915,treatment,Midwest,mobile,7.443,1
916,treatment,West,desktop,4.137,0
917,treatment,Midwest,mobile,0.935,0
918,treatment,South,mobile,1.613,0
919,control,South,desktop,3.138,0
920,control,South,mobile,4.554,0
921,control,West,mobile,1.983,0
922,treatment,West,mobile,9.21,0
923,treatment,Mountain,mobile,3.343,0
924,control,South,desktop,2.017,0
925,control,Mountain,mobile,5.919,0
926,treatment,West,mobile,11.573,0
927,control,Midwest,mobile,1.59,0
928,control,Northeast,mobile,3.933,0
929,control,Midwest,mobile,3.233,0
930,control,South,mobile,4.679,0
931,treatment,West,desktop,2.986,0
932,treatment,South,desktop,7.3,0
933,treatment,Midwest,mobile,7.482,0
934,control,South,mobile,2.875,1
935,control,Midwest,desktop,4.996,0
936,treatment,West,desktop,3.955,0
937,control,Midwest,mobile,12.244,0
938,control,Northeast,mobile,3.746,0
939,control,West,mobile,6.225,0
940,treatment,South,mobile,16.607,0
941,control,Northeast,mobile,9.587,0
942,treatment,West,mobile,3.833,0
943,treatment,Midwest,mobile,2.939,0
944,control,West,mobile,1.75,0
945,control,South,desktop,6.395,0
946,control,Mountain,desktop,3.832,0
947,treatment,Northeast,desktop,3.529,0
948,treatment,Midwest,desktop,9.379,0
949,control,South,mobile,1.738,0
950,control,Midwest,mobile,13.633,0
951,control,West,desktop,1.969,0
952,control,Mountain,desktop,0.1,0
953,treatment,South,mobile,1.903,0
954,control,Midwest,mobile,3.412,0
955,control,Northeast,mobile,13.7,1
956,control,West,desktop,3.934,1
957,control,Midwest,mobile,2.72,0
958,treatment,South,mobile,3.569,0
959,control,Midwest,mobile,12.402,0
960,control,Midwest,mobile,1.435,0
961,control,Mountain,mobile,2.284,0
962,treatment,South,mobile,2.242,1
963,treatment,West,mobile,10.354,0
964,treatment,West,mobile,7.764,0
965,control,Northeast,mobile,2.958,0
966,treatment,South,desktop,4.505,0
967,control,South,mobile,3.227,0
968,treatment,Northeast,mobile,4.535,1
969,treatment,Northeast,mobile,1.422,0
970,control,South,mobile,7.59,0
971,treatment,South,desktop,3.003,0
972,treatment,South,mobile,2.716,0
973,control,South,mobile,4.704,0
974,control,South,desktop,3.289,0
975,treatment,Midwest,desktop,6.358,0
976,treatment,Northeast,desktop,8.778,0
977,control,West,desktop,9.911,0
978,control,South,desktop,10.442,0
979,treatment,Midwest,mobile,6.523,0
980,treatment,Mountain,desktop,2.311,0
981,control,Northeast,mobile,10.262,1
982,treatment,West,mobile,3.164,0
983,control,Mountain,desktop,8.188,0
984,treatment,Midwest,mobile,4.283,0
985,control,West,mobile,0.44,0
986,treatment,Mountain,mobile,0.551,0
987,treatment,Mountain,mobile,5.325,0
988,control,West,mobile,2.596,0
989,control,West,mobile,6.979,0
990,treatment,West,desktop,5.165,0
991,control,West,mobile,5.02,0
992,treatment,Midwest,mobile,2.609,1
993,treatment,West,desktop,7.103,0
994,treatment,Mountain,mobile,6.384,0
995,treatment,West,mobile,10.349,0
996,treatment,South,mobile,1.883,1
997,control,South,mobile,3.445,0
998,control,Midwest,desktop,11.998,0
999,treatment,Northeast,mobile,18.549,0
1000,treatment,Midwest,mobile,7.52,0
1001,treatment,Northeast,mobile,10.155,0
1002,treatment,South,desktop,3.079,0
1003,control,West,mobile,0.707,0
1004,control,South,mobile,6.668,0
1005,control,West,desktop,8.085,0
1006,treatment,South,desktop,5.009,0
1007,treatment,Northeast,mobile,3.535,1
1008,treatment,West,mobile,1.729,0
1009,control,Midwest,mobile,1.28,0
1010,treatment,Northeast,desktop,2.781,0
1011,control,West,mobile,2.834,1
1012,control,Midwest,desktop,2.195,0
1013,treatment,West,mobile,5.732,0
1014,control,Northeast,desktop,3.364,1
1015,control,South,mobile,3.606,0
1016,control,West,mobile,6.084,0
1017,control,West,mobile,7.138,1
1018,control,Midwest,desktop,4.247,0
1019,treatment,Mountain,mobile,4.933,0
1020,control,Mountain,desktop,0.783,0
1021,control,Northeast,mobile,9.74,0
1022,treatment,Midwest,desktop,0.618,0
1023,control,South,mobile,4.393,0
1024,control,South,mobile,0.951,0
1025,treatment,South,desktop,7.735,0
1026,control,Northeast,desktop,2.835,0
1027,control,West,mobile,2.339,0
1028,control,West,desktop,6.582,0
1029,treatment,Northeast,mobile,5.965,0
1030,control,Midwest,desktop,0.541,0
1031,control,South,mobile,10.02,0
1032,treatment,West,mobile,1.482,0
1033,treatment,West,mobile,0.895,0
1034,control,South,desktop,2.511,0
1035,treatment,South,mobile,1.339,0
1036,control,Mountain,mobile,1.347,0
1037,control,West,desktop,3.218,0
1038,control,Midwest,mobile,3.986,0
1039,control,South,desktop,3.96,0
1040,control,West,mobile,6.811,1
1041,treatment,Mountain,desktop,0.498,0
1042,treatment,South,desktop,3.725,0
1043,control,South,desktop,1.124,0
1044,control,Northeast,mobile,11.934,0
1045,control,Midwest,desktop,6.408,0
1046,control,South,mobile,7.927,0
1047,treatment,Midwest,desktop,6.664,0
1048,control,West,mobile,5.905,1
1049,treatment,Northeast,mobile,5.775,0
1050,control,Mountain,mobile,6.117,0
1051,control,Northeast,mobile,7.812,0
1052,treatment,South,mobile,5.551,0
1053,treatment,Northeast,mobile,1.45,0
1054,control,West,mobile,4.287,0
1055,treatment,South,desktop,8.511,0
1056,treatment,South,mobile,6.491,0
1057,control,West,desktop,5.883,0
1058,control,Northeast,desktop,3.492,0
1059,control,South,desktop,6.416,0
1060,treatment,West,mobile,2.61,1
1061,treatment,South,desktop,7.655,0
1062,treatment,Mountain,mobile,3.903,0
1063,control,Midwest,desktop,0.172,0
1064,treatment,Midwest,desktop,4.656,0
1065,control,South,mobile,1.678,0
1066,control,Midwest,mobile,1.956,0
1067,treatment,West,mobile,3.087,0
1068,treatment,Midwest,desktop,2.885,0
1069,control,Northeast,mobile,9.325,0
1070,control,West,mobile,2.523,0
1071,control,South,mobile,3.263,1
1072,control,South,mobile,13.586,1
1073,treatment,West,mobile,1.45,0
1074,control,South,desktop,4.95,0
1075,treatment,West,mobile,4.282,0
1076,control,West,mobile,5.348,0
1077,control,Midwest,desktop,8.642,0
1078,control,Northeast,mobile,4.863,0
1079,treatment,Mountain,desktop,7.539,0
1080,treatment,South,mobile,4.987,0
1081,treatment,Midwest,mobile,1.489,0
1082,treatment,Northeast,mobile,9.517,0
1083,treatment,West,mobile,1.395,0
1084,treatment,Mountain,mobile,2.427,0
1085,control,Northeast,desktop,4.051,0
1086,control,Mountain,mobile,0.356,0
1087,treatment,Northeast,mobile,8.898,0
1088,treatment,South,mobile,12.062,1
1089,treatment,Northeast,desktop,2.459,0
1090,control,Midwest,mobile,6.467,1
1091,treatment,West,mobile,6.562,0
1092,treatment,Northeast,desktop,3.195,0
1093,treatment,Midwest,mobile,1.132,0
1094,control,Northeast,desktop,5.758,0
1095,treatment,South,desktop,4.986,0
1096,control,West,mobile,2.866,0
1097,treatment,Midwest,mobile,1.254,0
1098,treatment,West,desktop,12.657,0
1099,control,Midwest,desktop,8.809,1
1100,control,Northeast,mobile,4.563,0
1101,control,South,mobile,2.269,1
1102,treatment,West,desktop,20.46,1
1103,control,South,mobile,4.544,0
1104,control,Northeast,mobile,11.346,0
1105,treatment,South,desktop,1.312,0
1106,control,West,desktop,5.706,0
1107,treatment,Midwest,desktop,4.288,0
1108,control,West,desktop,2.262,0
1109,treatment,South,desktop,1.216,0
1110,control,Midwest,desktop,7.241,0
1111,treatment,Mountain,mobile,9.391,0
1112,treatment,South,mobile,5.737,1
1113,control,Midwest,mobile,0.749,0
1114,control,Mountain,desktop,3.661,0
1115,treatment,Northeast,mobile,8.405,0
1116,treatment,Midwest,desktop,24.828,0
1117,control,South,desktop,8.277,1
1118,control,Northeast,mobile,9.481,0
1119,treatment,Midwest,mobile,2.297,0
1120,treatment,Mountain,desktop,3.158,0
1121,control,West,mobile,2.305,0
1122,treatment,West,mobile,2.08,0
1123,control,Northeast,mobile,2.698,1
1124,treatment,South,desktop,3.775,0
1125,treatment,Northeast,mobile,2.773,1
1126,treatment,Mountain,desktop,12.712,0
1127,control,Midwest,mobile,5.375,0
1128,treatment,Midwest,mobile,5.047,0
1129,control,Midwest,mobile,0.334,0
1130,treatment,Northeast,desktop,8.308,1
1131,treatment,Midwest,mobile,6.478,0
1132,control,South,mobile,3.449,0
1133,treatment,West,mobile,7.546,1
1134,treatment,Mountain,mobile,0.743,0
1135,treatment,Northeast,mobile,6.15,0
1136,control,West,desktop,0.686,0
1137,control,Northeast,desktop,0.698,0
1138,control,Mountain,mobile,10.341,0
1139,treatment,Mountain,desktop,1.445,0
1140,control,West,desktop,3.05,0
1141,control,Northeast,desktop,7.404,0
1142,control,West,mobile,8.841,0
1143,control,South,desktop,0.867,0
1144,control,Mountain,mobile,6.935,0
1145,treatment,South,mobile,4.887,0
1146,treatment,South,desktop,8.628,0
1147,treatment,South,mobile,9.084,0
1148,treatment,South,mobile,2.609,0
1149,treatment,West,mobile,7.83,1
1150,control,Northeast,desktop,3.427,0
1151,treatment,Northeast,desktop,4.824,0
1152,treatment,West,desktop,6.834,0
1153,control,West,mobile,1.178,0
1154,treatment,West,mobile,5.567,0
1155,treatment,West,desktop,6.01,0
1156,control,South,mobile,5.134,0
1157,treatment,South,mobile,3.623,0
1158,control,South,mobile,1.173,0
1159,treatment,Northeast,mobile,7.793,0
1160,treatment,Northeast,desktop,1.705,1
1161,control,Northeast,mobile,9.674,0
1162,control,Midwest,mobile,2.811,0
1163,treatment,Northeast,mobile,3.211,0
1164,control,West,desktop,6.676,0
1165,treatment,Midwest,mobile,5.033,0
1166,control,West,desktop,6.03,0
1167,control,West,desktop,3.878,0
1168,control,Northeast,desktop,1.316,0
1169,treatment,West,mobile,3.868,0
1170,control,Northeast,mobile,9.975,1
1171,control,Northeast,desktop,9.219,1
1172,treatment,Northeast,mobile,6.467,0
1173,treatment,West,desktop,7.899,1
1174,treatment,South,desktop,5.665,0
1175,treatment,West,desktop,3.077,0
1176,treatment,Mountain,mobile,0.307,1
1177,control,South,mobile,4.34,0
1178,control,Northeast,mobile,3.622,0
1179,treatment,West,mobile,4.484,0
1180,control,Midwest,mobile,2.362,0
1181,control,South,desktop,9.691,0
1182,treatment,Northeast,mobile,4.997,0
1183,treatment,West,mobile,6.797,0
1184,treatment,South,mobile,1.71,0
1185,treatment,Midwest,mobile,8.797,0
1186,control,Midwest,desktop,4.462,0
1187,treatment,Midwest,desktop,4.12,1
1188,control,Midwest,mobile,2.655,0
1189,control,South,mobile,2.493,0
1190,treatment,Midwest,mobile,8.719,1
1191,control,South,mobile,0.408,0
1192,treatment,Midwest,desktop,5.419,0
1193,treatment,Midwest,mobile,9.211,0
1194,treatment,Northeast,mobile,4.382,1
1195,treatment,West,desktop,8.499,0
1196,treatment,Midwest,mobile,3.293,0
1197,control,Midwest,mobile,6.582,0
1198,control,Midwest,mobile,2.875,0
1199,control,South,mobile,1.452,0
1200,treatment,West,mobile,9.506,0
1201,control,Midwest,desktop,1.754,0
1202,control,Northeast,mobile,10.398,0
1203,control,Northeast,mobile,5.435,0
1204,control,Mountain,mobile,5.273,0
1205,treatment,West,desktop,10.503,0
1206,control,Midwest,mobile,3.872,0
1207,control,Northeast,mobile,11.82,0
1208,control,West,mobile,3.448,0
1209,control,South,desktop,4.806,1
1210,treatment,West,mobile,3.41,0
1211,treatment,Northeast,desktop,9.639,0
1212,treatment,West,mobile,4.425,0
1213,control,Midwest,mobile,5.181,0
1214,treatment,Northeast,mobile,4.346,0
1215,treatment,South,mobile,6.165,0
1216,control,Northeast,mobile,4.31,0
1217,treatment,West,mobile,7.635,0
1218,treatment,West,mobile,12.272,0
1219,control,South,desktop,2.208,0
1220,control,Northeast,desktop,5.188,0
1221,control,Midwest,mobile,2.717,0
1222,treatment,Northeast,desktop,9.756,0
1223,treatment,West,desktop,2.16,0
1224,treatment,Mountain,desktop,4.998,1
1225,control,Midwest,desktop,3.929,0
1226,treatment,Northeast,desktop,3.978,0
1227,control,Northeast,mobile,1.973,0
1228,control,Northeast,mobile,1.731,0
1229,treatment,Midwest,mobile,5.427,0
1230,treatment,Midwest,mobile,13.315,0
1231,control,West,desktop,5.365,0
1232,treatment,Midwest,mobile,4.509,0
1233,control,West,mobile,7.834,1
1234,treatment,West,mobile,9.773,0
1235,treatment,Midwest,mobile,1.846,0
1236,treatment,Northeast,mobile,2.779,0
1237,control,West,desktop,2.196,0
1238,treatment,Midwest,mobile,2.977,1
1239,control,South,desktop,5.274,0
1240,control,West,mobile,14.686,0
1241,treatment,Midwest,mobile,0.733,0
1242,control,South,desktop,7.431,0
1243,control,Mountain,desktop,1.805,0
1244,control,South,mobile,0.64,0
1245,treatment,West,desktop,4.013,0
1246,treatment,West,mobile,10.592,0
1247,control,Midwest,mobile,2.27,0
1248,control,South,desktop,2.09,0
1249,treatment,Midwest,mobile,7.17,0
1250,treatment,West,desktop,2.889,1
1251,control,Northeast,mobile,4.757,0
1252,treatment,Midwest,mobile,3.232,0
1253,control,Midwest,desktop,5.435,0
1254,control,West,mobile,13.927,0
1255,treatment,West,mobile,4.288,0
1256,control,Northeast,mobile,9.283,0
1257,control,South,desktop,4.939,0
1258,treatment,Northeast,mobile,3.478,1
1259,control,South,mobile,1.637,0
1260,treatment,West,mobile,4.212,0
1261,treatment,Midwest,mobile,6.365,0
1262,control,Midwest,mobile,7.873,1
1263,treatment,West,desktop,1.557,0
1264,control,Midwest,mobile,9.088,0
1265,control,South,desktop,5.567,0
1266,control,South,mobile,4.862,0
1267,control,Mountain,mobile,0.178,0
1268,control,Northeast,desktop,9.745,0
1269,treatment,Northeast,mobile,3.167,0
1270,treatment,South,mobile,2.588,1
1271,treatment,West,desktop,6.856,0
1272,control,South,mobile,2.52,0
1273,treatment,West,desktop,7.862,0
1274,control,Mountain,mobile,1.57,0
1275,control,South,mobile,6.391,0
1276,treatment,Midwest,desktop,6.676,0
1277,control,South,desktop,9.604,1
1278,control,Mountain,desktop,2.332,0
1279,control,Midwest,mobile,1.251,0
1280,control,West,mobile,2.125,1
1281,treatment,South,desktop,12.247,0
1282,control,West,mobile,1.638,1
1283,treatment,South,mobile,3.195,0
1284,treatment,Midwest,mobile,22.085,0
1285,control,West,mobile,2.289,1
1286,treatment,Midwest,desktop,3.326,1
1287,treatment,Northeast,desktop,2.326,0
1288,control,South,mobile,5.072,1
1289,treatment,Mountain,desktop,4.355,0
1290,control,West,mobile,4.578,0
1291,control,West,desktop,3.945,0
1292,control,South,mobile,5.904,0
1293,control,Northeast,mobile,1.726,0
1294,treatment,Mountain,mobile,9.111,0
1295,treatment,Midwest,mobile,3.761,0
1296,treatment,Northeast,mobile,4.26,0
1297,treatment,Mountain,mobile,9.22,0
1298,control,Mountain,mobile,8.707,0
1299,control,South,mobile,2.266,0
1300,control,Mountain,desktop,1.029,0
1301,treatment,Northeast,mobile,7.653,0
1302,control,South,mobile,8.414,0
1303,control,South,mobile,6.057,0
1304,treatment,West,mobile,12.873,0
1305,control,South,mobile,9.658,0
1306,control,Northeast,desktop,1.62,1
1307,treatment,Northeast,mobile,4.37,0
1308,control,Midwest,mobile,5.458,0
1309,treatment,Northeast,mobile,7.046,0
1310,control,Northeast,mobile,6.692,0
1311,control,West,desktop,6.707,0
1312,control,Northeast,mobile,15.677,0
1313,control,Northeast,desktop,5.905,0
1314,treatment,South,desktop,3.44,0
1315,treatment,Mountain,desktop,9.889,0
1316,control,South,desktop,1.484,0
1317,treatment,Northeast,desktop,10.067,0
1318,treatment,West,desktop,4.547,0
1319,control,Northeast,mobile,3.282,0
1320,control,South,mobile,3.851,1
1321,control,Midwest,mobile,4.453,0
1322,control,Northeast,mobile,10.192,0
1323,control,Northeast,mobile,3.285,0
1324,control,South,mobile,3.411,0
1325,treatment,Midwest,desktop,5.415,0
1326,treatment,West,desktop,9.774,0
1327,treatment,Northeast,mobile,2.815,0
1328,control,South,desktop,9.301,0
1329,treatment,South,mobile,1.038,0
1330,treatment,Midwest,desktop,3.877,0
1331,control,Midwest,mobile,2.405,0
1332,treatment,South,mobile,0.435,0
1333,control,West,mobile,12.403,0
1334,control,West,mobile,6.138,0
1335,treatment,Midwest,desktop,16.269,0
1336,control,West,desktop,10.221,0
1337,control,Midwest,desktop,2.082,1
1338,treatment,West,mobile,2.784,0
1339,treatment,South,mobile,5.991,0
1340,control,South,desktop,2.685,0
1341,treatment,Midwest,mobile,13.413,0
1342,control,Northeast,mobile,4.325,0
1343,control,Midwest,desktop,10.576,0
1344,treatment,Northeast,mobile,8.294,0
1345,treatment,South,desktop,8.754,0
1346,treatment,South,desktop,7.946,0
1347,control,Midwest,mobile,6.457,0
1348,treatment,South,mobile,2.247,0
1349,control,South,mobile,1.068,0
1350,treatment,Mountain,mobile,5.339,0
1351,control,South,desktop,2.613,0
1352,treatment,Mountain,desktop,6.948,0
1353,control,West,mobile,6.994,0
1354,treatment,South,desktop,7.872,0
1355,treatment,Midwest,desktop,6.719,0
1356,treatment,West,mobile,1.767,0
1357,treatment,Northeast,desktop,2.935,0
1358,treatment,South,desktop,1.374,0
1359,treatment,West,mobile,13.594,0
1360,treatment,Mountain,mobile,9.726,0
1361,treatment,South,mobile,2.684,1
1362,control,Mountain,mobile,1.898,0
1363,treatment,West,desktop,7.909,1
1364,treatment,West,desktop,1.628,0
1365,control,Midwest,mobile,3.736,0
1366,treatment,South,mobile,0.501,0
1367,treatment,Northeast,mobile,3.791,1
1368,treatment,Midwest,desktop,11.407,0
1369,treatment,Mountain,mobile,0.514,1
1370,control,West,desktop,4.36,0
1371,treatment,South,mobile,13.341,0
1372,treatment,West,mobile,5.569,0
1373,treatment,West,mobile,9.833,0
1374,treatment,West,desktop,6.15,0
1375,control,Mountain,desktop,0.484,0
1376,control,South,mobile,2.295,0
1377,treatment,Mountain,desktop,1.371,0
1378,treatment,West,desktop,3.704,1
1379,control,Northeast,mobile,8.536,0
1380,treatment,West,mobile,2.161,0
1381,treatment,Mountain,desktop,5.296,0
1382,treatment,West,mobile,11.032,0
1383,treatment,West,mobile,2.264,0
1384,treatment,South,desktop,16.527,0
1385,control,West,mobile,4.092,0
1386,treatment,South,mobile,0.348,0
1387,control,Mountain,mobile,2.103,0
1388,treatment,Midwest,mobile,7.575,0
1389,control,West,desktop,11.796,0
1390,control,Midwest,mobile,2.291,0
1391,treatment,Mountain,mobile,1.161,0
1392,treatment,Midwest,desktop,2.505,0
1393,control,Mountain,mobile,1.475,0
1394,treatment,South,desktop,1.364,1
1395,control,South,mobile,6.891,0
1396,control,South,mobile,4.46,0
1397,treatment,Midwest,mobile,1.423,0
1398,control,West,mobile,5.681,0
1399,control,Northeast,mobile,7.338,0
1400,treatment,Mountain,mobile,1.589,0
1401,treatment,Midwest,desktop,1.414,0
1402,treatment,Northeast,mobile,2.645,0
1403,control,West,mobile,14.683,1
1404,control,Northeast,desktop,3.969,0
1405,control,South,mobile,6.864,0
1406,treatment,Mountain,mobile,2.717,0
1407,treatment,Midwest,mobile,6.154,0
1408,control,Midwest,mobile,6.108,0
1409,control,South,mobile,2.223,0
1410,treatment,West,mobile,1.175,0
1411,treatment,West,desktop,11.623,0
1412,control,Midwest,mobile,7.283,0
1413,control,Midwest,mobile,4.29,0
1414,treatment,West,mobile,5.012,0
1415,treatment,Northeast,mobile,2.976,1
1416,control,Northeast,desktop,1.959,0
1417,treatment,West,mobile,2.146,0
1418,control,South,mobile,0.876,0
1419,control,West,desktop,5.976,0
1420,treatment,South,mobile,1.091,0
1421,control,South,mobile,12.028,0
1422,treatment,West,desktop,3.459,0
1423,treatment,Northeast,desktop,3.97,1
1424,control,West,desktop,6.557,0
1425,treatment,Midwest,mobile,5.058,0
1426,treatment,Northeast,mobile,1.865,0
1427,treatment,Mountain,mobile,3.84,0
1428,control,Midwest,desktop,2.649,1
1429,control,Midwest,mobile,0.305,1
1430,treatment,Northeast,desktop,4.878,0
1431,control,West,mobile,7.659,0
1432,control,South,mobile,0.469,0
1433,control,Northeast,mobile,7.813,0
1434,control,Mountain,mobile,0.664,0
1435,treatment,Northeast,desktop,2.573,0
1436,treatment,Mountain,mobile,7.796,1
1437,control,Mountain,mobile,3.703,0
1438,control,Mountain,mobile,4.631,0
1439,treatment,West,mobile,14.156,0
1440,treatment,West,desktop,13.48,1
1441,treatment,West,mobile,5.954,0
1442,control,Mountain,mobile,3.846,0
1443,control,South,desktop,0.437,0
1444,treatment,Mountain,desktop,10.377,0
1445,treatment,South,desktop,3.07,0
1446,treatment,West,mobile,7.058,0
1447,control,Midwest,desktop,10.74,1
1448,treatment,Mountain,desktop,2.387,0
1449,control,Northeast,mobile,3.826,0
1450,treatment,West,mobile,2.613,1
1451,control,Midwest,mobile,4.264,0
1452,control,South,mobile,10.548,0
1453,treatment,Midwest,desktop,13.879,0
1454,treatment,South,mobile,6.549,0
1455,treatment,West,mobile,13.892,0
1456,control,Midwest,mobile,4.459,1
1457,control,South,mobile,1.672,0
1458,control,South,mobile,6.131,0
1459,treatment,South,mobile,3.715,0
1460,treatment,South,mobile,6.948,0
1461,treatment,Northeast,mobile,7.015,0
1462,treatment,Midwest,desktop,10.371,0
1463,treatment,West,desktop,3.152,0
1464,treatment,Northeast,mobile,9.744,0
1465,treatment,West,desktop,5.255,0
1466,treatment,Midwest,mobile,17.399,0
1467,treatment,Midwest,desktop,1.692,1
1468,control,Mountain,desktop,3.401,0
1469,treatment,West,desktop,6.498,0
1470,treatment,Midwest,desktop,1.61,0
1471,treatment,Mountain,desktop,14.356,1
1472,control,Northeast,mobile,5.583,0
1473,treatment,Midwest,desktop,2.78,0
1474,treatment,West,mobile,5.034,0
1475,treatment,South,mobile,20.539,0
1476,treatment,Midwest,mobile,3.838,0
1477,control,Mountain,desktop,8.329,0
1478,treatment,West,desktop,8.753,0
1479,control,Midwest,desktop,3.762,0
1480,treatment,Northeast,desktop,1.469,0
1481,control,South,desktop,3.955,0
1482,treatment,Northeast,mobile,5.4,0
1483,treatment,South,mobile,3.934,0
1484,treatment,Mountain,mobile,9.178,0
1485,control,Mountain,mobile,4.013,0
1486,treatment,Mountain,mobile,14.28,0
1487,treatment,Midwest,desktop,15.113,0
1488,treatment,Northeast,mobile,4.239,0
1489,control,South,mobile,3.216,0
1490,control,West,desktop,1.734,0
1491,treatment,West,desktop,1.745,0
1492,treatment,South,desktop,5.251,0
1493,control,Northeast,desktop,3.095,0
1494,control,Midwest,desktop,3.628,0
1495,treatment,South,desktop,2.38,0
1496,control,West,desktop,1.988,0
1497,treatment,Midwest,mobile,1.106,0
1498,treatment,Mountain,mobile,0.461,0
1499,control,Northeast,desktop,4.245,0
1500,control,South,desktop,3.186,1
1501,control,West,desktop,3.653,0
1502,treatment,West,mobile,4.194,0
1503,control,Mountain,desktop,9.681,0
1504,control,West,mobile,3.813,0
1505,control,South,mobile,2.184,0
1506,treatment,Northeast,mobile,3.558,0
1507,control,West,mobile,1.495,1
1508,control,Northeast,mobile,12.014,0
1509,control,West,mobile,3.638,0
1510,control,Mountain,mobile,9.096,0
1511,control,South,mobile,4.935,0
1512,treatment,South,mobile,5.309,0
1513,control,Northeast,desktop,2.683,1
1514,treatment,West,mobile,3.762,1
1515,treatment,West,mobile,8.488,0
1516,control,Northeast,mobile,4.059,0
1517,control,Mountain,mobile,14.849,0
1518,treatment,West,mobile,2.42,0
1519,control,West,desktop,3.971,0
1520,control,Midwest,desktop,10.673,0
1521,control,West,mobile,6.603,0
1522,treatment,West,mobile,8.268,0
1523,control,Midwest,mobile,12.332,0
1524,treatment,Mountain,mobile,3.697,0
1525,treatment,Northeast,desktop,6.035,0
1526,control,West,mobile,4.044,0
1527,control,Northeast,mobile,5.239,0
1528,control,South,mobile,1.147,0
1529,treatment,Northeast,desktop,12.358,0
1530,treatment,West,mobile,2.055,0
1531,control,Midwest,mobile,7.091,0
1532,treatment,South,mobile,5.39,0
1533,treatment,Northeast,mobile,6.912,0
1534,treatment,Midwest,mobile,11.635,0
1535,treatment,West,desktop,11.146,0
1536,treatment,South,desktop,6.336,0
1537,control,South,mobile,2.974,0
1538,treatment,Midwest,mobile,1.83,1
1539,treatment,South,mobile,4.069,1
1540,control,Midwest,desktop,10.231,0
1541,treatment,Mountain,mobile,5.452,0
1542,control,Northeast,mobile,7.911,0
1543,control,Midwest,mobile,4.436,0
1544,control,Northeast,desktop,8.522,0
1545,control,Northeast,mobile,1.9,1
1546,treatment,Northeast,desktop,12.716,0
1547,treatment,West,mobile,8.587,0
1548,treatment,West,desktop,3.61,0
1549,control,Midwest,mobile,4.255,0
1550,treatment,Midwest,mobile,0.899,0
1551,control,Mountain,mobile,15.15,1
1552,control,Midwest,desktop,1.609,0
1553,control,Midwest,mobile,10.346,0
1554,control,Midwest,mobile,3.564,0
1555,treatment,Northeast,mobile,1.409,0
1556,control,West,mobile,5.784,0
1557,treatment,Midwest,mobile,7.977,0
1558,treatment,Northeast,mobile,9.373,0
1559,treatment,South,mobile,5.678,0
1560,control,Northeast,desktop,5.759,0
1561,treatment,Northeast,mobile,1.437,0
1562,control,West,desktop,14.578,0
1563,control,South,mobile,5.102,0
1564,control,Northeast,desktop,4.855,0
1565,control,Midwest,mobile,6.532,0
1566,control,Mountain,desktop,3.994,0
1567,treatment,Northeast,desktop,6.619,0
1568,treatment,Mountain,mobile,4.315,0
1569,control,West,mobile,2.664,0
1570,control,South,mobile,2.61,0
1571,treatment,Northeast,desktop,7.601,0
1572,control,Midwest,mobile,3.504,0
1573,treatment,Northeast,mobile,12.139,1
1574,control,Northeast,mobile,8.091,0
1575,treatment,West,mobile,6.468,0
1576,treatment,South,mobile,3.93,0
1577,treatment,Midwest,mobile,8.464,0
1578,treatment,Mountain,mobile,0.1,0
1579,control,South,mobile,2.337,0
1580,control,West,mobile,1.418,0
1581,control,Mountain,mobile,2.892,0
1582,control,South,desktop,9.375,0
1583,treatment,West,mobile,4.309,0
1584,treatment,West,desktop,3.552,1
1585,treatment,Northeast,desktop,6.218,1
1586,treatment,Northeast,mobile,17.825,0
1587,control,Northeast,desktop,10.515,0
1588,treatment,Northeast,desktop,9.91,0
1589,control,Northeast,mobile,5.598,0
1590,control,Northeast,desktop,1.711,0
1591,control,Midwest,mobile,11.292,1
1592,control,Midwest,mobile,4.565,0
1593,treatment,Mountain,mobile,5.646,0
1594,control,West,mobile,5.852,0
1595,control,Mountain,mobile,3.28,0
1596,treatment,Northeast,mobile,9.933,0
1597,control,West,desktop,8.828,0
1598,control,Mountain,mobile,6.338,0
1599,treatment,Northeast,desktop,2.006,0
1600,control,Northeast,desktop,4.353,0
1601,treatment,Mountain,desktop,7.714,0
1602,treatment,South,mobile,2.168,0
1603,treatment,West,mobile,2.307,0
1604,control,Northeast,mobile,3.745,0
1605,treatment,West,desktop,5.071,0
1606,treatment,West,desktop,9.699,0
1607,control,Midwest,mobile,10.464,0
1608,treatment,West,mobile,4.9,0
1609,treatment,Northeast,desktop,9.169,1
1610,treatment,Mountain,desktop,16.486,1
1611,treatment,West,mobile,3.606,0
1612,control,West,desktop,1.916,0
1613,treatment,Midwest,desktop,1.384,0
1614,control,West,mobile,6.876,0
1615,control,Mountain,mobile,2.213,1
1616,treatment,West,desktop,6.47,0
1617,treatment,South,desktop,5.51,0
1618,treatment,Midwest,mobile,1.392,0
1619,treatment,Midwest,mobile,1.123,0
1620,control,South,mobile,1.887,0
1621,treatment,West,mobile,7.439,0
1622,treatment,Midwest,desktop,10.878,0
1623,control,Northeast,mobile,5.979,0
1624,control,Northeast,mobile,6.49,0
1625,treatment,Northeast,desktop,1.476,0
1626,control,West,mobile,7.211,0
1627,control,Midwest,mobile,2.478,1
1628,treatment,West,mobile,0.557,1
1629,control,South,mobile,7.716,0
1630,treatment,South,mobile,4.678,0
1631,treatment,Mountain,mobile,4.37,0
1632,control,Midwest,mobile,3.441,0
1633,control,Northeast,mobile,7.14,0
1634,control,Northeast,mobile,4.156,0
1635,treatment,Midwest,desktop,4.171,1
1636,control,West,desktop,4.842,0
1637,treatment,West,desktop,6.739,0
1638,control,Midwest,desktop,3.077,0
1639,treatment,Midwest,mobile,3.088,0
1640,treatment,West,mobile,8.932,0
1641,treatment,South,mobile,12.685,0
1642,treatment,Northeast,mobile,1.925,0
1643,control,Northeast,mobile,3.324,0
1644,treatment,Northeast,desktop,7.856,0
1645,treatment,South,mobile,0.745,0
1646,control,South,mobile,11.865,0
1647,treatment,Northeast,desktop,3.078,0
1648,treatment,Northeast,mobile,4.996,1
1649,treatment,West,desktop,5.135,0
1650,treatment,Mountain,mobile,6.916,0
1651,treatment,Northeast,mobile,8.551,0
1652,control,West,desktop,9.99,0
1653,treatment,South,desktop,7.704,0
1654,treatment,Mountain,desktop,6.057,0
1655,treatment,South,mobile,0.173,0
1656,treatment,Midwest,mobile,1.755,0
1657,treatment,South,mobile,3.062,0
1658,control,West,mobile,12.956,0
1659,control,Midwest,mobile,14.704,0
1660,control,Midwest,mobile,3.196,0
1661,treatment,Northeast,desktop,1.331,1
1662,treatment,Northeast,mobile,9.2,0
1663,treatment,South,desktop,3.178,0
1664,control,Midwest,mobile,3.795,0
1665,control,South,mobile,3.84,0
1666,treatment,Mountain,mobile,1.126,0
1667,control,West,mobile,4.879,0
1668,treatment,Midwest,mobile,2.081,0
1669,treatment,South,desktop,4.424,0
1670,control,Northeast,mobile,10.345,0
1671,treatment,Midwest,desktop,1.444,0
1672,treatment,Midwest,desktop,4.379,0
1673,control,West,mobile,5.834,0
1674,treatment,South,mobile,5.047,0
1675,control,South,mobile,0.1,0
1676,treatment,Northeast,mobile,2.862,0
1677,control,Midwest,mobile,2.925,0
1678,control,Midwest,mobile,5.405,1
1679,control,Mountain,mobile,3.714,0
1680,control,West,desktop,12.532,0
1681,control,West,mobile,6.188,0
1682,control,Midwest,mobile,2.823,0
1683,control,South,desktop,0.195,0
1684,control,Northeast,desktop,2.486,0
1685,control,South,mobile,5.493,0
1686,treatment,Mountain,desktop,22.37,0
1687,control,South,mobile,1.103,0
1688,control,Northeast,mobile,4.131,0
1689,treatment,Midwest,mobile,0.1,0
1690,control,Midwest,desktop,3.916,1
1691,control,West,mobile,6.698,0
1692,control,West,desktop,14.979,0
1693,treatment,South,mobile,3.721,1
1694,control,Northeast,desktop,12.321,0
1695,treatment,West,mobile,1.539,0
1696,treatment,West,desktop,4.339,0
1697,control,West,mobile,8.877,1
1698,treatment,West,desktop,1.381,1
1699,control,Mountain,mobile,1.901,0
1700,treatment,Northeast,mobile,4.65,0
1701,control,West,mobile,3.548,0
1702,treatment,West,mobile,4.238,0
1703,treatment,West,desktop,4.051,1
1704,control,Midwest,desktop,7.579,0
1705,treatment,West,mobile,8.398,0
1706,treatment,Northeast,mobile,5.332,1
1707,control,South,desktop,3.695,0
1708,control,South,desktop,4.137,0
1709,treatment,Mountain,desktop,1.769,0
1710,treatment,West,desktop,5.998,0
1711,treatment,Northeast,desktop,1.045,1
1712,control,West,desktop,0.723,0
1713,treatment,Northeast,mobile,2.774,0
1714,control,West,mobile,5.317,0
1715,treatment,West,mobile,16.016,0
1716,treatment,South,mobile,1.001,0
1717,treatment,Midwest,desktop,1.809,0
1718,control,West,mobile,2.833,0
1719,control,Mountain,mobile,0.1,0
1720,control,Northeast,mobile,4.133,0
1721,control,West,desktop,11.227,0
1722,control,South,mobile,3.736,0
1723,treatment,Northeast,mobile,2.214,0
1724,control,South,desktop,4.292,0
1725,control,Northeast,desktop,4.79,0
1726,treatment,Midwest,desktop,0.411,0
1727,treatment,Midwest,mobile,16.927,0
1728,control,Midwest,desktop,1.489,0
1729,treatment,Midwest,desktop,6.6,0
1730,treatment,Northeast,mobile,4.501,0
1731,control,West,desktop,1.052,0
1732,control,West,mobile,5.043,0
1733,treatment,Midwest,mobile,12.471,0
1734,control,Mountain,mobile,3.852,0
1735,control,South,mobile,3.411,0
1736,control,South,desktop,2.597,0
1737,treatment,Mountain,desktop,2.938,1
1738,treatment,Midwest,mobile,9.354,0
1739,control,Northeast,mobile,2.082,0
1740,control,Midwest,desktop,5.256,0
1741,treatment,Midwest,desktop,12.554,1
1742,treatment,West,desktop,0.868,0
1743,control,Mountain,desktop,4.845,0
1744,control,West,desktop,6.368,0
1745,treatment,Northeast,mobile,5.799,0
1746,control,West,desktop,12.3,0
1747,treatment,West,desktop,12.456,1
1748,treatment,West,desktop,2.058,0
1749,treatment,West,mobile,5.696,0
1750,treatment,South,mobile,14.74,0
1751,control,Mountain,mobile,7.408,0
1752,treatment,West,mobile,11.97,1
1753,control,Midwest,mobile,0.795,0
1754,treatment,Northeast,mobile,1.67,0
1755,control,West,mobile,3.088,1
1756,control,South,mobile,7.141,0
1757,control,South,desktop,15.691,0
1758,treatment,Northeast,mobile,13.02,0
1759,control,West,mobile,6.259,0
1760,control,West,desktop,4.952,0
1761,control,Midwest,desktop,9.12,0
1762,control,Midwest,mobile,9.332,0
1763,treatment,West,desktop,8.35,0
1764,control,Northeast,mobile,5.072,0
1765,control,Northeast,mobile,10.53,0
1766,treatment,South,desktop,5.624,0
1767,treatment,West,desktop,8.203,0
1768,control,West,mobile,4.22,1
1769,control,Northeast,mobile,4.331,0
1770,treatment,Northeast,mobile,8.322,0
1771,treatment,West,desktop,2.005,0
1772,treatment,Midwest,mobile,6.693,0
1773,control,South,mobile,9.866,0
1774,control,West,mobile,3.475,0
1775,treatment,Northeast,mobile,2.377,0
1776,treatment,Mountain,mobile,0.892,1
1777,treatment,Northeast,desktop,8.197,0
1778,treatment,South,mobile,4.278,0
1779,control,West,mobile,8.031,0
1780,treatment,Mountain,mobile,6.024,0
1781,treatment,South,desktop,3.892,0
1782,control,Midwest,mobile,2.901,0
1783,control,West,mobile,4.636,1
1784,control,Northeast,desktop,5.085,0
1785,treatment,West,desktop,3.472,0
1786,treatment,West,mobile,4.941,0
1787,treatment,West,mobile,5.939,0
1788,control,West,desktop,1.367,0
1789,control,South,mobile,5.943,0
1790,control,South,mobile,13.086,0
1791,control,Midwest,mobile,5.469,0
1792,control,Northeast,desktop,2.64,0
1793,treatment,Northeast,desktop,4.825,1
1794,treatment,West,mobile,8.674,0
1795,treatment,West,mobile,5.213,0
1796,control,West,desktop,4.31,0
1797,control,Midwest,mobile,3.791,0
1798,treatment,South,mobile,2.536,0
1799,control,Northeast,mobile,6.668,0
1800,control,Mountain,mobile,12.123,0
1801,treatment,West,mobile,2.358,0
1802,treatment,South,mobile,3.713,0
1803,treatment,West,desktop,3.349,0
1804,control,West,mobile,3.486,0
1805,control,Mountain,mobile,2.52,0
1806,treatment,South,mobile,0.541,0
1807,treatment,South,desktop,6.578,0
1808,treatment,Mountain,mobile,4.937,1
1809,control,South,desktop,8.143,1
1810,treatment,West,mobile,3.021,0
1811,control,Midwest,mobile,4.216,0
1812,control,West,mobile,4.8,0
1813,control,Mountain,desktop,8.074,0
1814,control,West,desktop,4.783,0
1815,control,Northeast,desktop,3.067,1
1816,treatment,West,desktop,9.795,1
1817,control,Mountain,mobile,2.628,0
1818,control,Mountain,mobile,4.306,0
1819,control,South,desktop,2.375,0
1820,control,South,mobile,1.235,0
1821,treatment,West,mobile,5.962,1
1822,control,Northeast,desktop,6.138,0
1823,treatment,Midwest,mobile,1.28,0
1824,control,Mountain,desktop,3.861,0
1825,control,Midwest,desktop,2.83,0
1826,treatment,West,mobile,3.966,0
1827,control,West,mobile,11.587,1
1828,treatment,West,mobile,7.803,0
1829,control,South,desktop,1.926,0
1830,control,West,mobile,4.236,0
1831,control,Northeast,desktop,9.542,0
1832,control,Midwest,desktop,0.806,0
1833,control,Mountain,mobile,3.857,0
1834,control,Midwest,desktop,7.734,0
1835,treatment,Northeast,mobile,2.029,0
1836,treatment,West,mobile,2.897,0
1837,control,Mountain,mobile,1.407,0
1838,treatment,Mountain,mobile,7.189,0
1839,treatment,West,desktop,9.762,0
1840,control,West,mobile,8.186,0
1841,treatment,Mountain,mobile,2.054,0
1842,control,Midwest,mobile,4.245,0
1843,treatment,Midwest,mobile,0.623,0
1844,control,South,desktop,0.547,0
1845,control,South,desktop,1.885,0
1846,control,Midwest,mobile,3.44,0
1847,control,West,mobile,4.629,0
1848,treatment,Northeast,mobile,16.846,0
1849,treatment,West,desktop,6.972,0
1850,control,West,mobile,2.295,0
1851,treatment,West,desktop,8.868,1
1852,treatment,South,desktop,1.542,1
1853,control,South,mobile,2.792,0
1854,treatment,Northeast,desktop,14.476,0
1855,control,Midwest,desktop,1.635,0
1856,control,West,desktop,5.674,0
1857,control,Mountain,mobile,5.652,0
1858,treatment,Midwest,mobile,4.482,0
1859,control,West,mobile,10.405,0
1860,treatment,South,desktop,4.742,1
1861,treatment,Midwest,mobile,1.601,0
1862,treatment,South,mobile,1.691,0
1863,control,South,desktop,4.204,0
1864,treatment,West,mobile,4.294,0
1865,treatment,South,mobile,3.523,0
1866,control,South,mobile,0.1,0
1867,treatment,Midwest,desktop,3.32,0
1868,control,West,mobile,4.859,0
1869,control,West,desktop,3.813,0
1870,control,South,mobile,2.402,0
1871,treatment,Northeast,desktop,6.322,0
1872,control,West,mobile,4.145,0
1873,control,Midwest,desktop,3.548,0
1874,control,South,mobile,7.058,0
1875,treatment,Midwest,desktop,4.251,1
1876,control,Midwest,mobile,0.753,1
1877,control,Northeast,desktop,2.319,1
1878,control,South,mobile,12.995,0
1879,control,West,desktop,1.548,0
1880,control,South,desktop,1.263,0
1881,control,Northeast,mobile,4.722,0
1882,control,Northeast,mobile,3.654,0
1883,control,Mountain,desktop,7.78,0
1884,treatment,South,mobile,6.893,0
1885,control,South,mobile,5.331,0
1886,control,Midwest,mobile,4.247,0
1887,control,Northeast,desktop,2.988,0
1888,control,Mountain,desktop,9.78,0
1889,treatment,Northeast,mobile,7.399,0
1890,control,West,mobile,5.127,0
1891,treatment,Midwest,mobile,11.796,0
1892,control,Northeast,desktop,4.363,0
1893,control,Midwest,mobile,3.063,0
1894,treatment,Northeast,mobile,1.077,0
1895,control,West,mobile,8.633,0
1896,control,South,desktop,13.561,0
1897,treatment,South,mobile,7.08,0
1898,control,Midwest,desktop,3.851,1
1899,control,Northeast,desktop,8.765,0
1900,control,Northeast,desktop,2.455,1
1901,treatment,Midwest,mobile,5.703,0
1902,treatment,Mountain,desktop,3.008,0
1903,treatment,Mountain,desktop,4.649,1
1904,control,South,mobile,6.404,0
1905,control,West,mobile,4.214,0
1906,control,West,desktop,13.752,0
1907,treatment,Mountain,desktop,5.421,0
1908,treatment,West,mobile,1.618,0
1909,treatment,Midwest,desktop,3.931,0
1910,treatment,West,desktop,10.038,0
1911,treatment,West,mobile,1.745,0
1912,treatment,West,desktop,9.584,1
1913,control,West,desktop,2.392,0
1914,treatment,West,mobile,5.178,0
1915,treatment,West,desktop,7.279,0
1916,control,Mountain,mobile,2.789,1
1917,treatment,South,mobile,0.83,0
1918,control,South,mobile,7.217,0
1919,treatment,Northeast,mobile,5.175,0
1920,treatment,Midwest,mobile,5.035,0
1921,control,Mountain,desktop,3.981,0
1922,control,Midwest,mobile,3.017,0
1923,treatment,West,mobile,2.147,0
1924,control,Midwest,mobile,6.308,0
1925,control,West,mobile,1.428,0
1926,treatment,Midwest,desktop,5.675,0
1927,control,Midwest,mobile,3.424,0
1928,control,West,desktop,4.202,0
1929,treatment,West,mobile,9.319,0
1930,treatment,Midwest,mobile,4.508,0
1931,control,South,mobile,3.8,1
1932,treatment,South,mobile,2.267,0
1933,control,West,desktop,2.65,0
1934,treatment,Midwest,desktop,1.127,1
1935,control,Northeast,mobile,1.688,0
1936,treatment,Northeast,mobile,1.922,0
1937,control,West,mobile,3.946,0
1938,treatment,West,desktop,3.505,0
1939,control,Midwest,desktop,9.795,0
1940,control,West,mobile,10.641,0
1941,control,Mountain,desktop,9.046,0
1942,control,Midwest,mobile,4.43,0
1943,treatment,South,desktop,5.723,0
1944,treatment,West,desktop,3.994,0
1945,control,Northeast,mobile,5.475,0
1946,treatment,South,desktop,0.951,0
1947,treatment,West,desktop,0.986,0
1948,treatment,Midwest,desktop,5.414,1
1949,treatment,South,desktop,3.166,0
1950,treatment,West,mobile,14.293,0
1951,treatment,South,mobile,1.416,0
1952,treatment,Northeast,mobile,8.405,0
1953,control,Northeast,mobile,5.873,0
1954,treatment,West,desktop,7.304,0
1955,treatment,West,desktop,3.576,0
1956,treatment,Northeast,mobile,3.411,0
1957,treatment,West,mobile,5.194,0
1958,control,Northeast,desktop,2.714,0
1959,control,South,desktop,3.395,1
1960,treatment,South,desktop,8.755,0
1961,treatment,Midwest,mobile,0.834,0
1962,treatment,West,mobile,7.63,0
1963,treatment,Midwest,mobile,1.677,0
1964,treatment,Midwest,desktop,6.799,0
1965,control,Midwest,desktop,3.432,0
1966,treatment,South,desktop,14.499,0
1967,treatment,South,mobile,7.045,0
1968,treatment,Mountain,mobile,4.154,0
1969,control,West,mobile,4.286,0
1970,control,Northeast,mobile,1.924,0
1971,treatment,Midwest,desktop,6.073,0
1972,treatment,South,desktop,2.383,0
1973,control,Northeast,mobile,8.077,1
1974,treatment,Midwest,mobile,4.928,0
1975,control,South,mobile,6.811,0
1976,treatment,South,desktop,3.462,0
1977,treatment,South,mobile,0.953,0
1978,control,West,mobile,9.006,0
1979,treatment,Mountain,mobile,4.131,0
1980,control,Mountain,desktop,2.741,0
1981,treatment,South,mobile,5.805,1
1982,treatment,West,mobile,1.342,0
1983,treatment,South,desktop,5.749,0
1984,treatment,West,mobile,1.796,0
1985,treatment,South,mobile,15.055,0
1986,control,West,desktop,3.687,0
1987,treatment,Midwest,desktop,5.705,0
1988,control,Northeast,mobile,6.767,0
1989,treatment,West,mobile,4.312,0
1990,treatment,West,mobile,22.835,0
1991,treatment,West,mobile,16.483,0
1992,control,Northeast,desktop,7.507,0
1993,control,West,mobile,2.635,1
1994,treatment,Mountain,mobile,13.849,0
1995,treatment,West,desktop,2.228,0
1996,treatment,West,desktop,1.759,1
1997,treatment,Northeast,desktop,5.787,0
1998,treatment,Midwest,mobile,5.7,0
1999,treatment,South,mobile,0.945,0
2000,control,West,desktop,6.878,1
2001,treatment,Northeast,mobile,3.611,0
2002,treatment,West,mobile,3.685,0
2003,control,Mountain,desktop,0.963,0
2004,treatment,Midwest,desktop,8.978,0
2005,treatment,West,mobile,0.639,0
2006,control,Midwest,desktop,0.806,0
2007,treatment,Mountain,mobile,3.667,0
2008,control,South,mobile,6.745,0
2009,treatment,South,mobile,1.521,0
2010,treatment,Midwest,desktop,4.13,0
2011,treatment,South,desktop,4.124,0
2012,treatment,Midwest,mobile,8.985,0
2013,control,South,desktop,9.174,0
2014,control,Midwest,desktop,5.663,0
2015,control,West,mobile,4.176,0
2016,control,South,mobile,6.228,0
2017,control,Mountain,mobile,18.023,0
2018,control,Northeast,mobile,5.744,0
2019,treatment,Northeast,desktop,4.184,0
2020,treatment,West,desktop,6.029,0
2021,control,Mountain,mobile,5.153,0
2022,treatment,South,desktop,4.732,0
2023,control,South,mobile,2.879,0
2024,treatment,West,mobile,12.647,1
2025,control,South,desktop,5.38,1
2026,treatment,South,mobile,3.396,0
2027,control,South,mobile,2.561,0
2028,treatment,West,desktop,7.911,0
2029,treatment,West,mobile,1.084,0
2030,control,Northeast,mobile,0.597,0
2031,control,South,mobile,5.963,1
2032,treatment,West,desktop,9.911,1
2033,control,Northeast,desktop,4.549,1
2034,control,West,mobile,9.291,1
2035,treatment,South,mobile,7.457,0
2036,control,West,mobile,4.77,0
2037,control,Midwest,desktop,1.146,0
2038,treatment,South,mobile,1.696,0
2039,control,West,mobile,8.842,1
2040,control,South,mobile,0.975,0
2041,control,West,mobile,6.0,1
2042,control,South,mobile,4.61,0
2043,treatment,Northeast,desktop,4.555,0
2044,treatment,Mountain,mobile,11.989,0
2045,treatment,West,mobile,3.607,1
2046,control,Midwest,desktop,0.872,0
2047,treatment,South,mobile,20.068,0
2048,control,West,desktop,5.216,1
2049,control,Mountain,desktop,0.509,0
2050,treatment,West,mobile,4.553,0
2051,control,Midwest,desktop,3.031,0
2052,treatment,Northeast,desktop,7.475,0
2053,treatment,West,mobile,6.649,0
2054,control,Mountain,mobile,1.94,0
2055,treatment,Mountain,mobile,1.228,0
2056,treatment,Northeast,mobile,1.05,0
2057,control,Northeast,mobile,0.521,0
2058,treatment,Northeast,desktop,1.826,1
2059,treatment,West,desktop,8.584,0
2060,control,Midwest,desktop,2.122,0
2061,treatment,West,desktop,1.575,1
2062,treatment,West,desktop,8.159,0
2063,control,West,mobile,3.165,0
2064,treatment,Midwest,mobile,1.471,0
2065,treatment,South,mobile,2.843,1
2066,treatment,South,desktop,4.202,0
2067,control,West,mobile,10.139,0
2068,treatment,West,mobile,6.379,0
2069,control,West,mobile,8.087,0
2070,treatment,West,mobile,15.157,0
2071,control,Northeast,desktop,5.368,0
2072,treatment,West,desktop,9.424,0
2073,control,Midwest,desktop,2.026,0
2074,treatment,West,mobile,1.781,0
2075,treatment,Mountain,desktop,8.638,0
2076,treatment,Northeast,mobile,6.808,1
2077,treatment,South,mobile,3.57,0
2078,treatment,Mountain,mobile,7.175,0
2079,treatment,Northeast,desktop,3.762,0
2080,treatment,West,mobile,6.508,0
2081,treatment,South,mobile,1.726,0
2082,treatment,Northeast,mobile,4.586,1
2083,treatment,South,mobile,12.997,0
2084,control,West,mobile,8.332,0
2085,treatment,South,mobile,2.088,0
2086,treatment,Mountain,mobile,4.617,0
2087,control,Mountain,mobile,2.067,1
2088,treatment,Mountain,desktop,2.191,0
2089,treatment,Mountain,mobile,1.935,0
2090,control,South,mobile,4.894,0
2091,control,West,mobile,6.865,1
2092,treatment,West,mobile,11.521,1
2093,treatment,Midwest,mobile,19.12,0
2094,control,Midwest,mobile,6.33,0
2095,control,South,mobile,1.454,0
2096,control,West,desktop,7.661,0
2097,treatment,South,desktop,0.795,0
2098,control,West,desktop,5.708,0
2099,treatment,Mountain,mobile,10.938,0
2100,treatment,Mountain,mobile,12.939,0
2101,treatment,West,mobile,7.551,0
2102,treatment,South,mobile,8.373,0
2103,control,Northeast,mobile,5.44,0
2104,control,West,mobile,8.236,0
2105,control,West,mobile,9.31,0
2106,treatment,South,mobile,3.92,0
2107,control,South,desktop,3.562,0
2108,treatment,Mountain,desktop,1.845,0
2109,control,South,mobile,3.643,0
2110,control,Midwest,mobile,5.387,0
2111,control,Mountain,desktop,11.765,0
2112,control,West,mobile,2.437,0
2113,control,Midwest,mobile,2.187,0
2114,control,Midwest,desktop,4.549,0
2115,control,West,desktop,8.473,0
2116,control,Northeast,mobile,12.665,1
2117,control,Northeast,mobile,10.112,0
2118,control,West,mobile,9.72,0
2119,control,Northeast,mobile,11.677,0
2120,treatment,Northeast,mobile,9.309,0
2121,control,West,desktop,1.53,0
2122,control,Mountain,mobile,0.797,0
2123,treatment,Mountain,desktop,2.223,0
2124,control,South,mobile,2.853,0
2125,treatment,Mountain,mobile,11.1,0
2126,treatment,Northeast,mobile,6.029,0
2127,control,West,mobile,3.474,0
2128,treatment,South,desktop,0.237,0
2129,treatment,South,mobile,11.231,0
2130,treatment,Midwest,desktop,4.964,0
2131,control,West,desktop,5.582,0
2132,control,Mountain,desktop,4.057,0
2133,treatment,Northeast,desktop,8.325,0
2134,treatment,West,mobile,4.643,0
2135,treatment,South,desktop,4.063,0
2136,treatment,Mountain,mobile,4.9,1
2137,control,Midwest,desktop,2.757,1
2138,control,Mountain,mobile,2.227,0
2139,treatment,Northeast,mobile,0.904,0
2140,control,West,mobile,5.011,0
2141,control,Midwest,mobile,8.383,0
2142,treatment,South,mobile,6.847,0
2143,control,Northeast,desktop,9.139,0
2144,control,South,mobile,5.728,1
2145,control,South,mobile,13.216,0
2146,control,South,desktop,5.675,0
2147,control,South,desktop,9.63,0
2148,control,Northeast,mobile,3.732,0
2149,control,Midwest,mobile,7.622,1
2150,control,West,mobile,2.255,0
2151,control,Midwest,mobile,1.069,0
2152,control,Midwest,mobile,1.558,0
2153,control,West,mobile,5.979,0
2154,treatment,Mountain,desktop,4.343,1
2155,control,West,mobile,11.793,0
2156,treatment,West,mobile,10.877,0
2157,control,West,desktop,8.335,0
2158,treatment,Mountain,desktop,2.955,0
2159,control,West,desktop,1.974,0
2160,treatment,South,desktop,2.668,0
2161,treatment,South,desktop,6.25,1
2162,control,South,mobile,5.829,0
2163,control,Mountain,mobile,7.576,0
2164,control,Midwest,desktop,2.163,0
2165,treatment,South,mobile,17.003,0
2166,treatment,Midwest,mobile,10.307,0
2167,control,Midwest,desktop,9.5,0
2168,control,South,mobile,3.544,0
2169,treatment,South,desktop,0.127,0
2170,control,Midwest,mobile,2.106,0
2171,control,West,mobile,5.656,0
2172,control,West,mobile,3.747,0
2173,control,South,desktop,8.769,0
2174,treatment,West,desktop,5.983,0
2175,control,West,mobile,5.12,0
2176,control,West,desktop,6.826,1
2177,treatment,West,desktop,8.172,1
2178,control,South,desktop,2.355,0
2179,control,Mountain,mobile,4.125,0
2180,treatment,South,desktop,10.8,0
2181,treatment,South,mobile,7.716,0
2182,treatment,West,mobile,5.824,0
2183,control,South,mobile,9.734,0
2184,control,Midwest,mobile,7.031,0
2185,treatment,Midwest,mobile,7.682,0
2186,treatment,Midwest,desktop,3.439,0
2187,control,Mountain,desktop,3.503,1
2188,control,West,desktop,3.108,0
2189,control,Midwest,mobile,3.019,0
2190,treatment,Northeast,mobile,8.281,0
2191,treatment,West,mobile,4.027,0
2192,control,Northeast,mobile,1.988,0
2193,treatment,Midwest,mobile,6.319,0
2194,treatment,Northeast,mobile,8.36,0
2195,control,West,desktop,11.234,0
2196,treatment,Mountain,mobile,5.916,0
2197,treatment,Midwest,mobile,15.751,0
2198,control,West,mobile,4.3,0
2199,control,South,mobile,5.898,0
2200,control,West,mobile,2.438,0
2201,treatment,West,mobile,13.013,0
2202,control,Northeast,desktop,8.071,0
2203,treatment,West,mobile,3.344,0
2204,control,South,desktop,6.536,1
2205,treatment,West,mobile,1.427,0
2206,treatment,West,desktop,12.21,0
2207,treatment,South,mobile,7.243,0
2208,treatment,Midwest,mobile,0.409,0
2209,control,South,desktop,3.767,0
2210,control,Mountain,mobile,5.852,0
2211,treatment,West,desktop,0.817,0
2212,treatment,South,desktop,0.651,0
2213,treatment,Northeast,mobile,3.051,0
2214,treatment,Mountain,mobile,8.939,1
2215,control,Northeast,desktop,5.976,0
2216,treatment,South,desktop,5.761,0
2217,treatment,Mountain,mobile,4.232,0
2218,control,Northeast,desktop,8.787,0
2219,treatment,West,mobile,2.325,0
2220,control,South,desktop,8.426,0
2221,control,South,mobile,7.077,0
2222,treatment,Midwest,mobile,8.974,0
2223,treatment,Northeast,desktop,2.945,0
2224,control,Northeast,mobile,7.042,0
2225,control,Northeast,mobile,1.398,0
2226,treatment,Northeast,mobile,12.129,0
2227,treatment,Mountain,desktop,2.25,0
2228,treatment,West,mobile,16.335,0
2229,control,South,desktop,8.635,1
2230,treatment,Northeast,mobile,9.313,0
2231,control,South,desktop,2.315,0
2232,control,South,mobile,6.492,0
2233,treatment,West,desktop,8.163,0
2234,treatment,South,desktop,5.128,0
2235,treatment,South,mobile,3.055,0
2236,treatment,Midwest,desktop,6.101,0
2237,control,Midwest,mobile,12.846,0
2238,treatment,Mountain,desktop,12.393,0
2239,control,West,mobile,5.99,0
2240,control,Mountain,mobile,2.875,0
2241,control,Northeast,desktop,11.72,0
2242,treatment,West,desktop,4.618,0
2243,treatment,West,mobile,2.042,0
2244,treatment,Northeast,mobile,2.46,0
2245,control,Midwest,desktop,4.52,0
2246,control,South,desktop,8.115,0
2247,control,West,mobile,11.877,0
2248,control,South,mobile,2.528,0
2249,control,West,mobile,15.761,0
2250,treatment,West,desktop,4.503,0
2251,control,West,desktop,1.574,0
2252,treatment,Northeast,mobile,16.237,0
2253,treatment,South,desktop,1.58,1
2254,treatment,Mountain,mobile,3.64,0
2255,control,Mountain,mobile,15.242,0
2256,control,South,mobile,8.516,0
2257,treatment,Mountain,desktop,1.844,0
2258,control,Midwest,desktop,2.418,0
2259,control,West,mobile,1.984,0
2260,treatment,South,mobile,11.081,1
2261,treatment,West,desktop,5.289,0
2262,control,West,mobile,15.077,0
2263,control,Northeast,desktop,1.79,0
2264,control,South,mobile,2.764,0
2265,control,West,mobile,2.749,0
2266,control,West,mobile,1.84,0
2267,treatment,Northeast,mobile,4.888,1
2268,treatment,Midwest,desktop,3.761,0
2269,control,West,mobile,1.137,0
2270,control,West,desktop,1.075,1
2271,control,Mountain,mobile,6.193,1
2272,treatment,Midwest,mobile,2.044,0
2273,treatment,Midwest,mobile,0.898,0
2274,treatment,Midwest,mobile,6.101,0
2275,treatment,South,mobile,3.46,0
2276,control,Northeast,desktop,0.322,0
2277,control,Midwest,desktop,1.963,0
2278,control,West,desktop,2.777,1
2279,control,West,desktop,3.681,1
2280,treatment,South,mobile,1.982,0
2281,control,West,mobile,13.981,0
2282,control,Northeast,mobile,2.006,0
2283,control,West,desktop,3.908,0
2284,treatment,Mountain,mobile,1.648,0
2285,treatment,Northeast,mobile,1.136,0
2286,control,West,desktop,1.613,1
2287,treatment,West,desktop,5.145,0
2288,control,Midwest,mobile,4.049,0
2289,control,Midwest,mobile,5.794,0
2290,treatment,Northeast,mobile,3.594,0
2291,treatment,West,mobile,6.197,0
2292,control,Midwest,mobile,10.262,0
2293,treatment,South,mobile,0.68,0
2294,treatment,West,mobile,3.918,0
2295,control,West,desktop,0.913,0
2296,control,West,mobile,8.011,0
2297,control,Northeast,desktop,4.935,0
2298,treatment,Midwest,mobile,7.805,0
2299,control,West,mobile,4.341,0
2300,control,South,mobile,3.233,0
2301,control,West,mobile,1.051,0
2302,control,Midwest,mobile,5.947,0
2303,treatment,Northeast,desktop,4.003,0
2304,control,Northeast,mobile,0.868,0
2305,treatment,Mountain,mobile,2.462,0
2306,treatment,Northeast,desktop,8.094,0
2307,control,Mountain,mobile,3.263,1
2308,control,Midwest,desktop,7.103,0
2309,treatment,Northeast,mobile,2.49,0
2310,control,Northeast,mobile,1.18,0
2311,treatment,Midwest,desktop,3.539,1
2312,control,West,mobile,8.085,0
2313,control,Midwest,desktop,6.816,0
2314,treatment,West,mobile,3.687,0
2315,control,Mountain,mobile,0.716,0
2316,control,West,desktop,9.869,0
2317,treatment,South,desktop,5.725,0
2318,control,Midwest,mobile,8.694,0
2319,treatment,Northeast,mobile,8.795,1
2320,treatment,Mountain,mobile,3.217,0
2321,treatment,Northeast,mobile,16.589,0
2322,treatment,Mountain,desktop,4.595,0
2323,control,Northeast,mobile,2.021,0
2324,control,West,mobile,4.358,0
2325,treatment,West,mobile,7.267,1
2326,control,Northeast,desktop,2.522,1
2327,control,Midwest,desktop,1.48,0
2328,treatment,Northeast,desktop,9.05,0
2329,control,Northeast,mobile,1.478,0
2330,treatment,Mountain,mobile,9.237,0
2331,treatment,Northeast,mobile,6.616,0
2332,treatment,Midwest,mobile,8.705,0
2333,treatment,West,mobile,5.752,0
2334,treatment,West,mobile,3.43,0
2335,treatment,Midwest,mobile,3.886,0
2336,treatment,West,mobile,2.942,0
2337,treatment,Midwest,desktop,11.295,0
2338,control,Midwest,desktop,2.215,0
2339,treatment,South,mobile,7.204,0
2340,treatment,West,mobile,8.975,1
2341,control,Northeast,desktop,6.033,0
2342,treatment,Midwest,desktop,3.288,0
2343,treatment,South,desktop,6.723,0
2344,control,Northeast,mobile,3.335,0
2345,treatment,Midwest,mobile,6.728,0
2346,control,South,desktop,11.262,0
2347,treatment,West,desktop,9.804,0
2348,control,Northeast,mobile,6.351,0
2349,treatment,South,desktop,3.291,0
2350,treatment,West,desktop,9.797,0
2351,control,South,desktop,4.691,0
2352,treatment,Northeast,desktop,3.064,0
2353,control,West,mobile,12.919,0
2354,treatment,Midwest,desktop,5.892,0
2355,control,West,mobile,7.75,0
2356,control,Mountain,desktop,6.389,0
2357,treatment,Northeast,desktop,0.324,0
2358,control,Midwest,mobile,3.122,0
2359,treatment,South,mobile,12.498,0
2360,treatment,Mountain,mobile,4.979,0
2361,control,Midwest,mobile,7.168,0
2362,control,West,mobile,2.135,0
2363,treatment,West,mobile,8.602,0
2364,treatment,Midwest,mobile,5.148,0
2365,treatment,South,mobile,2.331,0
2366,control,Midwest,desktop,1.859,0
2367,control,Northeast,desktop,9.818,0
2368,treatment,Mountain,desktop,2.864,0
2369,control,South,mobile,2.756,0
2370,treatment,West,mobile,5.687,1
2371,treatment,West,mobile,4.21,0
2372,control,Northeast,mobile,1.305,0
2373,treatment,Midwest,mobile,4.361,0
2374,treatment,Midwest,desktop,3.765,0
2375,treatment,West,desktop,8.666,0
2376,treatment,Mountain,mobile,3.997,0
2377,treatment,West,mobile,7.437,0
2378,control,Northeast,desktop,7.037,0
2379,control,Northeast,mobile,8.732,0
2380,treatment,West,mobile,16.967,0
2381,control,West,mobile,5.394,0
2382,treatment,Mountain,desktop,4.845,0
2383,control,South,mobile,1.654,0
2384,treatment,Mountain,desktop,4.816,0
2385,treatment,Mountain,desktop,12.35,0
2386,control,Midwest,mobile,3.541,0
2387,control,Northeast,desktop,3.418,0
2388,treatment,Northeast,mobile,11.751,0
2389,treatment,West,mobile,7.534,0
2390,control,Midwest,mobile,6.687,0
2391,control,Northeast,mobile,4.93,0
2392,control,South,mobile,7.668,0
2393,control,Mountain,mobile,3.908,0
2394,control,West,desktop,3.526,0
2395,control,West,desktop,4.042,0
2396,treatment,South,mobile,17.752,0
2397,treatment,Midwest,desktop,4.162,0
2398,control,West,desktop,11.99,0
2399,control,South,mobile,2.322,0
2400,control,South,desktop,3.424,0
2401,treatment,West,mobile,5.935,1
2402,treatment,South,mobile,0.366,0
2403,control,Mountain,desktop,1.028,0
2404,control,Northeast,mobile,15.158,0
2405,treatment,West,mobile,2.994,0
2406,control,South,mobile,11.059,0
2407,control,South,mobile,1.798,0
2408,treatment,Mountain,desktop,7.728,0
2409,control,Northeast,mobile,3.569,0
2410,treatment,West,mobile,3.399,0
2411,control,Mountain,mobile,8.054,0
2412,control,South,desktop,3.68,0
2413,control,Midwest,mobile,7.178,0
2414,treatment,West,mobile,4.027,0
2415,control,South,desktop,3.327,0
2416,treatment,West,mobile,2.257,0
2417,treatment,Midwest,mobile,9.604,0
2418,treatment,South,mobile,4.098,1
2419,control,Mountain,desktop,1.539,0
2420,control,Midwest,desktop,2.08,0
2421,control,Midwest,mobile,4.488,0
2422,control,West,mobile,4.413,0
2423,treatment,Midwest,desktop,4.394,0
2424,control,Northeast,mobile,5.23,0
2425,control,Northeast,mobile,3.583,0
2426,control,West,mobile,0.846,1
2427,treatment,Midwest,desktop,2.661,0
2428,control,South,mobile,12.771,0
2429,control,Northeast,mobile,8.49,0
2430,treatment,Mountain,mobile,11.199,0
2431,control,Northeast,mobile,0.664,0
2432,control,South,desktop,7.256,0
2433,control,South,mobile,2.827,0
2434,treatment,West,mobile,5.14,0
2435,treatment,Midwest,mobile,0.231,1
2436,control,Mountain,desktop,0.826,0
2437,control,Midwest,desktop,8.191,0
2438,control,West,mobile,4.87,0
2439,treatment,Northeast,desktop,16.501,0
2440,control,Mountain,mobile,3.001,0
2441,control,West,desktop,19.088,0
2442,treatment,West,mobile,6.37,1
2443,treatment,Midwest,mobile,2.487,1
2444,treatment,West,mobile,2.985,0
2445,control,West,mobile,8.422,0
2446,control,Midwest,mobile,1.774,0
2447,control,Midwest,mobile,2.071,0
2448,control,South,mobile,8.135,0
2449,control,Northeast,desktop,9.396,0
2450,treatment,Northeast,mobile,6.654,0
2451,control,Midwest,mobile,1.86,0
2452,treatment,Northeast,desktop,3.106,0
2453,control,South,mobile,2.564,0
2454,control,Midwest,desktop,6.961,0
2455,control,Mountain,mobile,5.352,0
2456,treatment,West,mobile,3.901,0
2457,treatment,South,desktop,5.504,1
2458,control,Mountain,mobile,3.77,0
2459,treatment,Mountain,desktop,7.047,0
2460,control,Midwest,desktop,0.773,0
2461,control,West,desktop,3.605,0
2462,treatment,South,mobile,4.464,0
2463,control,South,mobile,3.687,0
2464,treatment,West,mobile,1.931,0
2465,control,Northeast,mobile,8.127,1
2466,control,Northeast,mobile,2.582,1
2467,treatment,West,mobile,6.108,0
2468,control,West,mobile,14.987,0
2469,control,Mountain,desktop,5.904,0
2470,control,West,mobile,8.327,0
2471,control,Mountain,mobile,0.41,0
2472,control,South,mobile,1.088,0
2473,treatment,Northeast,mobile,9.726,0
2474,treatment,West,mobile,5.684,0
2475,treatment,Midwest,mobile,2.648,0
2476,control,Mountain,mobile,3.369,0
2477,control,Midwest,desktop,3.967,1
2478,control,Midwest,mobile,5.247,0
2479,control,Northeast,desktop,1.491,0
2480,treatment,Mountain,desktop,5.437,0
2481,control,Mountain,mobile,1.861,0
2482,treatment,Northeast,mobile,7.07,0
2483,control,Northeast,desktop,9.538,0
2484,control,South,mobile,16.16,1
2485,treatment,West,mobile,8.118,0
2486,treatment,Northeast,mobile,7.377,0
2487,treatment,Mountain,mobile,5.916,0
2488,treatment,West,desktop,15.392,0
2489,treatment,Mountain,desktop,8.171,0
2490,treatment,West,desktop,1.629,0
2491,control,West,mobile,1.493,0
2492,control,South,desktop,1.078,1
2493,treatment,Mountain,desktop,2.679,1
2494,control,Midwest,mobile,8.886,0
2495,treatment,Midwest,mobile,2.21,1
2496,control,South,desktop,5.271,1
2497,treatment,West,mobile,3.137,0
2498,control,Mountain,mobile,5.796,0
2499,control,South,mobile,15.012,0
2500,treatment,West,mobile,6.061,0
2501,treatment,West,mobile,8.846,0
2502,control,South,desktop,17.13,0
2503,control,West,mobile,4.745,0
2504,treatment,West,mobile,5.121,0
2505,treatment,Mountain,desktop,2.722,0
2506,control,West,mobile,1.564,0
2507,control,West,desktop,2.23,1
2508,control,West,desktop,4.416,0
2509,control,West,desktop,1.552,0
2510,treatment,Midwest,mobile,1.372,0
2511,control,Midwest,desktop,2.43,0
2512,control,West,mobile,1.538,0
2513,control,Northeast,desktop,2.766,0
2514,control,South,mobile,3.312,0
2515,treatment,Midwest,desktop,1.918,0
2516,control,Midwest,mobile,9.375,0
2517,treatment,West,desktop,1.597,0
2518,treatment,South,mobile,16.609,0
2519,treatment,Midwest,desktop,4.307,0
2520,control,West,mobile,9.39,0
2521,control,West,desktop,8.958,0
2522,treatment,Northeast,mobile,1.628,0
2523,control,South,mobile,5.923,0
2524,control,Mountain,mobile,3.739,0
2525,treatment,Northeast,mobile,4.12,0
2526,treatment,South,mobile,15.165,0
2527,control,South,mobile,3.426,0
2528,control,West,mobile,11.152,0
2529,treatment,Midwest,mobile,5.602,0
2530,control,Midwest,mobile,6.337,0
2531,treatment,West,desktop,2.968,0
2532,treatment,South,mobile,8.503,0
2533,treatment,Northeast,mobile,9.19,0
2534,treatment,West,mobile,3.667,0
2535,control,West,desktop,3.079,0
2536,control,Mountain,mobile,0.369,0
2537,control,West,mobile,4.989,0
2538,treatment,Midwest,mobile,8.545,0
2539,control,Midwest,mobile,12.018,0
2540,treatment,Midwest,desktop,4.424,0
2541,treatment,Midwest,mobile,3.787,0
2542,treatment,Mountain,desktop,7.006,0
2543,treatment,South,mobile,11.534,0
2544,control,West,mobile,1.897,0
2545,control,Northeast,mobile,2.789,0
2546,treatment,West,mobile,9.016,0
2547,control,Northeast,mobile,0.795,0
2548,control,South,mobile,6.119,0
2549,control,West,mobile,2.636,0
2550,control,South,mobile,1.939,0
2551,treatment,West,desktop,13.185,0
2552,control,South,mobile,1.944,0
2553,control,West,mobile,11.018,0
2554,treatment,West,mobile,6.744,0
2555,treatment,Northeast,mobile,6.171,0
2556,treatment,West,desktop,8.415,0
2557,control,Northeast,mobile,9.113,0
2558,control,South,mobile,2.033,0
2559,control,Northeast,desktop,3.92,0
2560,control,West,desktop,5.171,0
2561,control,Mountain,mobile,1.078,0
2562,control,Midwest,mobile,2.124,0
2563,treatment,West,desktop,5.301,0
2564,treatment,Mountain,desktop,4.442,1
2565,treatment,Northeast,desktop,3.054,1
2566,treatment,South,desktop,5.845,0
2567,treatment,South,desktop,10.889,0
2568,treatment,South,desktop,10.917,0
2569,control,Midwest,mobile,2.529,0
2570,treatment,South,mobile,2.892,0
2571,control,South,desktop,3.535,0
2572,treatment,South,mobile,3.525,0
2573,treatment,South,mobile,2.506,0
2574,treatment,Midwest,desktop,8.222,0
2575,control,West,mobile,6.738,0
2576,treatment,Mountain,desktop,0.918,1
2577,treatment,West,mobile,11.981,0
2578,control,South,desktop,5.021,0
2579,control,Northeast,desktop,2.799,0
2580,treatment,Midwest,mobile,2.063,0
2581,control,South,mobile,6.434,0
2582,control,Northeast,mobile,5.895,0
2583,control,Northeast,mobile,5.985,0
2584,control,South,mobile,8.078,0
2585,control,South,mobile,7.128,0
2586,control,West,mobile,3.968,0
2587,treatment,Midwest,desktop,20.646,0
2588,treatment,West,mobile,15.734,0
2589,control,West,desktop,2.862,0
2590,treatment,West,desktop,3.407,0
2591,control,South,desktop,1.666,0
2592,treatment,Midwest,desktop,3.388,0
2593,control,Midwest,mobile,2.67,0
2594,treatment,Northeast,mobile,6.209,0
2595,treatment,Mountain,desktop,2.41,0
2596,treatment,Northeast,mobile,9.024,0
2597,treatment,West,mobile,4.45,1
2598,treatment,Midwest,desktop,19.321,0
2599,control,South,mobile,7.576,0
2600,treatment,South,mobile,8.057,0
2601,control,Northeast,desktop,2.584,0
2602,treatment,West,mobile,4.355,0
2603,treatment,Midwest,mobile,3.803,0
2604,treatment,Northeast,mobile,6.642,0
2605,treatment,Midwest,desktop,3.213,0
2606,treatment,Midwest,mobile,2.507,0
2607,control,Northeast,mobile,3.296,0
2608,control,West,desktop,1.498,0
2609,control,West,mobile,10.607,0
2610,treatment,West,desktop,9.027,0
2611,treatment,Midwest,mobile,10.98,0
2612,control,West,mobile,2.197,0
2613,treatment,Midwest,mobile,11.757,0
2614,control,Mountain,mobile,0.373,0
2615,control,West,mobile,1.645,0
2616,treatment,Midwest,mobile,2.993,0
2617,control,Northeast,mobile,4.956,0
2618,treatment,Northeast,desktop,7.418,0
2619,treatment,West,desktop,4.713,0
2620,control,South,mobile,11.47,1
2621,treatment,Northeast,mobile,3.087,0
2622,treatment,West,desktop,6.291,0
2623,control,Northeast,desktop,3.389,0
2624,treatment,Northeast,mobile,2.856,0
2625,treatment,South,mobile,3.279,0
2626,treatment,West,desktop,2.561,0
2627,treatment,Mountain,mobile,0.911,0
2628,control,West,mobile,8.58,0
2629,control,South,mobile,4.667,0
2630,treatment,West,desktop,5.886,1
2631,control,Midwest,mobile,9.09,0
2632,control,South,desktop,1.25,0
2633,control,South,mobile,14.095,0
2634,treatment,South,desktop,4.689,0
2635,treatment,Mountain,mobile,0.257,0
2636,control,West,desktop,2.289,1
2637,control,Northeast,desktop,4.581,0
2638,treatment,Midwest,mobile,11.531,0
2639,treatment,South,mobile,5.466,0
2640,treatment,West,desktop,3.841,1
2641,control,South,mobile,1.954,0
2642,treatment,West,mobile,5.687,0
2643,control,Midwest,desktop,17.086,0
2644,control,South,mobile,5.487,0
2645,treatment,Midwest,desktop,6.279,0
2646,treatment,Midwest,mobile,3.902,0
2647,control,South,mobile,1.004,0
2648,treatment,South,mobile,1.044,1
2649,treatment,Midwest,mobile,0.275,0
2650,treatment,Northeast,mobile,1.629,0
2651,treatment,Midwest,mobile,4.03,1
2652,control,Mountain,mobile,4.411,0
2653,control,Northeast,desktop,7.594,0
2654,treatment,South,desktop,2.111,0
2655,treatment,Midwest,desktop,0.679,0
2656,control,South,desktop,3.188,1
2657,control,West,desktop,1.763,0
2658,treatment,West,mobile,2.306,0
2659,control,Midwest,mobile,4.109,0
2660,control,West,mobile,2.795,0
2661,treatment,West,mobile,1.422,0
2662,treatment,Mountain,mobile,2.911,1
2663,treatment,West,mobile,10.721,0
2664,treatment,West,mobile,8.567,0
2665,control,South,desktop,3.774,1
2666,treatment,Mountain,mobile,7.492,0
2667,treatment,South,desktop,5.312,0
2668,treatment,West,mobile,4.463,0
2669,treatment,South,desktop,2.777,0
2670,treatment,Midwest,desktop,6.29,1
2671,treatment,Midwest,desktop,4.875,0
2672,control,South,mobile,1.867,0
2673,treatment,South,mobile,11.867,0
2674,treatment,West,desktop,10.025,0
2675,control,South,mobile,10.057,0
2676,treatment,South,mobile,10.633,0
2677,control,West,mobile,2.07,0
2678,control,Mountain,mobile,4.411,0
2679,treatment,West,mobile,8.254,1
2680,control,Midwest,mobile,11.204,0
2681,treatment,West,desktop,7.042,0
2682,treatment,Northeast,desktop,2.583,0
2683,treatment,West,mobile,4.566,0
2684,treatment,West,mobile,5.128,0
2685,treatment,South,mobile,5.731,1
2686,control,West,desktop,5.362,0
2687,control,Mountain,mobile,10.933,0
2688,treatment,Northeast,mobile,1.414,0
2689,control,West,mobile,1.187,0
2690,treatment,South,mobile,3.243,0
2691,treatment,West,mobile,22.405,0
2692,treatment,South,mobile,7.969,1
2693,control,Mountain,desktop,2.177,0
2694,control,West,desktop,1.697,0
2695,treatment,Midwest,mobile,11.444,0
2696,treatment,West,mobile,0.637,0
2697,treatment,South,desktop,8.409,0
2698,control,Mountain,mobile,3.756,0
2699,treatment,West,mobile,7.468,0
2700,control,South,desktop,2.268,0
2701,treatment,South,desktop,5.804,0
2702,control,West,mobile,1.515,1
2703,control,West,mobile,1.509,0
2704,control,Midwest,desktop,6.039,0
2705,treatment,Midwest,desktop,10.382,0
2706,control,Midwest,desktop,7.44,0
2707,treatment,South,mobile,4.223,0
2708,control,Mountain,desktop,2.289,0
2709,treatment,Northeast,desktop,15.875,0
2710,control,Northeast,desktop,5.35,0
2711,control,Mountain,mobile,4.117,0
2712,treatment,West,mobile,11.387,0
2713,treatment,South,mobile,0.525,0
2714,treatment,Northeast,desktop,12.223,0
2715,treatment,South,mobile,7.889,0
2716,treatment,West,desktop,11.798,0
2717,treatment,West,mobile,2.088,0
2718,treatment,Northeast,mobile,6.133,0
2719,treatment,Midwest,mobile,2.301,0
2720,control,Mountain,mobile,1.079,0
2721,control,West,desktop,0.726,0
2722,control,South,mobile,4.918,1
2723,control,South,desktop,0.745,0
2724,treatment,Northeast,mobile,7.645,1
2725,control,Midwest,mobile,4.373,0
2726,treatment,Mountain,mobile,5.059,1
2727,control,South,mobile,6.03,0
2728,treatment,Mountain,mobile,2.805,1
2729,control,Midwest,mobile,0.33,0
2730,control,Northeast,mobile,3.258,0
2731,treatment,Mountain,mobile,6.464,0
2732,treatment,South,mobile,3.81,1
2733,control,Midwest,mobile,3.726,0
2734,treatment,South,desktop,6.734,0
2735,control,Midwest,desktop,10.705,0
2736,treatment,South,mobile,6.383,0
2737,treatment,Mountain,mobile,5.957,0
2738,treatment,South,mobile,1.724,1
2739,control,West,desktop,2.496,0
2740,control,Northeast,mobile,2.155,1
2741,control,Midwest,mobile,8.573,0
2742,treatment,South,desktop,0.832,0
2743,control,West,desktop,4.581,0
2744,treatment,South,mobile,4.588,0
2745,control,West,mobile,3.733,0
2746,control,South,mobile,3.476,0
2747,treatment,West,desktop,1.064,0
2748,control,Midwest,desktop,8.161,0
2749,control,Mountain,mobile,1.772,1
2750,control,West,mobile,8.541,1
2751,treatment,Midwest,mobile,7.084,0
2752,control,Northeast,mobile,3.048,0
2753,control,Northeast,mobile,1.662,0
2754,treatment,Mountain,desktop,2.26,0
2755,treatment,West,desktop,8.772,0
2756,treatment,West,mobile,12.764,0
2757,control,South,mobile,8.659,0
2758,treatment,West,mobile,6.967,0
2759,control,West,mobile,14.422,0
2760,treatment,Northeast,mobile,22.055,0
2761,treatment,Midwest,desktop,3.941,0
2762,treatment,Northeast,desktop,7.968,0
2763,control,West,mobile,4.973,0
2764,control,Northeast,desktop,2.333,0
2765,control,West,desktop,4.771,0
2766,control,Midwest,mobile,5.076,0
2767,control,Northeast,mobile,1.407,0
2768,treatment,Northeast,mobile,1.481,0
2769,control,South,mobile,5.487,0
2770,control,West,mobile,7.056,0
2771,treatment,Mountain,mobile,2.166,1
2772,control,West,desktop,6.382,0
2773,treatment,Northeast,desktop,6.481,0
2774,treatment,West,mobile,9.615,0
2775,treatment,South,mobile,1.332,0
2776,treatment,West,desktop,6.392,0
2777,treatment,Midwest,mobile,3.698,0
2778,treatment,South,mobile,3.828,0
2779,control,Northeast,mobile,0.782,0
2780,control,West,mobile,7.804,0
2781,treatment,Mountain,mobile,2.212,0
2782,treatment,Midwest,mobile,0.459,0
2783,control,Northeast,mobile,14.262,0
2784,treatment,West,mobile,10.784,0
2785,treatment,West,mobile,5.439,0
2786,treatment,West,mobile,4.358,0
2787,treatment,South,desktop,5.223,0
2788,control,South,desktop,3.611,0
2789,control,West,mobile,1.62,0
2790,control,Northeast,desktop,1.8,0
2791,control,South,mobile,9.536,0
2792,treatment,Northeast,mobile,2.131,0
2793,control,Mountain,mobile,3.507,0
2794,control,Midwest,mobile,2.592,0
2795,control,Midwest,mobile,1.447,0
2796,treatment,Midwest,desktop,7.967,0
2797,treatment,Midwest,mobile,1.89,0
2798,treatment,Midwest,mobile,3.2,0
2799,control,Northeast,mobile,5.419,0
2800,treatment,West,mobile,1.577,0
2801,treatment,Mountain,mobile,2.956,0
2802,treatment,West,mobile,4.791,0
2803,control,South,desktop,4.692,0
2804,treatment,Mountain,mobile,2.591,0
2805,control,Mountain,mobile,3.948,0
2806,treatment,West,desktop,12.839,0
2807,treatment,Northeast,mobile,6.895,0
2808,control,Northeast,desktop,7.562,1
2809,control,West,desktop,5.261,0
2810,control,Midwest,mobile,6.474,0
2811,treatment,Mountain,mobile,12.323,0
2812,treatment,Midwest,mobile,9.864,0
2813,treatment,Mountain,mobile,5.464,1
2814,treatment,West,desktop,7.097,0
2815,treatment,West,mobile,10.43,0
2816,treatment,West,mobile,15.349,0
2817,treatment,South,mobile,5.427,0
2818,control,Midwest,mobile,1.767,1
2819,control,West,desktop,5.327,0
2820,control,South,desktop,11.65,0
2821,control,Northeast,mobile,2.636,0
2822,control,Mountain,desktop,0.874,0
2823,treatment,Midwest,desktop,8.061,1
2824,control,Northeast,desktop,8.31,0
2825,control,Midwest,mobile,4.704,1
2826,treatment,West,mobile,0.549,0
2827,treatment,West,mobile,6.123,0
2828,treatment,South,mobile,0.664,0
2829,treatment,Northeast,mobile,0.497,0
2830,treatment,West,desktop,6.71,0
2831,treatment,Midwest,mobile,8.405,0
2832,treatment,Mountain,mobile,11.281,0
2833,treatment,West,desktop,3.73,1
2834,treatment,West,desktop,13.249,0
2835,treatment,Mountain,mobile,11.09,0
2836,control,Mountain,desktop,2.074,0
2837,treatment,Northeast,desktop,5.69,0
2838,control,South,mobile,3.225,0
2839,treatment,West,desktop,3.081,0
2840,control,West,mobile,7.774,0
2841,control,West,desktop,7.113,0
2842,control,Northeast,desktop,4.6,1
2843,control,West,desktop,9.729,1
2844,control,Midwest,mobile,7.082,0
2845,treatment,South,mobile,9.0,0
2846,treatment,Northeast,desktop,1.452,0
2847,treatment,West,desktop,3.026,0
2848,treatment,West,desktop,2.762,1
2849,treatment,Mountain,desktop,8.616,0
2850,control,Mountain,mobile,8.185,0
2851,control,South,mobile,0.468,0
2852,control,Mountain,mobile,0.706,0
2853,treatment,Northeast,mobile,3.746,0
2854,treatment,Midwest,mobile,1.486,0
2855,treatment,West,mobile,5.263,1
2856,treatment,West,desktop,11.048,1
2857,treatment,Midwest,mobile,3.97,1
2858,control,West,desktop,8.611,0
2859,control,West,mobile,4.706,0
2860,treatment,South,mobile,1.824,1
2861,treatment,Mountain,desktop,6.72,0
2862,treatment,Mountain,mobile,1.766,0
2863,treatment,South,mobile,5.164,0
2864,treatment,West,desktop,10.783,0
2865,treatment,South,mobile,9.857,0
2866,control,Northeast,desktop,8.65,0
2867,treatment,Mountain,desktop,1.836,0
2868,treatment,Mountain,mobile,5.849,0
2869,control,Mountain,desktop,4.378,1
2870,treatment,West,desktop,2.593,0
2871,control,South,mobile,2.45,0
2872,treatment,Northeast,mobile,4.85,0
2873,control,Mountain,desktop,6.322,0
2874,control,Midwest,desktop,2.157,0
2875,control,Mountain,desktop,1.054,0
2876,control,Midwest,desktop,2.43,0
2877,control,West,mobile,11.326,0
2878,treatment,West,mobile,19.703,0
2879,control,West,mobile,5.59,0
2880,treatment,West,mobile,4.876,0
2881,control,West,mobile,9.008,0
2882,treatment,Midwest,desktop,4.517,0
2883,control,West,mobile,3.244,0
2884,control,West,mobile,4.995,0
2885,treatment,Northeast,mobile,4.261,0
2886,control,South,desktop,2.627,0
2887,control,West,desktop,3.373,0
2888,control,Midwest,mobile,4.84,0
2889,treatment,West,mobile,2.597,0
2890,control,South,mobile,3.216,0
2891,control,South,mobile,1.784,0
2892,control,Northeast,desktop,5.514,0
2893,treatment,West,mobile,9.842,0
2894,treatment,Midwest,mobile,6.342,0
2895,treatment,South,mobile,2.602,0
2896,treatment,South,desktop,8.511,0
2897,treatment,West,desktop,1.746,0
2898,control,West,mobile,2.901,0
2899,treatment,South,mobile,1.465,0
2900,treatment,West,desktop,8.275,1
2901,control,Mountain,mobile,1.509,0
2902,control,Northeast,mobile,0.721,1
2903,control,West,mobile,8.873,0
2904,treatment,South,desktop,11.444,0
2905,treatment,West,mobile,8.763,1
2906,control,Midwest,mobile,3.886,0
2907,control,West,mobile,4.138,0
2908,control,South,desktop,4.458,0
2909,treatment,South,mobile,0.698,0
2910,control,South,mobile,2.5,0
2911,control,Midwest,desktop,1.177,0
2912,treatment,West,desktop,16.56,0
2913,treatment,Mountain,mobile,4.796,0
2914,control,Midwest,mobile,11.698,0
2915,treatment,Midwest,desktop,19.408,0
2916,treatment,West,desktop,0.801,0
2917,treatment,West,desktop,0.983,0
2918,treatment,West,mobile,2.662,0
2919,treatment,West,desktop,6.888,0
2920,treatment,West,mobile,5.602,0
2921,treatment,Northeast,mobile,2.594,0
2922,control,Mountain,mobile,7.004,0
2923,treatment,South,desktop,4.164,0
2924,control,West,mobile,8.3,0
2925,treatment,Midwest,desktop,1.14,1
2926,control,West,desktop,2.252,1
2927,control,Northeast,mobile,1.434,0
2928,treatment,West,mobile,2.923,1
2929,treatment,South,mobile,5.033,0
2930,treatment,South,mobile,6.233,0
2931,control,West,mobile,7.559,0
2932,control,West,desktop,1.896,0
2933,control,Midwest,mobile,6.089,1
2934,treatment,Midwest,desktop,2.806,0
2935,control,South,desktop,2.581,0
2936,control,West,desktop,6.721,0
2937,treatment,West,mobile,10.323,0
2938,treatment,West,desktop,2.461,0
2939,treatment,Northeast,desktop,3.611,0
2940,control,Midwest,mobile,2.314,0
2941,treatment,Mountain,mobile,2.248,0
2942,treatment,West,mobile,9.568,1
2943,treatment,South,mobile,2.911,0
2944,treatment,West,desktop,11.064,0
2945,treatment,Midwest,desktop,3.507,0
2946,control,Northeast,mobile,3.734,0
2947,control,Northeast,desktop,4.921,0
2948,treatment,Midwest,mobile,4.592,0
2949,treatment,Midwest,desktop,5.923,1
2950,treatment,South,desktop,2.204,0
2951,treatment,West,mobile,4.77,0
2952,treatment,South,mobile,14.155,0
2953,treatment,West,desktop,10.067,1
2954,treatment,South,desktop,7.42,0
2955,treatment,Midwest,mobile,7.008,0
2956,control,Mountain,desktop,20.433,0
2957,treatment,South,desktop,2.811,0
2958,treatment,Northeast,mobile,7.331,0
2959,control,Mountain,mobile,0.359,0
2960,treatment,Northeast,mobile,7.332,0
2961,control,South,mobile,4.994,0
2962,treatment,South,mobile,2.51,0
2963,control,West,desktop,9.651,0
2964,treatment,South,desktop,2.502,0
2965,treatment,West,desktop,5.805,0
2966,control,Northeast,mobile,3.844,0
2967,control,Northeast,mobile,13.469,0
2968,treatment,West,desktop,7.53,0
2969,control,Midwest,desktop,5.423,0
2970,control,Northeast,mobile,5.781,0
2971,control,Northeast,desktop,1.939,0
2972,control,South,mobile,4.022,0
2973,control,Midwest,mobile,5.719,0
2974,control,Midwest,mobile,11.345,0
2975,treatment,South,mobile,6.765,0
2976,control,Mountain,desktop,8.065,0
2977,treatment,Mountain,mobile,1.863,1
2978,control,South,desktop,7.792,0
2979,treatment,Mountain,mobile,5.835,0
2980,control,Mountain,mobile,4.28,0
2981,control,West,mobile,7.79,0
2982,treatment,Midwest,desktop,2.528,0
2983,treatment,Midwest,desktop,3.766,0
2984,treatment,West,desktop,4.224,0
2985,control,South,desktop,10.977,0
2986,treatment,Northeast,desktop,1.354,0
2987,treatment,Midwest,desktop,3.272,0
2988,control,West,mobile,13.945,0
2989,control,South,mobile,6.805,0
2990,treatment,Mountain,mobile,13.722,0
2991,control,Midwest,mobile,1.235,0
2992,control,Midwest,mobile,4.027,0
2993,control,South,desktop,2.945,0
2994,control,South,mobile,2.264,0
2995,treatment,South,desktop,5.509,1
2996,control,Northeast,mobile,6.878,0
2997,treatment,South,desktop,8.128,0
2998,control,Midwest,desktop,0.548,1
2999,control,Midwest,desktop,5.02,0
3000,control,Northeast,mobile,5.251,0
3001,treatment,Northeast,mobile,5.966,0
3002,control,Northeast,mobile,11.939,0
3003,treatment,Northeast,mobile,4.139,0
3004,treatment,South,desktop,3.813,0
3005,treatment,Mountain,desktop,1.108,0
3006,treatment,Midwest,mobile,12.072,0
3007,control,South,mobile,5.317,0
3008,control,West,desktop,4.369,0
3009,control,Northeast,mobile,0.612,0
3010,control,Midwest,desktop,1.93,0
3011,control,West,mobile,6.1,0
3012,treatment,Midwest,mobile,4.048,0
3013,treatment,South,mobile,5.171,0
3014,treatment,West,mobile,4.882,0
3015,control,Northeast,mobile,12.058,1
3016,treatment,Northeast,mobile,8.678,0
3017,control,Midwest,desktop,6.545,0
3018,treatment,Midwest,desktop,10.956,0
3019,treatment,Northeast,mobile,0.492,0
3020,control,West,mobile,3.101,0
3021,treatment,Northeast,mobile,8.264,0
3022,control,West,desktop,4.61,0
3023,treatment,Midwest,desktop,4.514,0
3024,treatment,South,desktop,10.676,0
3025,treatment,Mountain,mobile,0.1,0
3026,treatment,Northeast,desktop,25.63,1
3027,treatment,West,mobile,12.228,0
3028,control,Midwest,mobile,2.735,0
3029,treatment,Midwest,mobile,6.058,0
3030,treatment,West,mobile,1.368,1
3031,treatment,Northeast,mobile,8.856,0
3032,treatment,Mountain,mobile,7.55,0
3033,control,South,mobile,13.666,0
3034,treatment,West,mobile,8.864,0
3035,control,Northeast,mobile,3.494,0
3036,treatment,Northeast,desktop,1.694,0
3037,treatment,Midwest,desktop,1.685,0
3038,treatment,West,mobile,3.912,0
3039,control,West,mobile,1.114,0
3040,treatment,Northeast,mobile,15.227,0
3041,control,Midwest,mobile,1.689,0
3042,control,South,mobile,2.454,0
3043,control,Northeast,mobile,5.856,0
3044,treatment,West,desktop,8.595,0
3045,treatment,Midwest,mobile,5.052,0
3046,treatment,Midwest,mobile,8.748,0
3047,treatment,Northeast,desktop,2.69,0
3048,treatment,South,mobile,6.306,0
3049,treatment,South,mobile,6.035,0
3050,treatment,Midwest,desktop,1.948,0
3051,control,Northeast,mobile,9.913,0
3052,treatment,West,desktop,3.217,0
3053,treatment,Mountain,desktop,2.159,0
3054,treatment,South,mobile,2.873,0
3055,control,West,desktop,8.657,0
3056,treatment,South,mobile,10.307,0
3057,control,Midwest,mobile,3.403,0
3058,treatment,South,desktop,6.657,0
3059,control,Midwest,mobile,4.057,1
3060,control,South,desktop,4.454,1
3061,control,West,mobile,2.23,0
3062,control,South,mobile,3.393,0
3063,treatment,Northeast,desktop,3.257,0
3064,control,Northeast,mobile,1.554,0
3065,treatment,South,desktop,7.613,0
3066,control,West,desktop,4.843,1
3067,treatment,Northeast,mobile,13.417,1
3068,control,West,desktop,3.73,0
3069,control,Mountain,desktop,3.808,0
3070,treatment,South,mobile,10.412,1
3071,treatment,South,desktop,4.484,1
3072,control,Northeast,mobile,15.352,0
3073,control,West,mobile,8.428,0
3074,treatment,West,mobile,6.961,0
3075,control,Mountain,desktop,4.494,0
3076,control,Midwest,mobile,14.498,0
3077,treatment,South,desktop,3.226,1
3078,treatment,Northeast,mobile,3.581,0
3079,control,South,desktop,0.41,1
3080,control,Midwest,mobile,8.81,0
3081,treatment,West,mobile,3.17,0
3082,treatment,South,desktop,3.585,1
3083,control,West,mobile,3.075,0
3084,treatment,West,desktop,3.797,0
3085,control,Midwest,mobile,7.863,0
3086,control,West,mobile,5.596,0
3087,control,South,mobile,4.589,0
3088,treatment,South,desktop,4.709,0
3089,treatment,South,desktop,6.421,0
3090,control,West,mobile,3.69,0
3091,treatment,Midwest,mobile,2.373,0
3092,treatment,Midwest,mobile,10.416,0
3093,control,Northeast,mobile,8.707,0
3094,treatment,West,mobile,1.838,0
3095,control,Mountain,desktop,4.742,0
3096,treatment,Northeast,desktop,8.878,0
3097,treatment,Midwest,desktop,2.124,0
3098,treatment,Midwest,desktop,8.744,0
3099,control,Midwest,desktop,1.947,0
3100,treatment,South,desktop,5.19,1
3101,treatment,Northeast,mobile,3.513,0
3102,treatment,Northeast,mobile,2.726,0
3103,treatment,West,mobile,5.538,0
3104,treatment,Mountain,mobile,9.297,0
3105,control,Northeast,desktop,4.722,0
3106,treatment,Mountain,mobile,5.707,0
3107,control,South,mobile,7.674,1
3108,treatment,South,mobile,1.008,0
3109,control,Northeast,mobile,2.093,0
3110,control,South,desktop,1.56,0
3111,control,West,desktop,3.225,0
3112,control,Midwest,mobile,2.079,0
3113,treatment,West,mobile,6.043,0
3114,treatment,Mountain,mobile,10.332,0
3115,control,Midwest,desktop,3.433,0
3116,control,Midwest,mobile,6.105,0
3117,control,Northeast,desktop,5.212,0
3118,control,Northeast,desktop,0.467,0
3119,treatment,Northeast,mobile,13.984,0
3120,treatment,Midwest,mobile,10.972,0
3121,treatment,West,mobile,7.896,0
3122,control,Mountain,desktop,0.481,0
3123,control,South,desktop,6.505,0
3124,control,Mountain,desktop,4.523,0
3125,control,Northeast,desktop,3.292,0
3126,control,Northeast,desktop,2.672,0
3127,treatment,Mountain,mobile,1.031,0
3128,treatment,Northeast,mobile,3.751,0
3129,treatment,Mountain,mobile,2.701,0
3130,treatment,Northeast,desktop,3.571,0
3131,control,Northeast,desktop,5.03,0
3132,treatment,Midwest,mobile,13.015,1
3133,treatment,West,mobile,4.454,0
3134,control,South,mobile,3.652,0
3135,control,Mountain,desktop,8.485,0
3136,treatment,Mountain,mobile,5.84,0
3137,control,Mountain,mobile,4.847,0
3138,treatment,Midwest,mobile,3.489,1
3139,control,Northeast,desktop,7.688,0
3140,treatment,South,mobile,6.225,1
3141,treatment,West,mobile,8.704,0
3142,control,Mountain,desktop,8.109,0
3143,control,South,mobile,12.66,0
3144,control,South,mobile,2.553,0
3145,control,Midwest,desktop,8.155,0
3146,control,Northeast,mobile,4.646,0
3147,control,Northeast,mobile,1.984,0
3148,control,South,mobile,1.754,0
3149,treatment,Northeast,mobile,8.646,0
3150,control,Northeast,mobile,4.994,0
3151,control,Midwest,mobile,3.106,0
3152,control,South,desktop,4.49,0
3153,control,Northeast,desktop,2.424,0
3154,control,Mountain,mobile,5.295,0
3155,treatment,Mountain,desktop,5.591,0
3156,treatment,South,mobile,4.592,0
3157,control,West,desktop,3.184,0
3158,control,West,desktop,6.036,0
3159,control,Midwest,desktop,5.945,0
3160,treatment,Midwest,desktop,1.677,0
3161,control,South,mobile,2.192,0
3162,control,Mountain,mobile,1.38,0
3163,control,Northeast,mobile,2.559,0
3164,control,Northeast,desktop,7.28,0
3165,treatment,Mountain,mobile,11.026,0
3166,treatment,Mountain,desktop,12.766,0
3167,control,Northeast,mobile,1.728,0
3168,control,South,mobile,12.468,0
3169,treatment,West,desktop,12.001,0
3170,treatment,South,desktop,3.404,0
3171,treatment,Mountain,mobile,6.252,0
3172,treatment,South,mobile,2.57,0
3173,control,West,mobile,3.931,0
3174,control,Mountain,desktop,1.234,1
3175,treatment,Mountain,mobile,4.054,1
3176,treatment,West,desktop,1.505,0
3177,treatment,Northeast,desktop,3.323,0
3178,control,West,mobile,26.309,0
3179,treatment,West,mobile,8.599,0
3180,treatment,Northeast,mobile,1.507,0
3181,treatment,West,desktop,2.076,0
3182,treatment,West,desktop,5.282,0
3183,treatment,Northeast,mobile,8.041,0
3184,treatment,Mountain,desktop,1.295,1
3185,treatment,Northeast,desktop,2.074,0
3186,control,Midwest,mobile,3.009,0
3187,treatment,South,desktop,1.705,0
3188,treatment,Mountain,desktop,6.096,1
3189,treatment,Midwest,desktop,6.098,0
3190,control,Mountain,mobile,5.376,0
3191,control,Northeast,mobile,2.24,0
3192,control,West,mobile,0.656,0
3193,treatment,Midwest,mobile,4.854,0
3194,treatment,Midwest,mobile,6.37,1
3195,control,Midwest,mobile,5.162,0
3196,control,West,mobile,13.474,0
3197,treatment,West,desktop,3.852,0
3198,control,West,mobile,2.703,0
3199,treatment,South,mobile,8.672,0
3200,control,Midwest,mobile,2.222,0
3201,treatment,West,mobile,7.504,0
3202,control,West,mobile,2.55,0
3203,treatment,South,desktop,6.658,0
3204,treatment,Midwest,mobile,1.569,0
3205,treatment,West,mobile,1.759,0
3206,control,Midwest,mobile,1.444,0
3207,treatment,Northeast,desktop,5.77,0
3208,control,Midwest,mobile,8.646,0
3209,control,South,desktop,2.858,0
3210,treatment,Northeast,mobile,2.283,0
3211,control,Northeast,mobile,5.478,0
3212,control,South,desktop,1.652,0
3213,control,South,desktop,7.563,0
3214,control,West,mobile,1.612,0
3215,control,Mountain,desktop,1.611,0
3216,control,West,desktop,7.636,1
3217,control,Midwest,desktop,0.511,0
3218,treatment,West,mobile,3.036,0
3219,control,Midwest,mobile,2.51,0
3220,control,Northeast,desktop,2.719,0
3221,treatment,Midwest,desktop,9.61,1
3222,control,Mountain,mobile,11.373,0
3223,control,South,mobile,1.195,0
3224,control,Northeast,desktop,8.914,0
3225,treatment,Midwest,mobile,3.201,0
3226,treatment,South,mobile,20.235,0
3227,control,Northeast,mobile,5.521,0
3228,treatment,West,desktop,1.375,0
3229,control,South,desktop,5.417,0
3230,treatment,West,mobile,4.027,0
3231,treatment,Northeast,mobile,0.961,0
3232,treatment,Northeast,mobile,5.233,0
3233,control,Northeast,desktop,7.332,1
3234,treatment,West,desktop,13.36,0
3235,control,Midwest,desktop,3.539,0
3236,treatment,Midwest,mobile,4.736,0
3237,control,Mountain,desktop,3.248,0
3238,treatment,Mountain,mobile,5.958,0
3239,treatment,South,desktop,2.565,0
3240,control,West,mobile,4.111,0
3241,control,Midwest,mobile,3.49,0
3242,treatment,West,desktop,1.329,0
3243,control,Midwest,mobile,0.463,0
3244,treatment,Mountain,mobile,11.008,0
3245,control,Northeast,desktop,1.497,0
3246,treatment,Northeast,desktop,5.879,0
3247,control,Northeast,mobile,0.857,0
3248,treatment,Mountain,mobile,1.902,0
3249,control,Mountain,desktop,2.215,1
3250,treatment,Northeast,desktop,5.329,0
3251,treatment,Northeast,mobile,5.775,0
3252,control,South,mobile,2.375,0
3253,control,Midwest,desktop,10.083,0
3254,treatment,Mountain,mobile,2.071,0
3255,control,Mountain,desktop,3.909,0
3256,control,West,desktop,6.214,0
3257,control,Midwest,desktop,2.27,0
3258,control,West,desktop,3.409,1
3259,control,South,mobile,6.636,0
3260,treatment,West,mobile,2.835,0
3261,control,Mountain,mobile,1.088,0
3262,treatment,Midwest,mobile,2.446,0
3263,control,West,mobile,8.821,0
3264,control,West,desktop,6.95,0
3265,control,South,mobile,2.662,0
3266,treatment,South,desktop,0.911,0
3267,treatment,Midwest,desktop,3.179,0
3268,treatment,South,desktop,1.184,0
3269,treatment,West,mobile,6.548,0
3270,control,Mountain,desktop,2.766,0
3271,control,South,mobile,10.097,0
3272,control,Northeast,mobile,8.591,0
3273,control,West,desktop,2.244,0
3274,control,Mountain,mobile,7.356,0
3275,control,West,mobile,8.585,0
3276,treatment,West,mobile,8.905,0
3277,control,Mountain,mobile,10.203,0
3278,treatment,Midwest,mobile,3.261,0
3279,treatment,West,desktop,1.659,0
3280,control,Northeast,mobile,4.719,0
3281,control,Northeast,mobile,3.55,0
3282,treatment,West,desktop,8.487,0
3283,treatment,West,mobile,1.493,1
3284,treatment,Midwest,desktop,8.036,1
3285,treatment,Northeast,mobile,7.242,0
3286,control,South,desktop,2.251,0
3287,treatment,West,desktop,2.993,1
3288,treatment,Northeast,desktop,1.667,0
3289,treatment,Northeast,desktop,2.203,0
3290,control,Midwest,mobile,3.653,0
3291,treatment,South,mobile,11.318,0
3292,control,Midwest,mobile,1.201,0
3293,treatment,South,desktop,5.806,0
3294,control,West,desktop,9.256,0
3295,treatment,Midwest,mobile,0.711,0
3296,control,Midwest,mobile,9.164,0
3297,treatment,Northeast,desktop,1.726,0
3298,control,South,desktop,0.855,0
3299,control,Mountain,desktop,3.201,0
3300,treatment,Midwest,mobile,11.005,0
3301,control,Mountain,mobile,5.541,0
3302,control,South,desktop,3.869,0
3303,treatment,Midwest,desktop,5.998,0
3304,control,Northeast,mobile,1.928,0
3305,treatment,Midwest,mobile,10.056,0
3306,control,Northeast,mobile,3.523,0
3307,treatment,South,mobile,11.266,0
3308,control,Northeast,mobile,2.796,0
3309,treatment,South,mobile,5.903,0
3310,control,West,mobile,8.728,1
3311,treatment,West,desktop,4.433,1
3312,treatment,South,mobile,6.909,0
3313,treatment,South,mobile,4.914,0
3314,treatment,Northeast,desktop,3.355,0
3315,control,Northeast,mobile,4.848,0
3316,control,West,desktop,10.011,0
3317,treatment,West,mobile,10.304,0
3318,control,Northeast,desktop,6.365,0
3319,control,Midwest,desktop,6.561,0
3320,control,Mountain,mobile,2.088,0
3321,treatment,Northeast,desktop,3.387,0
3322,control,Northeast,mobile,10.82,1
3323,control,Midwest,mobile,15.306,0
3324,control,South,mobile,1.144,0
3325,control,West,mobile,5.084,0
3326,control,West,mobile,2.685,0
3327,treatment,West,mobile,11.05,0
3328,treatment,South,mobile,4.719,0
3329,treatment,West,mobile,3.431,0
3330,treatment,Mountain,mobile,3.941,0
3331,control,South,mobile,2.489,0
3332,treatment,Midwest,mobile,10.25,0
3333,control,South,desktop,3.638,0
3334,control,Northeast,mobile,9.88,1
3335,treatment,West,mobile,9.865,0
3336,control,South,desktop,1.18,0
3337,treatment,Midwest,mobile,3.206,1
3338,control,West,desktop,4.908,0
3339,control,West,mobile,2.38,0
3340,control,South,mobile,1.941,0
3341,control,West,desktop,2.146,1
3342,treatment,West,mobile,7.094,0
3343,control,West,desktop,4.786,0
3344,treatment,Midwest,mobile,9.756,0
3345,treatment,Mountain,desktop,0.951,0
3346,treatment,Northeast,mobile,0.713,0
3347,treatment,South,mobile,6.539,1
3348,control,Northeast,desktop,7.636,0
3349,treatment,West,mobile,5.452,0
3350,treatment,West,desktop,3.315,0
3351,control,South,mobile,5.352,0
3352,control,South,desktop,4.878,0
3353,treatment,Midwest,mobile,2.512,0
3354,treatment,West,desktop,4.711,1
3355,control,Northeast,mobile,14.552,0
3356,control,South,mobile,2.569,0
3357,treatment,Northeast,desktop,13.793,0
3358,control,West,mobile,8.982,0
3359,control,South,desktop,5.104,0
3360,treatment,South,mobile,0.382,0
3361,treatment,Midwest,mobile,0.997,0
3362,control,Mountain,desktop,3.201,0
3363,control,Northeast,mobile,6.097,1
3364,treatment,West,mobile,11.062,0
3365,control,Midwest,mobile,4.761,0
3366,treatment,West,mobile,2.006,0
3367,treatment,Midwest,desktop,0.896,0
3368,control,West,mobile,4.132,0
3369,control,Midwest,mobile,7.336,1
3370,treatment,Northeast,desktop,6.18,1
3371,treatment,Midwest,mobile,1.931,0
3372,control,West,desktop,4.552,0
3373,control,South,mobile,4.188,0
3374,treatment,Midwest,mobile,3.809,0
3375,control,Midwest,desktop,2.208,0
3376,control,South,desktop,11.058,0
3377,control,Northeast,mobile,2.983,0
3378,treatment,Midwest,mobile,10.704,0
3379,treatment,South,desktop,8.018,0
3380,treatment,Midwest,mobile,4.131,0
3381,control,West,desktop,6.847,0
3382,control,Mountain,mobile,12.164,0
3383,control,South,mobile,4.899,0
3384,control,South,desktop,4.046,0
3385,treatment,Northeast,mobile,10.721,0
3386,treatment,West,desktop,5.353,0
3387,treatment,West,desktop,8.904,0
3388,control,Mountain,desktop,6.197,0
3389,treatment,West,desktop,4.45,0
3390,treatment,West,mobile,4.002,0
3391,treatment,Mountain,desktop,7.672,0
3392,control,Northeast,mobile,4.889,1
3393,control,Midwest,mobile,1.758,0
3394,control,South,desktop,4.064,0
3395,control,Mountain,mobile,5.456,0
3396,control,West,mobile,14.48,0
3397,treatment,West,mobile,3.095,1
3398,treatment,West,desktop,2.87,0
3399,treatment,West,mobile,7.677,0
3400,treatment,Mountain,desktop,3.648,0
3401,control,West,mobile,8.203,0
3402,treatment,Midwest,desktop,6.321,0
3403,treatment,Midwest,mobile,5.377,0
3404,treatment,South,desktop,3.653,0
3405,control,Mountain,mobile,8.399,0
3406,control,South,desktop,3.189,0
3407,control,South,mobile,2.554,0
3408,control,West,desktop,5.155,0
3409,control,Northeast,mobile,17.521,0
3410,control,South,desktop,9.234,0
3411,treatment,Midwest,mobile,3.479,0
3412,treatment,South,mobile,1.299,1
3413,treatment,West,mobile,12.913,0
3414,control,Northeast,desktop,4.757,0
3415,treatment,Mountain,desktop,7.855,0
3416,control,Midwest,desktop,6.361,0
3417,control,West,mobile,5.327,0
3418,control,South,mobile,10.53,0
3419,treatment,Midwest,desktop,5.245,0
3420,treatment,West,mobile,4.065,1
3421,control,West,mobile,4.724,0
3422,treatment,Midwest,mobile,2.083,0
3423,control,Midwest,mobile,13.408,0
3424,control,Northeast,mobile,2.885,0
3425,treatment,West,mobile,1.828,0
3426,treatment,Mountain,desktop,5.538,0
3427,control,Northeast,desktop,1.853,1
3428,control,South,desktop,8.096,1
3429,treatment,South,mobile,9.448,0
3430,treatment,Mountain,mobile,2.755,0
3431,treatment,South,mobile,2.575,0
3432,control,Northeast,desktop,7.614,0
3433,treatment,Mountain,desktop,0.877,0
3434,control,South,mobile,1.643,0
3435,treatment,South,mobile,4.525,0
3436,treatment,Mountain,mobile,0.932,0
3437,control,Midwest,mobile,0.954,0
3438,control,Mountain,mobile,5.055,0
3439,control,West,desktop,1.584,0
3440,control,West,desktop,5.658,0
3441,control,Northeast,mobile,4.96,0
3442,treatment,South,mobile,7.175,0
3443,control,Midwest,mobile,3.046,0
3444,control,Midwest,mobile,5.125,0
3445,control,West,mobile,11.669,0
3446,treatment,Midwest,mobile,0.793,0
3447,control,Midwest,mobile,8.34,0
3448,treatment,South,desktop,6.268,0
3449,treatment,Mountain,desktop,4.25,0
3450,treatment,Midwest,mobile,1.94,0
3451,control,Midwest,desktop,4.009,1
3452,control,Northeast,desktop,7.747,0
3453,treatment,West,desktop,9.41,0
3454,treatment,West,desktop,11.131,0
3455,treatment,South,desktop,5.444,0
3456,control,South,mobile,0.4,0
3457,treatment,West,desktop,9.026,1
3458,treatment,West,mobile,3.814,0
3459,control,Midwest,mobile,4.517,0
3460,control,Midwest,mobile,1.258,0
3461,control,Midwest,desktop,0.938,0
3462,treatment,Midwest,desktop,2.544,0
3463,control,Northeast,desktop,1.833,0
3464,control,Midwest,desktop,10.988,0
3465,control,West,mobile,2.45,0
3466,treatment,Mountain,mobile,1.805,0
3467,treatment,South,mobile,8.167,0
3468,treatment,South,mobile,4.265,0
3469,treatment,South,mobile,5.793,1
3470,control,Mountain,mobile,10.362,1
3471,treatment,Northeast,desktop,9.498,0
3472,control,West,mobile,5.477,0
3473,control,West,mobile,4.393,0
3474,control,West,desktop,1.132,0
3475,treatment,South,desktop,6.873,0
3476,treatment,Midwest,mobile,1.453,0
3477,control,Northeast,desktop,5.657,0
3478,treatment,West,desktop,6.602,0
3479,control,Mountain,desktop,4.152,0
3480,treatment,Northeast,mobile,5.039,0
3481,control,Midwest,desktop,2.708,1
3482,treatment,South,mobile,2.554,0
3483,treatment,South,desktop,3.621,0
3484,treatment,South,desktop,3.067,0
3485,control,South,mobile,10.11,0
3486,treatment,Northeast,mobile,11.904,0
3487,treatment,West,mobile,3.765,0
3488,control,Northeast,mobile,1.806,0
3489,control,Midwest,mobile,4.357,0
3490,treatment,Northeast,mobile,9.441,1
3491,control,Midwest,mobile,3.83,0
3492,treatment,Mountain,mobile,0.76,1
3493,treatment,West,desktop,7.023,1
3494,control,South,mobile,4.906,0
3495,treatment,West,desktop,4.467,1
3496,treatment,Midwest,mobile,3.053,0
3497,control,West,mobile,1.812,0
3498,control,Midwest,mobile,7.722,0
3499,treatment,Midwest,mobile,6.341,0
3500,control,South,mobile,6.206,0
3501,control,Northeast,mobile,4.471,0
3502,treatment,West,mobile,2.842,0
3503,control,West,desktop,3.35,0
3504,control,Midwest,mobile,2.251,0
3505,treatment,West,desktop,17.439,0
3506,treatment,Northeast,mobile,9.832,1
3507,treatment,Northeast,mobile,3.989,0
3508,treatment,Mountain,mobile,5.535,0
3509,treatment,West,desktop,5.097,0
3510,control,South,mobile,5.048,0
3511,treatment,South,mobile,10.65,0
3512,control,Midwest,mobile,4.509,0
3513,control,West,desktop,1.819,0
3514,control,West,desktop,3.907,0
3515,treatment,Midwest,mobile,1.215,0
3516,control,Northeast,mobile,19.38,0
3517,control,Mountain,mobile,1.021,0
3518,treatment,Northeast,mobile,12.318,0
3519,control,Midwest,mobile,4.842,0
3520,control,West,desktop,4.561,0
3521,treatment,Northeast,mobile,1.58,0
3522,control,Midwest,desktop,2.815,0
3523,control,South,desktop,8.106,0
3524,treatment,Mountain,mobile,1.813,1
3525,control,Northeast,mobile,3.705,1
3526,control,West,mobile,8.197,0
3527,treatment,West,mobile,1.911,0
3528,control,Mountain,desktop,3.309,0
3529,control,Midwest,mobile,1.414,0
3530,control,Northeast,mobile,2.308,0
3531,treatment,West,mobile,12.725,0
3532,control,Midwest,mobile,2.901,0
3533,treatment,South,mobile,6.069,0
3534,treatment,West,mobile,12.996,0
3535,treatment,South,mobile,9.351,0
3536,control,West,mobile,6.376,0
3537,treatment,South,mobile,0.348,0
3538,control,Northeast,mobile,6.266,0
3539,control,West,desktop,4.646,0
3540,treatment,West,mobile,2.812,0
3541,control,West,desktop,2.96,0
3542,treatment,Midwest,mobile,0.293,0
3543,control,South,mobile,1.052,0
3544,treatment,Mountain,mobile,10.343,0
3545,control,West,desktop,2.312,0
3546,treatment,South,mobile,1.314,0
3547,treatment,Midwest,desktop,5.232,0
3548,control,South,desktop,3.981,0
3549,treatment,West,desktop,8.044,0
3550,control,West,mobile,7.053,0
3551,control,South,desktop,0.1,0
3552,treatment,West,mobile,7.12,0
3553,control,South,desktop,0.341,0
3554,treatment,West,mobile,9.342,0
3555,control,South,desktop,2.499,0
3556,treatment,South,mobile,1.984,0
3557,treatment,Northeast,desktop,1.997,0
3558,treatment,West,mobile,2.279,1
3559,treatment,West,mobile,5.302,0
3560,control,Northeast,desktop,3.67,0
3561,treatment,Northeast,desktop,7.522,0
3562,treatment,South,mobile,2.944,0
3563,control,Midwest,desktop,11.086,0
3564,treatment,Northeast,desktop,4.83,0
3565,control,South,mobile,5.078,0
3566,control,Mountain,desktop,5.635,0
3567,control,West,mobile,2.211,0
3568,control,West,mobile,9.172,0
3569,control,South,mobile,5.489,0
3570,treatment,West,desktop,0.847,0
3571,control,West,mobile,6.334,0
3572,control,West,desktop,1.523,0
3573,control,West,desktop,1.242,1
3574,control,Midwest,desktop,3.628,0
3575,control,South,mobile,1.368,0
3576,treatment,West,mobile,5.594,0
3577,treatment,West,desktop,3.385,0
3578,treatment,Northeast,mobile,0.929,0
3579,treatment,Mountain,desktop,9.288,0
3580,treatment,West,mobile,2.745,0
3581,treatment,Mountain,mobile,5.143,0
3582,control,Northeast,mobile,8.168,1
3583,control,Midwest,mobile,1.886,0
3584,control,Midwest,mobile,2.696,0
3585,treatment,Northeast,desktop,3.398,0
3586,control,Northeast,mobile,5.996,1
3587,control,Northeast,mobile,1.078,0
3588,control,Midwest,mobile,4.895,0
3589,treatment,Midwest,desktop,17.386,0
3590,control,West,mobile,18.664,0
3591,control,West,mobile,0.869,0
3592,treatment,West,mobile,15.63,0
3593,control,West,desktop,3.941,0
3594,control,South,desktop,6.585,0
3595,treatment,West,mobile,8.557,0
3596,control,South,desktop,6.492,0
3597,control,West,desktop,9.017,0
3598,treatment,Midwest,mobile,9.226,1
3599,control,Midwest,desktop,5.261,0
3600,treatment,Midwest,desktop,7.937,1
3601,control,South,mobile,0.636,0
3602,treatment,Midwest,desktop,3.474,1
3603,control,Mountain,mobile,4.951,0
3604,treatment,South,desktop,7.271,0
3605,control,West,mobile,5.328,0
3606,treatment,Midwest,mobile,8.38,0
3607,control,West,desktop,7.882,0
3608,control,South,desktop,4.797,0
3609,control,Midwest,mobile,0.98,0
3610,control,Mountain,mobile,14.909,0
3611,treatment,Northeast,mobile,6.234,0
3612,treatment,West,mobile,6.366,0
3613,treatment,Mountain,mobile,4.003,0
3614,treatment,West,mobile,4.127,0
3615,control,Northeast,desktop,3.629,0
3616,treatment,South,mobile,5.785,0
3617,treatment,South,desktop,9.977,0
3618,control,Northeast,desktop,4.292,0
3619,control,Midwest,desktop,8.261,0
3620,control,West,desktop,6.757,0
3621,treatment,Midwest,mobile,8.659,0
3622,control,Northeast,mobile,3.789,0
3623,control,Midwest,desktop,8.155,0
3624,control,South,mobile,7.153,0
3625,control,South,mobile,3.091,0
3626,treatment,West,mobile,3.913,0
3627,control,Midwest,mobile,1.882,0
3628,treatment,Northeast,desktop,9.345,0
3629,control,South,desktop,3.2,1
3630,treatment,South,desktop,7.29,0
3631,treatment,South,desktop,9.752,0
3632,control,South,desktop,6.634,0
3633,control,South,desktop,2.802,0
3634,control,South,mobile,3.44,0
3635,treatment,Northeast,desktop,2.356,0
3636,control,Northeast,mobile,13.65,0
3637,control,Midwest,desktop,7.319,0
3638,treatment,West,desktop,13.421,0
3639,treatment,Northeast,desktop,2.397,0
3640,treatment,Mountain,mobile,10.928,0
3641,treatment,Midwest,mobile,2.363,0
3642,control,South,desktop,3.44,0
3643,control,South,mobile,8.878,0
3644,control,South,mobile,4.717,0
3645,control,South,mobile,3.217,0
3646,control,West,desktop,5.665,0
3647,treatment,Mountain,desktop,8.146,0
3648,treatment,Northeast,desktop,12.242,0
3649,control,West,desktop,2.164,0
3650,treatment,Midwest,mobile,1.432,0
3651,control,South,mobile,0.1,0
3652,control,West,mobile,6.457,0
3653,treatment,West,mobile,3.436,0
3654,control,South,mobile,4.879,0
3655,treatment,West,mobile,4.309,0
3656,treatment,Northeast,mobile,2.83,0
3657,treatment,West,mobile,5.269,0
3658,control,West,mobile,11.691,0
3659,treatment,West,mobile,9.092,0
3660,control,Midwest,mobile,4.776,0
3661,control,South,mobile,11.378,0
3662,treatment,South,desktop,6.171,1
3663,treatment,Northeast,mobile,12.257,0
3664,treatment,West,mobile,5.74,0
3665,control,South,mobile,1.237,0
3666,control,Midwest,desktop,9.105,0
3667,treatment,South,desktop,8.757,0
3668,control,South,desktop,4.122,0
3669,treatment,Midwest,desktop,3.193,1
3670,treatment,Midwest,mobile,6.361,0
3671,treatment,Mountain,mobile,3.01,0
3672,treatment,Mountain,mobile,9.877,0
3673,control,Midwest,mobile,11.57,0
3674,control,Northeast,desktop,6.763,0
3675,control,Midwest,mobile,4.153,0
3676,treatment,Midwest,desktop,4.742,0
3677,treatment,West,mobile,4.091,0
3678,control,South,desktop,3.623,0
3679,control,Northeast,mobile,15.76,0
3680,control,West,mobile,6.215,0
3681,control,Midwest,mobile,2.456,0
3682,control,Northeast,mobile,5.236,0
3683,control,Midwest,desktop,8.701,0
3684,treatment,West,mobile,5.399,0
3685,treatment,Midwest,mobile,15.963,0
3686,treatment,Northeast,mobile,3.038,0
3687,treatment,Midwest,mobile,4.512,0
3688,treatment,West,mobile,8.549,0
3689,treatment,West,mobile,1.255,0
3690,treatment,South,mobile,13.738,0
3691,treatment,South,mobile,3.493,0
3692,treatment,Northeast,desktop,2.12,0
3693,treatment,Mountain,mobile,4.536,0
3694,treatment,South,mobile,2.249,0
3695,treatment,West,mobile,6.782,0
3696,treatment,Midwest,desktop,11.726,0
3697,treatment,Midwest,desktop,0.684,1
3698,control,South,mobile,15.452,0
3699,treatment,Midwest,desktop,6.774,0
3700,treatment,West,mobile,1.62,0
3701,control,Midwest,mobile,7.697,0
3702,treatment,Northeast,desktop,3.995,0
3703,treatment,West,desktop,7.779,0
3704,treatment,West,desktop,2.315,0
3705,control,West,mobile,1.22,0
3706,control,Northeast,mobile,9.662,0
3707,control,West,mobile,2.641,0
3708,treatment,Midwest,mobile,22.047,0
3709,control,South,mobile,13.1,0
3710,treatment,South,mobile,8.467,0
3711,control,West,mobile,2.907,0
3712,control,West,mobile,1.649,0
3713,control,Mountain,mobile,7.96,0
3714,treatment,Midwest,mobile,3.546,1
3715,treatment,South,mobile,8.932,0
3716,treatment,South,mobile,7.09,0
3717,control,South,desktop,16.404,0
3718,control,West,desktop,6.009,0
3719,control,Midwest,mobile,6.299,0
3720,control,Mountain,desktop,3.259,0
3721,treatment,West,mobile,8.681,0
3722,treatment,South,mobile,1.304,0
3723,treatment,West,desktop,11.174,0
3724,treatment,Northeast,desktop,3.3,0
3725,control,West,mobile,5.558,0
3726,treatment,South,mobile,9.053,0
3727,control,Midwest,desktop,0.361,0
3728,control,West,mobile,1.668,0
3729,treatment,West,mobile,7.944,0
3730,treatment,Northeast,desktop,1.577,0
3731,control,South,desktop,1.55,0
3732,treatment,Midwest,mobile,5.005,1
3733,control,Midwest,mobile,9.397,0
3734,control,West,mobile,3.628,1
3735,treatment,Northeast,mobile,9.68,0
3736,treatment,Northeast,desktop,8.932,0
3737,treatment,South,mobile,1.816,0
3738,control,Northeast,mobile,6.669,0
3739,treatment,Northeast,desktop,3.803,0
3740,control,West,desktop,9.588,0
3741,control,West,mobile,13.119,0
3742,control,South,mobile,13.192,0
3743,control,South,desktop,9.309,0
3744,control,Northeast,mobile,7.063,0
3745,treatment,South,mobile,0.857,0
3746,control,Midwest,desktop,10.983,0
3747,control,Northeast,desktop,1.861,0
3748,control,Midwest,mobile,6.504,0
3749,treatment,Midwest,mobile,3.451,0
3750,control,Midwest,mobile,2.107,0
3751,treatment,Midwest,mobile,6.19,0
3752,treatment,Midwest,desktop,5.314,0
3753,treatment,West,mobile,2.285,0
3754,treatment,Northeast,desktop,8.416,0
3755,treatment,Midwest,mobile,3.233,0
3756,treatment,West,desktop,2.552,1
3757,treatment,Midwest,desktop,0.959,0
3758,control,Northeast,mobile,1.817,1
3759,control,West,mobile,7.039,0
3760,treatment,West,desktop,11.15,0
3761,control,West,desktop,2.714,0
3762,treatment,Midwest,mobile,2.104,0
3763,control,West,mobile,1.809,0
3764,control,South,mobile,0.967,0
3765,treatment,South,desktop,5.699,0
3766,control,West,mobile,3.793,0
3767,control,West,desktop,4.599,0
3768,control,South,desktop,1.919,0
3769,control,South,mobile,5.671,0
3770,treatment,Midwest,mobile,5.823,0
3771,control,West,mobile,8.587,0
3772,control,Midwest,desktop,7.589,0
3773,treatment,Mountain,mobile,9.372,0
3774,control,Midwest,mobile,6.471,0
3775,treatment,West,mobile,3.478,0
3776,treatment,Mountain,desktop,21.8,0
3777,control,Midwest,desktop,2.454,0
3778,control,South,mobile,2.174,0
3779,control,Midwest,mobile,1.647,1
3780,treatment,Northeast,desktop,2.055,0
3781,treatment,West,desktop,6.686,0
3782,control,West,mobile,1.975,0
3783,control,Northeast,desktop,3.96,0
3784,control,West,mobile,5.049,0
3785,control,West,desktop,4.218,1
3786,treatment,South,mobile,1.649,0
3787,control,Midwest,desktop,4.059,1
3788,treatment,Midwest,mobile,4.739,0
3789,control,South,mobile,5.1,0
3790,treatment,Midwest,mobile,2.221,0
3791,control,Midwest,desktop,3.143,0
3792,treatment,South,mobile,13.029,0
3793,treatment,Northeast,mobile,7.893,0
3794,treatment,Mountain,mobile,1.278,0
3795,control,South,mobile,4.603,0
3796,treatment,South,desktop,2.824,0
3797,control,Midwest,mobile,9.174,0
3798,treatment,South,mobile,2.651,0
3799,treatment,Northeast,mobile,6.194,0
3800,treatment,Midwest,desktop,4.192,0
3801,treatment,Midwest,mobile,3.234,0
3802,treatment,Northeast,desktop,1.499,0
3803,control,Northeast,desktop,4.155,1
3804,control,Northeast,mobile,12.026,0
3805,treatment,Midwest,mobile,4.201,0
3806,treatment,West,mobile,12.067,0
3807,control,West,mobile,22.217,0
3808,treatment,West,mobile,0.976,1
3809,treatment,Midwest,desktop,16.609,0
3810,treatment,Mountain,desktop,15.118,0
3811,treatment,Midwest,mobile,5.579,1
3812,control,West,mobile,4.351,1
3813,treatment,Mountain,mobile,3.522,0
3814,control,South,desktop,1.23,0
3815,control,West,mobile,1.262,0
3816,control,Mountain,mobile,6.466,0
3817,control,Northeast,desktop,4.124,0
3818,control,Midwest,mobile,10.268,0
3819,control,West,desktop,8.586,0
3820,control,South,desktop,3.603,1
3821,control,Northeast,mobile,1.382,0
3822,treatment,West,desktop,5.717,0
3823,treatment,South,desktop,5.546,0
3824,control,Midwest,mobile,0.396,0
3825,control,Midwest,mobile,9.366,0
3826,control,Midwest,desktop,0.57,0
3827,control,Midwest,desktop,6.935,0
3828,control,South,desktop,6.28,0
3829,treatment,South,mobile,3.21,0
3830,control,West,mobile,2.574,0
3831,treatment,Northeast,desktop,0.969,0
3832,control,South,desktop,2.692,0
3833,control,West,desktop,3.871,0
3834,treatment,Midwest,mobile,3.997,0
3835,control,South,mobile,3.467,0
3836,treatment,West,mobile,11.079,0
3837,treatment,Midwest,desktop,3.341,1
3838,control,Midwest,desktop,0.92,0
3839,treatment,Northeast,mobile,5.548,0
3840,control,Northeast,desktop,10.633,0
3841,control,Mountain,mobile,16.869,0
3842,control,West,mobile,2.339,0
3843,treatment,Mountain,mobile,2.268,0
3844,control,Northeast,mobile,1.566,0
3845,treatment,Midwest,desktop,2.264,0
3846,control,Northeast,desktop,7.61,0
3847,control,South,mobile,5.029,0
3848,treatment,West,mobile,4.925,0
3849,control,West,mobile,3.59,0
3850,treatment,South,mobile,1.862,0
3851,treatment,Northeast,mobile,10.837,0
3852,control,Northeast,mobile,8.858,0
3853,control,West,desktop,2.651,1
3854,treatment,West,mobile,3.334,0
3855,control,South,desktop,4.744,0
3856,control,West,desktop,2.63,0
3857,control,Northeast,mobile,4.245,0
3858,control,West,mobile,3.395,0
3859,control,West,desktop,7.403,0
3860,treatment,Northeast,desktop,11.999,0
3861,control,West,desktop,9.524,1
3862,control,Midwest,mobile,1.562,0
3863,control,Northeast,mobile,4.527,0
3864,control,West,desktop,10.083,1
3865,treatment,West,mobile,4.879,1
3866,control,South,mobile,0.385,0
3867,control,Northeast,mobile,8.574,0
3868,treatment,Northeast,mobile,1.604,0
3869,control,Northeast,mobile,4.807,0
3870,control,South,desktop,2.168,0
3871,control,Midwest,mobile,4.208,0
3872,treatment,Midwest,mobile,4.548,1
3873,control,Mountain,mobile,3.24,0
3874,treatment,Northeast,mobile,1.628,0
3875,control,West,mobile,6.366,0
3876,control,Northeast,mobile,3.812,0
3877,control,Mountain,desktop,0.496,0
3878,control,Northeast,mobile,6.164,0
3879,treatment,West,desktop,3.696,1
3880,treatment,Northeast,desktop,2.018,0
3881,control,West,mobile,5.028,0
3882,treatment,Midwest,mobile,2.327,0
3883,control,West,desktop,7.495,0
3884,treatment,Northeast,mobile,5.824,0
3885,control,South,mobile,4.193,0
3886,treatment,South,mobile,4.556,0
3887,treatment,West,mobile,2.211,0
3888,control,West,desktop,0.834,0
3889,control,West,desktop,3.575,0
3890,control,Midwest,mobile,2.718,0
3891,control,Midwest,desktop,12.634,0
3892,control,South,desktop,9.484,0
3893,control,South,mobile,3.745,0
3894,control,Midwest,desktop,5.633,0
3895,treatment,Northeast,desktop,16.339,0
3896,control,Northeast,desktop,7.078,0
3897,control,Midwest,mobile,3.23,0
3898,control,Northeast,mobile,2.384,0
3899,treatment,Mountain,mobile,2.574,0
3900,control,Midwest,mobile,4.82,0
3901,control,South,desktop,3.386,0
3902,control,Northeast,desktop,4.77,0
3903,treatment,Mountain,desktop,2.337,0
3904,treatment,Mountain,mobile,10.14,0
3905,control,West,mobile,2.573,0
3906,control,South,mobile,2.886,0
3907,treatment,Midwest,mobile,10.238,0
3908,treatment,West,desktop,5.865,0
3909,control,West,mobile,11.681,0
3910,treatment,West,mobile,3.609,0
3911,treatment,South,mobile,10.407,0
3912,treatment,South,mobile,3.765,0
3913,control,Mountain,desktop,1.502,0
3914,control,South,mobile,4.443,1
3915,treatment,South,mobile,7.674,0
3916,treatment,West,mobile,1.245,0
3917,control,South,mobile,9.786,1
3918,control,Northeast,desktop,10.397,0
3919,treatment,South,mobile,0.961,1
3920,treatment,Northeast,mobile,9.018,0
3921,treatment,South,mobile,4.777,0
3922,control,Midwest,mobile,1.122,0
3923,treatment,South,mobile,9.865,0
3924,control,South,mobile,3.814,0
3925,treatment,Northeast,mobile,11.071,0
3926,treatment,Midwest,mobile,17.414,0
3927,treatment,Midwest,mobile,2.244,0
3928,control,Mountain,mobile,2.785,0
3929,treatment,Mountain,mobile,3.239,1
3930,control,South,desktop,1.396,0
3931,treatment,West,mobile,1.396,0
3932,control,Midwest,desktop,4.417,0
3933,control,Mountain,desktop,4.248,0
3934,control,Midwest,mobile,3.198,0
3935,treatment,South,mobile,0.454,0
3936,treatment,West,desktop,4.813,0
3937,control,West,mobile,3.838,0
3938,treatment,West,mobile,7.38,0
3939,control,West,desktop,1.018,1
3940,treatment,South,desktop,8.315,1
3941,control,Midwest,mobile,5.659,0
3942,control,Mountain,desktop,2.86,0
3943,control,Midwest,mobile,3.503,0
3944,control,Northeast,mobile,10.698,0
3945,control,South,desktop,2.292,1
3946,treatment,West,mobile,3.516,0
3947,treatment,Midwest,desktop,12.886,0
3948,treatment,West,mobile,8.611,1
3949,control,Northeast,mobile,5.285,0
3950,control,Northeast,mobile,2.196,0
3951,treatment,Northeast,desktop,1.009,0
3952,treatment,Midwest,mobile,6.147,0
3953,control,West,mobile,3.951,0
3954,treatment,West,mobile,1.961,0
3955,control,Northeast,mobile,1.63,0
3956,control,Northeast,mobile,2.426,0
3957,treatment,Midwest,desktop,13.23,0
3958,treatment,West,mobile,3.292,0
3959,control,South,desktop,3.421,0
3960,control,Midwest,desktop,1.778,0
3961,treatment,West,mobile,2.235,0
3962,treatment,Mountain,desktop,9.753,0
3963,control,West,mobile,4.92,1
3964,treatment,Mountain,mobile,6.627,0
3965,treatment,Mountain,mobile,6.074,0
3966,treatment,West,desktop,0.653,0
3967,treatment,Northeast,mobile,8.749,0
3968,control,West,desktop,8.555,0
3969,treatment,West,mobile,6.643,0
3970,treatment,South,desktop,9.385,0
3971,control,Midwest,desktop,8.979,0
3972,control,Midwest,mobile,3.78,0
3973,control,West,mobile,3.109,0
3974,treatment,South,mobile,7.558,0
3975,control,South,mobile,3.606,0
3976,treatment,West,mobile,7.317,0
3977,treatment,Northeast,desktop,18.929,1
3978,control,West,mobile,2.322,0
3979,control,Midwest,mobile,3.512,0
3980,control,South,desktop,10.665,0
3981,control,South,desktop,10.668,0
3982,treatment,South,desktop,11.598,0
3983,treatment,West,mobile,3.789,1
3984,treatment,Northeast,desktop,5.094,0
3985,treatment,Midwest,mobile,3.978,0
3986,treatment,Northeast,mobile,7.383,0
3987,control,West,desktop,5.976,0
3988,treatment,Midwest,desktop,1.749,0
3989,treatment,Northeast,mobile,4.783,0
3990,treatment,West,desktop,1.702,0
3991,treatment,West,mobile,6.761,0
3992,treatment,Northeast,mobile,5.346,0
3993,treatment,Mountain,mobile,6.09,0
3994,control,Midwest,desktop,2.79,0
3995,treatment,Midwest,desktop,0.768,0
3996,treatment,West,mobile,8.389,0
3997,treatment,West,mobile,4.191,0
3998,control,Midwest,mobile,2.191,0
3999,treatment,Midwest,mobile,6.028,0
4000,treatment,Midwest,desktop,1.861,0
